timestamp,ticker,open,high,low,close,volume
1759310100,RELIANCE,1284.78,1295.83,1278.02,1289.66,13354248
1759396500,RELIANCE,1280.67,1306.82,1263.02,1294.99,10670366
1759482900,RELIANCE,1293.90,1312.10,1272.78,1307.88,7242660
1759742100,RELIANCE,1307.45,1342.89,1300.13,1326.23,7179424
1759828500,RELIANCE,1330.49,1335.73,1317.36,1323.97,6820991
1759914900,RELIANCE,1325.85,1362.15,1320.59,1351.65,5238253
1760001300,RELIANCE,1351.15,1354.88,1323.57,1344.35,8011873
1760087700,RELIANCE,1353.23,1363.82,1343.20,1350.31,8603372
1760346900,RELIANCE,1349.85,1370.14,1346.39,1364.58,17693520
1760433300,RELIANCE,1356.59,1378.05,1343.23,1346.86,8974941
1760519700,RELIANCE,1343.91,1357.66,1306.99,1330.09,12957661
1760606100,RELIANCE,1329.86,1344.78,1316.57,1338.96,10380200
1760692500,RELIANCE,1335.14,1356.35,1294.56,1324.03,9276032
1760951700,RELIANCE,1331.63,1366.63,1327.33,1340.27,10144725
1761038100,RELIANCE,1334.05,1359.86,1329.89,1353.78,6706292
1761124500,RELIANCE,1353.47,1359.70,1316.39,1332.40,9503706
1761210900,RELIANCE,1324.07,1356.60,1312.67,1348.55,12859588
1761297300,RELIANCE,1346.77,1357.09,1322.95,1351.80,5425552
1761556500,RELIANCE,1349.81,1363.29,1347.06,1352.82,4642975
1761642900,RELIANCE,1351.55,1389.27,1337.62,1377.46,8558203
1761729300,RELIANCE,1378.70,1390.02,1362.03,1384.25,13812264
1761815700,RELIANCE,1386.17,1392.22,1362.38,1367.45,6990070
1761902100,RELIANCE,1366.24,1391.85,1355.80,1366.54,16325785
1762161300,RELIANCE,1371.36,1387.72,1361.10,1363.95,6546472
1762247700,RELIANCE,1357.73,1383.15,1340.43,1376.26,7718200
1762334100,RELIANCE,1376.36,1379.72,1330.76,1339.06,14309224
1762420500,RELIANCE,1341.02,1359.27,1327.74,1354.68,11731068
1762506900,RELIANCE,1353.63,1387.74,1329.30,1368.58,5439301
1762766100,RELIANCE,1369.86,1383.46,1360.93,1368.96,7873643
1762852500,RELIANCE,1371.39,1382.18,1353.69,1370.70,15347376
1762938900,RELIANCE,1368.34,1385.97,1343.74,1359.90,9889987
1763025300,RELIANCE,1360.52,1392.66,1347.19,1384.07,15671487
1763111700,RELIANCE,1387.02,1401.27,1369.30,1395.92,9901581
1763370900,RELIANCE,1395.54,1412.11,1384.88,1405.59,7329356
1763457300,RELIANCE,1406.12,1437.78,1402.78,1423.74,6511941
1763543700,RELIANCE,1422.66,1432.06,1419.51,1427.99,4322101
1763630100,RELIANCE,1426.22,1443.04,1401.37,1408.96,25952830
1763716500,RELIANCE,1407.76,1425.06,1394.08,1401.78,11563257
1763975700,RELIANCE,1400.37,1407.45,1356.02,1378.43,8052179
1764062100,RELIANCE,1376.57,1389.33,1336.66,1351.68,6207070
1764148500,RELIANCE,1353.24,1377.17,1326.60,1370.85,7165829
1764234900,RELIANCE,1370.87,1396.12,1349.95,1373.86,10168037
1764321300,RELIANCE,1368.86,1372.09,1346.42,1359.12,8787604
1764580500,RELIANCE,1348.87,1395.15,1335.75,1380.35,9769113
1764666900,RELIANCE,1385.30,1409.75,1373.54,1402.86,6933566
1764753300,RELIANCE,1402.76,1417.74,1391.15,1402.07,8068642
1764839700,RELIANCE,1399.25,1410.07,1378.45,1387.78,11116472
1764926100,RELIANCE,1380.61,1402.21,1374.00,1387.35,8663399
1765185300,RELIANCE,1395.06,1404.98,1392.04,1396.17,6254561
1765271700,RELIANCE,1398.02,1431.16,1387.57,1421.09,11475640
1765358100,RELIANCE,1426.55,1448.53,1380.12,1404.74,4569717
1765444500,RELIANCE,1400.14,1407.10,1372.41,1391.27,3277715
1765530900,RELIANCE,1391.23,1398.02,1387.33,1394.96,14912985
1765790100,RELIANCE,1389.46,1397.55,1370.27,1393.76,10388323
1765876500,RELIANCE,1397.19,1445.48,1391.79,1434.89,10964695
1765962900,RELIANCE,1431.45,1445.62,1405.18,1437.46,7385642
1766049300,RELIANCE,1432.32,1438.06,1395.28,1421.51,9956441
1766135700,RELIANCE,1417.16,1441.00,1401.77,1431.51,8055851
1766394900,RELIANCE,1437.05,1450.21,1423.23,1447.09,13731826
1766481300,RELIANCE,1448.46,1474.01,1443.96,1458.58,23209629
1766567700,RELIANCE,1456.16,1466.88,1449.54,1457.86,9732465
1766654100,RELIANCE,1456.13,1470.74,1430.83,1437.99,8178837
1766740500,RELIANCE,1444.93,1473.81,1437.59,1469.87,7948941
1766999700,RELIANCE,1468.61,1499.16,1443.98,1493.12,8007865
1767086100,RELIANCE,1491.83,1513.05,1483.28,1503.66,5693757
1767172500,RELIANCE,1514.15,1523.33,1486.25,1508.18,14029798
1767258900,RELIANCE,1506.03,1518.13,1501.76,1508.17,5814963
1767345300,RELIANCE,1513.09,1525.24,1500.86,1512.77,9879783
1767604500,RELIANCE,1515.81,1592.28,1509.60,1548.59,7243454
1767690900,RELIANCE,1543.60,1568.45,1530.24,1559.24,5474594
1767777300,RELIANCE,1564.12,1587.35,1552.36,1575.74,12576266
1767863700,RELIANCE,1574.05,1590.29,1535.75,1567.87,8489658
1767950100,RELIANCE,1581.20,1588.38,1566.73,1571.24,8802223
1768209300,RELIANCE,1566.76,1582.60,1551.08,1570.84,6591975
1768295700,RELIANCE,1574.36,1596.21,1554.00,1564.78,7147815
1768382100,RELIANCE,1574.02,1578.24,1533.47,1548.28,5620480
1768468500,RELIANCE,1545.02,1565.09,1536.86,1549.79,17263394
1768554900,RELIANCE,1550.20,1564.56,1511.29,1515.61,11729234
1768814100,RELIANCE,1511.94,1524.85,1494.00,1497.09,6396787
1768900500,RELIANCE,1494.68,1509.36,1477.17,1501.56,10123348
1768986900,RELIANCE,1498.69,1530.59,1488.19,1518.91,5886062
1769073300,RELIANCE,1515.59,1519.94,1493.66,1504.93,7888937
1769159700,RELIANCE,1501.99,1515.38,1468.14,1509.98,10865841
1769418900,RELIANCE,1507.07,1518.29,1477.90,1487.06,12967369
1769505300,RELIANCE,1483.98,1502.25,1474.30,1494.97,8643959
1769591700,RELIANCE,1498.02,1505.88,1458.05,1469.21,5140966
1769678100,RELIANCE,1466.33,1491.31,1450.42,1479.95,4332196
1769764500,RELIANCE,1481.62,1521.13,1461.58,1513.45,4350887
1770023700,RELIANCE,1513.11,1538.98,1488.37,1533.45,5502196
1770110100,RELIANCE,1528.29,1566.82,1524.05,1547.08,6111685
1770196500,RELIANCE,1546.87,1568.18,1541.79,1545.24,4330296
1770282900,RELIANCE,1551.27,1571.86,1539.62,1561.26,8036485
1770369300,RELIANCE,1564.26,1588.01,1547.07,1580.57,10731536
1770628500,RELIANCE,1580.41,1623.56,1565.07,1606.30,8420981
1770714900,RELIANCE,1602.34,1620.03,1596.90,1602.69,9010300
1770801300,RELIANCE,1607.80,1618.04,1567.96,1610.20,6925951
1770887700,RELIANCE,1605.25,1623.70,1575.99,1617.70,11752741
1770974100,RELIANCE,1628.06,1659.79,1600.42,1639.50,4956991
1771233300,RELIANCE,1650.25,1654.06,1604.58,1611.56,9900879
1771319700,RELIANCE,1618.51,1625.74,1578.75,1598.84,9103243
1771406100,RELIANCE,1593.44,1634.24,1573.53,1616.16,7008936
1771492500,RELIANCE,1612.47,1637.32,1585.12,1633.69,9180767
1771578900,RELIANCE,1636.15,1660.19,1600.23,1631.64,13615389
1771838100,RELIANCE,1636.60,1668.75,1623.41,1655.88,15787322
1771924500,RELIANCE,1650.83,1663.46,1604.99,1635.80,9516327
1772010900,RELIANCE,1638.87,1645.44,1600.90,1616.92,6276575
1772097300,RELIANCE,1619.44,1627.41,1570.14,1584.88,14359108
1772183700,RELIANCE,1578.04,1604.58,1573.49,1594.93,9041297
1772442900,RELIANCE,1596.01,1613.18,1557.10,1568.56,11266744
1772529300,RELIANCE,1570.85,1586.61,1560.10,1581.52,6081298
1772615700,RELIANCE,1588.30,1597.99,1561.23,1574.36,6884814
1772702100,RELIANCE,1575.89,1597.64,1571.33,1579.45,9677461
1772788500,RELIANCE,1583.07,1597.98,1568.72,1574.18,10812975
1773047700,RELIANCE,1572.26,1611.64,1558.43,1602.25,11804656
1773134100,RELIANCE,1603.32,1609.74,1578.22,1589.63,17729189
1773220500,RELIANCE,1580.60,1595.20,1573.28,1578.78,10362633
1773306900,RELIANCE,1577.08,1591.13,1543.44,1560.36,6009461
1773393300,RELIANCE,1567.52,1571.39,1532.82,1552.83,6338436
1773652500,RELIANCE,1554.13,1618.86,1547.76,1584.04,6114829
1773738900,RELIANCE,1579.48,1631.09,1570.21,1621.68,9600531
1773825300,RELIANCE,1621.84,1631.62,1589.23,1601.82,4395425
1773911700,RELIANCE,1588.49,1595.92,1580.06,1583.93,10625129
1773998100,RELIANCE,1584.34,1605.43,1580.58,1593.10,12599912
1774257300,RELIANCE,1588.60,1612.48,1557.90,1602.06,7818799
1774343700,RELIANCE,1586.70,1604.80,1536.69,1558.39,7339574
1774430100,RELIANCE,1551.32,1566.13,1543.55,1557.46,5047954
1774516500,RELIANCE,1568.67,1610.97,1558.67,1603.59,4950655
1774602900,RELIANCE,1595.45,1615.68,1551.16,1569.40,7353972
1774862100,RELIANCE,1581.53,1590.33,1571.35,1578.42,5418503
1774948500,RELIANCE,1571.09,1588.46,1565.32,1570.10,9646912
1775034900,RELIANCE,1568.16,1582.05,1554.40,1567.93,6145487
1775121300,RELIANCE,1570.52,1587.72,1545.72,1564.69,9375072
1775207700,RELIANCE,1567.49,1576.84,1529.99,1542.10,8742389
1775466900,RELIANCE,1544.13,1548.07,1517.26,1523.69,6601387
1775553300,RELIANCE,1521.20,1529.17,1502.61,1509.59,7797271
1775639700,RELIANCE,1501.34,1512.14,1485.70,1503.96,7163989
1775726100,RELIANCE,1511.24,1515.53,1503.22,1509.48,12998754
1775812500,RELIANCE,1499.49,1559.99,1476.11,1527.35,13772345
1776071700,RELIANCE,1528.58,1542.47,1523.04,1533.79,7016463
1776158100,RELIANCE,1541.55,1551.69,1527.76,1540.53,7142895
1776244500,RELIANCE,1549.65,1572.36,1542.01,1557.29,3131401
1776330900,RELIANCE,1563.80,1585.21,1532.60,1545.29,9136803
1776417300,RELIANCE,1538.29,1557.95,1521.41,1536.10,15131569
1776676500,RELIANCE,1533.72,1537.61,1503.37,1523.81,9871628
1776762900,RELIANCE,1525.88,1533.34,1510.78,1518.50,7554166
1776849300,RELIANCE,1523.24,1586.22,1519.91,1568.67,9349758
1776935700,RELIANCE,1570.40,1590.86,1562.41,1565.80,7501151
1777022100,RELIANCE,1564.36,1593.59,1552.44,1585.83,9922098
1777281300,RELIANCE,1582.81,1601.54,1550.67,1559.81,13850748
1777367700,RELIANCE,1557.83,1563.75,1536.30,1558.26,9946619
1777454100,RELIANCE,1563.50,1575.21,1525.93,1534.08,5885269
1777540500,RELIANCE,1528.92,1550.22,1513.19,1545.70,6422215
1777626900,RELIANCE,1553.49,1572.45,1534.46,1538.84,13257366
1777886100,RELIANCE,1547.27,1574.53,1538.79,1564.66,6170884
1777972500,RELIANCE,1563.12,1604.36,1558.31,1590.26,7782642
1778058900,RELIANCE,1585.94,1608.64,1550.49,1599.06,10009970
1778145300,RELIANCE,1593.74,1597.00,1573.39,1578.27,10332384
1778231700,RELIANCE,1577.33,1593.75,1558.54,1567.31,15986158
1778490900,RELIANCE,1574.18,1625.06,1566.24,1609.10,13670295
1778577300,RELIANCE,1610.82,1623.98,1566.89,1589.29,10390933
1778663700,RELIANCE,1590.54,1600.73,1578.44,1587.81,20830742
1778750100,RELIANCE,1582.51,1599.05,1568.92,1585.10,14450293
1778836500,RELIANCE,1587.68,1617.88,1563.88,1583.21,5212138
1779095700,RELIANCE,1581.30,1597.13,1561.63,1592.01,5067067
1779182100,RELIANCE,1592.15,1608.52,1564.81,1581.98,6212744
1779268500,RELIANCE,1579.43,1597.15,1543.36,1565.49,7558435
1779354900,RELIANCE,1565.84,1608.12,1551.37,1593.76,10632697
1779441300,RELIANCE,1599.88,1619.85,1592.06,1601.91,11952937
1779700500,RELIANCE,1602.59,1647.42,1597.12,1635.72,7494356
1779786900,RELIANCE,1635.79,1653.85,1583.95,1599.87,5628071
1779873300,RELIANCE,1593.50,1620.95,1565.44,1571.56,10849160
1779959700,RELIANCE,1569.75,1594.16,1564.42,1582.75,8195886
1780046100,RELIANCE,1588.15,1617.58,1582.59,1612.88,10115348
1780305300,RELIANCE,1608.34,1630.49,1601.89,1616.14,5789232
1780391700,RELIANCE,1611.55,1623.33,1598.99,1616.43,10221722
1780478100,RELIANCE,1611.35,1635.13,1588.38,1603.03,8119931
1780564500,RELIANCE,1600.93,1632.04,1575.92,1608.70,7447342
1780650900,RELIANCE,1605.51,1610.06,1570.47,1588.40,6786636
1780910100,RELIANCE,1588.93,1599.49,1579.82,1591.62,8347584
1780996500,RELIANCE,1593.91,1625.45,1579.99,1615.07,6396061
1781082900,RELIANCE,1610.37,1622.06,1557.22,1569.41,12004046
1781169300,RELIANCE,1577.14,1602.37,1553.14,1567.78,9681565
1781255700,RELIANCE,1561.33,1582.22,1555.40,1576.63,9809112
1781514900,RELIANCE,1568.06,1582.33,1529.99,1575.65,17731713
1781601300,RELIANCE,1585.62,1591.47,1555.79,1564.34,12456568
1781687700,RELIANCE,1563.98,1574.92,1554.24,1561.57,9931610
1781774100,RELIANCE,1557.74,1575.39,1534.11,1537.41,8954875
1781860500,RELIANCE,1541.84,1565.91,1524.54,1537.36,6601920
1782119700,RELIANCE,1529.10,1545.99,1522.62,1527.10,9085053
1782206100,RELIANCE,1534.10,1552.65,1505.56,1523.15,9047672
1782292500,RELIANCE,1523.45,1540.31,1495.09,1532.79,3860696
1782378900,RELIANCE,1526.36,1539.81,1487.76,1509.40,3956169
1782465300,RELIANCE,1505.63,1536.61,1480.99,1485.26,10311541
1782724500,RELIANCE,1481.25,1512.00,1449.27,1456.07,9651028
1782810900,RELIANCE,1457.00,1483.53,1453.05,1470.93,9916737
1782897300,RELIANCE,1467.55,1476.73,1428.05,1451.93,8046848
1782983700,RELIANCE,1461.99,1474.91,1438.80,1447.48,6096988
1783070100,RELIANCE,1456.07,1477.47,1446.82,1467.86,11190296
1783329300,RELIANCE,1480.16,1484.85,1470.76,1475.28,12690248
1783415700,RELIANCE,1461.14,1480.28,1452.67,1473.42,7180636
1783502100,RELIANCE,1467.21,1496.47,1449.87,1457.80,6272196
1783588500,RELIANCE,1464.60,1470.93,1450.06,1462.15,8616158
1783674900,RELIANCE,1466.33,1475.89,1444.19,1459.38,10935040
1783934100,RELIANCE,1462.22,1486.72,1455.87,1478.07,6541478
1784020500,RELIANCE,1482.24,1497.21,1469.47,1485.34,14017707
1784106900,RELIANCE,1501.19,1509.05,1482.17,1505.69,14542203
1784193300,RELIANCE,1506.74,1511.01,1465.09,1481.75,17961897
1784279700,RELIANCE,1485.65,1503.20,1465.32,1480.80,14387698
1784538900,RELIANCE,1475.42,1486.59,1448.08,1458.76,8381705
1784625300,RELIANCE,1462.34,1471.42,1438.76,1445.69,12222660
1784711700,RELIANCE,1441.67,1494.58,1437.85,1485.16,10978489
1784798100,RELIANCE,1482.46,1497.72,1416.42,1426.92,5579875
1784884500,RELIANCE,1409.78,1430.55,1344.57,1359.27,9464201
1785143700,RELIANCE,1361.12,1406.47,1357.64,1383.86,6096766
1785230100,RELIANCE,1377.04,1386.25,1367.90,1377.95,10549800
1785316500,RELIANCE,1370.69,1437.32,1364.91,1413.26,10744994
1785402900,RELIANCE,1401.20,1419.85,1385.31,1412.45,17329115
1785489300,RELIANCE,1410.05,1473.17,1407.06,1453.10,6745327
1785748500,RELIANCE,1459.98,1492.27,1456.45,1476.40,16985410
1785834900,RELIANCE,1471.66,1487.23,1466.66,1476.24,7809299
1785921300,RELIANCE,1480.40,1523.23,1473.69,1511.31,7216438
1786007700,RELIANCE,1501.46,1519.67,1489.55,1499.14,7610203
1786094100,RELIANCE,1511.82,1528.02,1470.17,1493.91,6182876
1786353300,RELIANCE,1484.12,1500.47,1435.02,1451.81,15998356
1786439700,RELIANCE,1454.38,1477.77,1433.46,1464.37,3998809
1786526100,RELIANCE,1456.70,1473.53,1449.79,1456.83,6625277
1786612500,RELIANCE,1455.90,1474.24,1448.26,1462.47,8957901
1786698900,RELIANCE,1470.81,1476.85,1449.29,1458.42,5865953
1786958100,RELIANCE,1451.43,1476.61,1428.70,1442.92,6351791
1787044500,RELIANCE,1441.18,1450.43,1422.95,1427.85,5323571
1787130900,RELIANCE,1428.12,1438.01,1420.73,1425.13,5297260
1787217300,RELIANCE,1424.30,1445.71,1413.24,1429.89,9322239
1787303700,RELIANCE,1426.68,1447.28,1423.57,1443.47,7817023
1787562900,RELIANCE,1442.51,1456.11,1408.25,1422.30,6865219
1787649300,RELIANCE,1418.54,1476.10,1393.77,1458.18,6538594
1787735700,RELIANCE,1460.14,1467.99,1430.65,1438.93,10077743
1787822100,RELIANCE,1436.96,1448.72,1422.59,1445.75,12234868
1787908500,RELIANCE,1437.57,1455.09,1410.67,1417.14,6460410
1788167700,RELIANCE,1418.44,1448.25,1413.31,1423.88,5127163
1788254100,RELIANCE,1429.94,1441.69,1407.90,1417.49,7315382
1788340500,RELIANCE,1416.50,1436.11,1385.63,1396.30,6791227
1788426900,RELIANCE,1390.66,1406.89,1357.02,1365.47,8460410
1788513300,RELIANCE,1369.62,1389.13,1321.22,1345.37,10570221
1788772500,RELIANCE,1339.09,1348.08,1301.10,1327.01,7944343
1788858900,RELIANCE,1318.72,1322.17,1278.20,1289.33,9531804
1788945300,RELIANCE,1287.17,1308.18,1283.41,1297.51,8515364
1789031700,RELIANCE,1305.59,1314.37,1291.32,1294.09,10603152
1789118100,RELIANCE,1290.94,1306.07,1275.02,1282.45,5194986
1789377300,RELIANCE,1274.52,1278.82,1260.05,1268.18,10961567
1789463700,RELIANCE,1268.49,1281.94,1265.94,1275.58,9745403
1759310100,TCS,3944.79,3996.59,3867.35,3901.42,2781352
1759396500,TCS,3898.25,3910.70,3864.91,3888.97,2322113
1759482900,TCS,3878.99,3950.23,3861.66,3935.28,3138357
1759742100,TCS,3914.81,3941.46,3802.01,3871.54,1894699
1759828500,TCS,3891.34,3956.66,3865.39,3946.04,2861378
1759914900,TCS,3945.15,3990.51,3889.65,3946.08,2028126
1760001300,TCS,3931.03,4001.41,3900.08,3967.51,1676260
1760087700,TCS,3977.57,4079.42,3949.45,4016.52,3548119
1760346900,TCS,4021.22,4054.55,3977.01,4044.06,1774195
1760433300,TCS,4035.02,4060.93,3900.73,3965.30,1919772
1760519700,TCS,3986.66,4082.01,3950.62,4029.37,2556692
1760606100,TCS,4037.37,4082.44,4010.85,4025.83,4719987
1760692500,TCS,4020.93,4061.29,3918.46,3932.99,2619221
1760951700,TCS,3925.16,3955.18,3871.63,3901.86,2255373
1761038100,TCS,3938.66,3976.90,3890.60,3910.79,1120801
1761124500,TCS,3908.15,3935.88,3811.52,3845.77,2842307
1761210900,TCS,3858.11,3882.48,3784.44,3854.72,1706106
1761297300,TCS,3853.49,3893.45,3789.68,3877.96,2605105
1761556500,TCS,3884.22,3947.74,3854.44,3901.69,2325474
1761642900,TCS,3893.10,3966.08,3851.82,3933.03,2362112
1761729300,TCS,3903.03,3951.39,3894.64,3908.61,1745917
1761815700,TCS,3936.26,3944.92,3889.41,3915.24,2202210
1761902100,TCS,3937.57,3951.59,3851.69,3879.79,2645549
1762161300,TCS,3875.92,3917.38,3806.93,3865.69,1629154
1762247700,TCS,3849.62,3910.49,3841.22,3857.57,937738
1762334100,TCS,3842.57,3878.57,3818.47,3861.06,2996156
1762420500,TCS,3862.35,3917.85,3795.36,3909.45,2041679
1762506900,TCS,3900.27,3962.57,3874.94,3909.46,1705303
1762766100,TCS,3909.81,3923.98,3865.79,3883.66,3971830
1762852500,TCS,3888.85,3980.08,3840.39,3914.10,2460033
1762938900,TCS,3911.84,3981.10,3878.27,3960.48,2175103
1763025300,TCS,3960.87,3970.58,3889.59,3901.58,1530473
1763111700,TCS,3901.59,3989.77,3874.87,3919.90,3289564
1763370900,TCS,3904.84,3932.38,3785.45,3871.94,2068531
1763457300,TCS,3897.88,3981.65,3826.11,3886.39,2018075
1763543700,TCS,3869.58,3906.09,3846.79,3887.70,2421880
1763630100,TCS,3867.03,3950.54,3817.71,3910.23,1831586
1763716500,TCS,3913.12,3966.28,3873.15,3915.36,1753685
1763975700,TCS,3903.19,3991.27,3891.38,3962.42,3097204
1764062100,TCS,3965.36,3990.83,3878.32,3962.36,3396922
1764148500,TCS,3955.83,4028.44,3941.21,3971.02,2777613
1764234900,TCS,3983.70,4049.75,3919.11,3942.81,1405046
1764321300,TCS,3946.58,4059.33,3829.97,3875.59,3079047
1764580500,TCS,3871.57,3881.28,3757.01,3775.73,2238673
1764666900,TCS,3771.59,3812.19,3735.01,3745.03,2263183
1764753300,TCS,3772.50,3815.92,3750.92,3804.78,1959522
1764839700,TCS,3800.68,3863.59,3785.15,3814.21,3271902
1764926100,TCS,3814.92,3865.85,3755.89,3856.35,3944513
1765185300,TCS,3847.69,3889.85,3793.29,3878.33,3761235
1765271700,TCS,3835.64,3891.62,3786.98,3868.57,1142144
1765358100,TCS,3863.69,3931.37,3835.75,3883.44,2648214
1765444500,TCS,3862.71,3882.38,3801.26,3832.57,3632401
1765530900,TCS,3835.26,3873.07,3809.38,3847.22,2316413
1765790100,TCS,3842.29,3935.80,3796.44,3910.28,2115787
1765876500,TCS,3898.80,3997.98,3852.23,3974.51,1562359
1765962900,TCS,3964.43,4016.19,3828.05,3877.06,1373554
1766049300,TCS,3873.95,3908.02,3822.44,3876.33,2232960
1766135700,TCS,3885.44,3916.49,3828.05,3863.54,3491686
1766394900,TCS,3861.99,3919.53,3832.29,3902.56,2710329
1766481300,TCS,3905.29,3974.41,3857.20,3925.50,2846011
1766567700,TCS,3947.40,4007.61,3931.76,3964.81,3259891
1766654100,TCS,3956.94,3989.93,3906.41,3915.94,2679090
1766740500,TCS,3929.47,3976.25,3815.70,3866.10,3368446
1766999700,TCS,3881.46,3950.08,3856.81,3868.13,3037624
1767086100,TCS,3875.28,3932.41,3838.46,3867.67,2714784
1767172500,TCS,3864.36,3897.04,3840.95,3862.25,2370459
1767258900,TCS,3869.95,3899.94,3813.83,3845.13,2772292
1767345300,TCS,3859.54,3931.02,3848.23,3873.56,3084653
1767604500,TCS,3861.62,3991.25,3814.45,3946.51,1941610
1767690900,TCS,3970.19,4016.20,3896.98,3959.12,2544095
1767777300,TCS,3952.64,3977.28,3865.85,3896.28,2192214
1767863700,TCS,3911.98,3992.00,3878.04,3936.66,1806026
1767950100,TCS,3911.09,3970.84,3884.31,3928.79,2078548
1768209300,TCS,3917.44,4051.79,3890.54,3969.56,2088936
1768295700,TCS,3967.27,3989.29,3942.30,3976.35,2098286
1768382100,TCS,3969.15,4009.95,3939.83,3970.00,2750629
1768468500,TCS,3972.19,3998.21,3943.36,3983.59,2780575
1768554900,TCS,4007.68,4017.39,3970.76,4004.00,3718624
1768814100,TCS,4003.16,4031.06,3965.39,4019.85,3197890
1768900500,TCS,4035.53,4147.93,4014.05,4113.64,4016720
1768986900,TCS,4123.71,4146.05,4052.88,4071.60,1875403
1769073300,TCS,4078.53,4133.43,4064.78,4121.46,2487031
1769159700,TCS,4094.12,4108.77,4026.79,4060.91,3915808
1769418900,TCS,4073.12,4081.50,4015.53,4039.05,1416734
1769505300,TCS,4047.33,4062.49,4015.03,4040.34,2846282
1769591700,TCS,4059.59,4101.65,4045.55,4084.19,2901340
1769678100,TCS,4073.33,4110.87,4011.09,4019.73,3486791
1769764500,TCS,4018.86,4091.87,3968.07,4059.50,3064442
1770023700,TCS,4050.04,4061.82,3986.85,4015.83,2840578
1770110100,TCS,4025.47,4124.20,3965.34,4097.70,2003375
1770196500,TCS,4122.52,4151.60,4060.72,4137.35,2597208
1770282900,TCS,4146.14,4175.89,4036.75,4051.17,2364105
1770369300,TCS,4067.42,4173.07,4055.72,4148.15,2495769
1770628500,TCS,4172.78,4246.17,4140.93,4193.31,3248854
1770714900,TCS,4168.21,4203.76,4146.04,4167.60,2869859
1770801300,TCS,4180.84,4236.00,4162.82,4190.25,1498746
1770887700,TCS,4213.86,4249.59,4195.02,4235.76,3753530
1770974100,TCS,4224.86,4255.10,4165.36,4209.42,2034833
1771233300,TCS,4203.56,4243.72,4123.20,4153.54,1977602
1771319700,TCS,4155.99,4200.01,4132.00,4180.21,2457941
1771406100,TCS,4184.12,4196.73,4115.88,4137.23,3160608
1771492500,TCS,4152.65,4221.36,4079.92,4123.85,1306656
1771578900,TCS,4118.42,4169.61,4066.00,4133.26,1341401
1771838100,TCS,4120.27,4148.83,4079.24,4091.71,3072086
1771924500,TCS,4090.56,4140.48,4055.33,4076.84,2994390
1772010900,TCS,4083.03,4099.21,4042.24,4071.10,3638234
1772097300,TCS,4062.87,4099.59,3961.54,4034.24,3495348
1772183700,TCS,4037.37,4051.23,3974.60,3986.65,1400017
1772442900,TCS,3998.57,4012.19,3950.88,3962.25,2635718
1772529300,TCS,3975.60,3990.88,3934.16,3959.17,3128830
1772615700,TCS,3963.77,3993.37,3942.90,3954.42,2167073
1772702100,TCS,3948.48,3990.92,3865.04,3897.20,2774263
1772788500,TCS,3911.36,3971.06,3869.03,3885.41,2763070
1773047700,TCS,3885.32,3894.19,3837.78,3877.36,3975379
1773134100,TCS,3885.32,3904.36,3844.11,3856.67,3185959
1773220500,TCS,3877.13,3918.58,3829.44,3874.62,2840821
1773306900,TCS,3882.66,3912.72,3850.04,3862.85,2338721
1773393300,TCS,3851.05,3920.51,3805.75,3887.01,1303062
1773652500,TCS,3874.55,3929.32,3797.87,3894.96,2002120
1773738900,TCS,3878.27,3908.56,3818.57,3891.93,1685693
1773825300,TCS,3906.47,3961.86,3897.75,3924.11,3559002
1773911700,TCS,3933.82,3974.71,3842.23,3872.14,2301978
1773998100,TCS,3892.31,3907.17,3869.15,3882.77,2815633
1774257300,TCS,3901.77,3951.65,3837.16,3909.63,3542317
1774343700,TCS,3892.11,3953.31,3874.18,3912.92,2429240
1774430100,TCS,3926.50,3973.06,3853.31,3945.83,1922310
1774516500,TCS,3948.15,3983.75,3847.42,3896.49,1874955
1774602900,TCS,3897.06,3969.09,3862.09,3884.98,3816931
1774862100,TCS,3874.47,3919.26,3790.26,3845.51,1914887
1774948500,TCS,3848.22,3891.06,3799.46,3880.57,1677602
1775034900,TCS,3912.32,3923.63,3844.99,3872.12,1551394
1775121300,TCS,3857.68,3887.26,3832.46,3873.13,2699834
1775207700,TCS,3878.92,3931.16,3813.30,3831.05,1956770
1775466900,TCS,3813.67,3827.08,3715.41,3751.12,1507143
1775553300,TCS,3740.56,3750.39,3676.55,3687.20,3056696
1775639700,TCS,3684.04,3705.82,3643.75,3665.46,2904597
1775726100,TCS,3670.62,3690.75,3594.34,3667.94,3580471
1775812500,TCS,3655.30,3728.24,3646.54,3689.85,2032628
1776071700,TCS,3693.39,3737.28,3638.95,3686.42,2882970
1776158100,TCS,3679.13,3702.59,3594.16,3606.42,2381067
1776244500,TCS,3595.44,3648.77,3503.98,3530.06,2173566
1776330900,TCS,3513.40,3627.74,3490.98,3608.10,2358194
1776417300,TCS,3615.43,3636.31,3562.04,3592.78,2058241
1776676500,TCS,3606.76,3642.94,3526.17,3561.93,1467905
1776762900,TCS,3571.63,3586.04,3550.90,3561.45,1577860
1776849300,TCS,3574.75,3670.46,3530.08,3598.64,1077760
1776935700,TCS,3596.85,3702.04,3574.21,3667.36,2245899
1777022100,TCS,3636.49,3674.37,3621.09,3640.59,2629667
1777281300,TCS,3639.38,3677.50,3578.51,3623.14,2983242
1777367700,TCS,3615.17,3716.02,3580.26,3646.34,1879989
1777454100,TCS,3616.34,3637.77,3536.44,3555.57,1825041
1777540500,TCS,3520.57,3563.82,3511.96,3542.43,2204655
1777626900,TCS,3562.80,3579.22,3543.40,3568.82,2040680
1777886100,TCS,3560.16,3658.25,3525.01,3640.75,1621745
1777972500,TCS,3655.53,3682.67,3596.72,3622.54,1882579
1778058900,TCS,3603.32,3622.14,3561.13,3582.05,2389493
1778145300,TCS,3576.35,3621.21,3558.99,3593.51,2802644
1778231700,TCS,3597.37,3668.07,3578.27,3650.24,5155188
1778490900,TCS,3670.34,3697.50,3621.59,3633.00,1766450
1778577300,TCS,3618.64,3687.02,3602.79,3613.84,4563385
1778663700,TCS,3638.29,3735.03,3597.01,3714.94,2322200
1778750100,TCS,3743.96,3790.52,3735.11,3775.61,2704838
1778836500,TCS,3770.47,3835.36,3665.23,3716.62,3000649
1779095700,TCS,3719.57,3734.22,3697.74,3706.16,2182182
1779182100,TCS,3690.38,3825.48,3681.59,3771.18,1886279
1779268500,TCS,3766.65,3879.06,3747.55,3828.76,4939780
1779354900,TCS,3817.47,3829.21,3795.25,3816.15,2266031
1779441300,TCS,3818.29,3843.74,3753.99,3819.42,2044420
1779700500,TCS,3820.77,3900.61,3776.89,3865.76,2681181
1779786900,TCS,3884.12,3939.66,3851.23,3881.84,1590855
1779873300,TCS,3867.54,3894.88,3845.43,3884.94,3095686
1779959700,TCS,3877.55,3888.05,3839.48,3876.06,1461103
1780046100,TCS,3867.72,3933.46,3804.57,3904.39,3904958
1780305300,TCS,3906.64,3973.77,3839.73,3868.14,1250713
1780391700,TCS,3868.99,3883.38,3823.34,3861.25,2018141
1780478100,TCS,3875.55,3903.18,3793.63,3842.08,2384755
1780564500,TCS,3873.22,3953.38,3852.32,3895.83,2063156
1780650900,TCS,3882.01,3925.81,3855.98,3908.11,3034826
1780910100,TCS,3892.47,3964.92,3862.85,3919.24,2259731
1780996500,TCS,3917.28,3999.59,3902.33,3953.22,4539500
1781082900,TCS,3946.60,3989.87,3873.30,3943.11,2025158
1781169300,TCS,3909.18,3973.60,3879.72,3936.84,2421140
1781255700,TCS,3919.34,4016.93,3903.68,3965.28,3656782
1781514900,TCS,3962.81,4037.34,3933.02,4017.24,1766424
1781601300,TCS,4005.54,4025.55,3934.16,3969.09,1985103
1781687700,TCS,3996.42,4043.69,3963.71,3983.81,3671460
1781774100,TCS,3978.30,4099.64,3943.32,4052.86,2274118
1781860500,TCS,4036.79,4049.84,3963.07,3975.91,2247036
1782119700,TCS,3980.34,4038.47,3950.04,4015.85,1600935
1782206100,TCS,4045.01,4100.62,3924.76,3943.74,2473389
1782292500,TCS,3913.07,3941.84,3873.28,3890.99,3203886
1782378900,TCS,3895.59,3945.05,3880.29,3923.50,2801835
1782465300,TCS,3923.57,3955.36,3883.42,3896.32,3569920
1782724500,TCS,3888.35,3925.03,3842.57,3861.30,1651384
1782810900,TCS,3882.42,3939.33,3851.53,3887.96,3617018
1782897300,TCS,3898.65,3961.01,3853.71,3921.68,4221778
1782983700,TCS,3935.62,3989.45,3919.63,3934.33,2593198
1783070100,TCS,3935.06,3968.97,3910.12,3946.86,4216193
1783329300,TCS,3929.32,3959.40,3896.08,3908.91,3159613
1783415700,TCS,3902.68,3970.48,3850.68,3958.42,1886946
1783502100,TCS,3987.28,4009.96,3951.01,3992.18,1490364
1783588500,TCS,3974.29,4005.29,3915.99,3956.82,2771746
1783674900,TCS,3959.26,4027.49,3922.74,4002.00,2373748
1783934100,TCS,3984.16,4140.87,3962.69,4075.10,2979825
1784020500,TCS,4091.40,4111.71,3993.99,4053.17,1835952
1784106900,TCS,4058.48,4080.15,4036.61,4044.98,2778730
1784193300,TCS,4034.39,4087.17,3947.60,3976.84,3177231
1784279700,TCS,3965.61,4081.94,3909.54,4049.06,1668573
1784538900,TCS,4038.29,4054.15,3983.53,4012.53,4212684
1784625300,TCS,3996.28,4072.19,3987.11,4031.50,2640222
1784711700,TCS,4040.42,4097.45,3992.19,4031.46,4630781
1784798100,TCS,4046.42,4075.20,3930.03,3994.45,2365923
1784884500,TCS,3997.87,4068.59,3978.24,4035.82,2248149
1785143700,TCS,4050.75,4092.95,4013.72,4065.47,2465556
1785230100,TCS,4053.45,4100.23,3966.00,4076.82,1213228
1785316500,TCS,4103.75,4146.46,4062.92,4077.73,1555246
1785402900,TCS,4106.23,4198.90,4092.26,4151.86,3830972
1785489300,TCS,4134.01,4159.95,4075.89,4148.71,2148446
1785748500,TCS,4154.28,4183.34,4078.81,4120.31,4109717
1785834900,TCS,4136.50,4215.07,4086.54,4172.18,2807653
1785921300,TCS,4205.05,4235.31,4162.57,4219.23,1194618
1786007700,TCS,4231.05,4257.22,4217.45,4246.62,1927795
1786094100,TCS,4204.98,4267.58,4179.49,4245.54,1488391
1786353300,TCS,4205.34,4279.08,4133.25,4250.19,2493927
1786439700,TCS,4273.56,4300.03,4164.97,4235.55,3549728
1786526100,TCS,4236.32,4270.33,4174.12,4211.84,2471521
1786612500,TCS,4208.31,4229.95,4159.52,4188.98,2234102
1786698900,TCS,4214.96,4305.69,4183.00,4251.45,2489116
1786958100,TCS,4283.85,4302.59,4201.17,4275.44,2793719
1787044500,TCS,4268.15,4315.49,4198.38,4303.72,2260433
1787130900,TCS,4321.37,4332.53,4256.43,4283.27,1617818
1787217300,TCS,4303.27,4343.13,4265.64,4324.35,1971725
1787303700,TCS,4298.69,4336.15,4260.68,4308.62,1734097
1787562900,TCS,4298.64,4331.15,4257.11,4273.83,2115399
1787649300,TCS,4272.74,4354.23,4260.29,4274.20,1985566
1787735700,TCS,4274.63,4364.16,4226.23,4335.62,1917342
1787822100,TCS,4349.60,4378.71,4223.40,4318.87,1746567
1787908500,TCS,4306.20,4336.44,4247.18,4271.31,1947385
1788167700,TCS,4254.31,4295.16,4132.07,4147.52,2736416
1788254100,TCS,4145.55,4171.93,4055.37,4071.29,1316020
1788340500,TCS,4061.58,4095.19,3989.16,4068.17,1466284
1788426900,TCS,4073.91,4165.16,4045.60,4123.28,1962640
1788513300,TCS,4145.09,4169.35,4095.91,4126.76,3082547
1788772500,TCS,4136.47,4170.38,4091.68,4136.70,2432141
1788858900,TCS,4119.87,4182.47,4085.22,4173.00,2851256
1788945300,TCS,4197.47,4257.13,4183.09,4239.15,2749244
1789031700,TCS,4248.92,4281.57,4200.33,4219.05,1631305
1789118100,TCS,4224.35,4275.69,4128.30,4178.07,3453535
1789377300,TCS,4175.89,4205.93,4110.17,4127.25,3358243
1789463700,TCS,4119.77,4185.93,4062.17,4137.13,2349593
1759310100,INFY,1667.46,1677.56,1642.94,1649.62,6982868
1759396500,INFY,1636.91,1678.50,1624.90,1666.25,5089535
1759482900,INFY,1672.28,1706.71,1648.86,1682.70,5510971
1759742100,INFY,1678.67,1722.92,1664.97,1708.83,5630278
1759828500,INFY,1703.07,1710.75,1688.17,1692.39,6096395
1759914900,INFY,1690.22,1705.10,1682.85,1698.09,6393377
1760001300,INFY,1715.88,1744.62,1703.23,1729.90,6040120
1760087700,INFY,1740.22,1766.23,1703.49,1707.82,9816458
1760346900,INFY,1708.65,1748.99,1690.29,1699.56,6400923
1760433300,INFY,1700.80,1747.08,1689.32,1735.57,4952823
1760519700,INFY,1729.92,1822.11,1696.54,1808.10,2748139
1760606100,INFY,1805.57,1812.15,1788.04,1795.98,3969428
1760692500,INFY,1804.77,1866.02,1786.05,1848.00,9072826
1760951700,INFY,1846.72,1900.16,1830.14,1888.48,5354514
1761038100,INFY,1903.58,1936.93,1896.92,1920.05,5698156
1761124500,INFY,1918.92,1922.89,1879.16,1895.63,7917162
1761210900,INFY,1886.65,1892.57,1861.12,1881.62,8719054
1761297300,INFY,1878.41,1896.19,1835.38,1885.20,3977188
1761556500,INFY,1886.79,1924.06,1878.35,1906.85,7081424
1761642900,INFY,1899.90,1920.15,1859.45,1874.40,5381157
1761729300,INFY,1869.60,1886.60,1818.44,1852.52,4501549
1761815700,INFY,1845.14,1889.07,1815.02,1858.70,6698062
1761902100,INFY,1848.35,1880.83,1840.28,1869.87,15625703
1762161300,INFY,1855.56,1870.46,1800.45,1824.11,6182218
1762247700,INFY,1821.82,1857.46,1814.26,1819.88,5350210
1762334100,INFY,1810.08,1819.47,1783.83,1792.62,5450592
1762420500,INFY,1788.56,1800.37,1753.09,1763.13,9996157
1762506900,INFY,1765.49,1794.50,1754.59,1765.41,4412854
1762766100,INFY,1766.26,1774.08,1730.36,1746.37,3402643
1762852500,INFY,1739.13,1770.14,1734.98,1754.21,4588590
1762938900,INFY,1749.04,1761.40,1735.35,1745.00,5993766
1763025300,INFY,1746.26,1774.04,1696.19,1729.67,8449047
1763111700,INFY,1719.24,1741.18,1700.68,1713.62,4369936
1763370900,INFY,1708.88,1736.21,1705.44,1711.75,5024832
1763457300,INFY,1695.81,1745.26,1689.40,1741.08,2975674
1763543700,INFY,1740.39,1751.55,1714.69,1731.39,8008149
1763630100,INFY,1734.52,1743.09,1715.23,1722.81,10470157
1763716500,INFY,1724.25,1759.14,1709.33,1754.86,6117898
1763975700,INFY,1748.45,1788.42,1744.43,1763.45,5019373
1764062100,INFY,1760.75,1791.77,1752.03,1780.72,8768963
1764148500,INFY,1786.74,1794.21,1773.31,1780.58,6149255
1764234900,INFY,1771.90,1782.43,1763.41,1777.81,5380141
1764321300,INFY,1765.22,1815.37,1733.35,1777.24,5727020
1764580500,INFY,1789.99,1854.69,1783.46,1844.08,8035170
1764666900,INFY,1846.89,1887.03,1840.88,1867.69,3684972
1764753300,INFY,1865.94,1885.67,1856.46,1864.99,11807529
1764839700,INFY,1861.06,1903.70,1838.30,1899.48,5860020
1764926100,INFY,1885.39,1912.75,1880.23,1892.56,12688284
1765185300,INFY,1892.53,1944.26,1885.86,1921.34,5452548
1765271700,INFY,1918.27,1970.15,1912.71,1949.13,5135657
1765358100,INFY,1974.40,1993.79,1944.12,1957.34,4724174
1765444500,INFY,1959.25,2029.81,1948.49,1991.21,12228233
1765530900,INFY,1995.20,2029.64,1967.40,2015.79,7743239
1765790100,INFY,2013.03,2053.70,1956.60,1984.39,5321147
1765876500,INFY,1985.10,2035.93,1975.97,2002.30,5370386
1765962900,INFY,2004.76,2063.26,1986.21,2032.88,7467893
1766049300,INFY,2037.55,2102.99,2023.71,2091.84,7539287
1766135700,INFY,2074.13,2092.74,2059.32,2078.77,5658433
1766394900,INFY,2077.14,2114.55,2064.29,2109.31,10239204
1766481300,INFY,2105.61,2116.23,2051.40,2076.02,6901492
1766567700,INFY,2052.15,2119.59,2041.09,2094.08,6713689
1766654100,INFY,2096.03,2120.88,2048.64,2068.76,3399512
1766740500,INFY,2066.92,2075.95,2018.25,2055.79,3980991
1766999700,INFY,2049.90,2064.03,2037.22,2057.43,8760037
1767086100,INFY,2061.92,2096.38,2047.04,2088.78,6579573
1767172500,INFY,2087.52,2109.62,2055.95,2093.84,5132497
1767258900,INFY,2097.81,2107.47,2079.55,2086.49,5701288
1767345300,INFY,2072.22,2135.19,2052.27,2101.28,5698043
1767604500,INFY,2109.24,2166.67,2084.95,2148.65,8000092
1767690900,INFY,2158.15,2183.77,2121.90,2166.87,7686730
1767777300,INFY,2162.07,2168.27,2155.08,2160.59,4945311
1767863700,INFY,2167.61,2210.58,2159.91,2187.76,6834086
1767950100,INFY,2165.40,2192.52,2133.78,2177.72,5774206
1768209300,INFY,2179.60,2221.85,2139.24,2151.21,6478565
1768295700,INFY,2128.70,2155.35,2101.04,2145.34,8049653
1768382100,INFY,2160.83,2215.04,2150.96,2207.76,6872338
1768468500,INFY,2222.27,2254.39,2211.18,2247.15,4517740
1768554900,INFY,2252.92,2295.15,2248.16,2286.32,3153144
1768814100,INFY,2283.48,2293.63,2276.04,2286.90,6169703
1768900500,INFY,2274.80,2288.66,2217.21,2237.12,4366099
1768986900,INFY,2242.75,2300.99,2218.62,2263.58,6252778
1769073300,INFY,2265.66,2285.36,2230.71,2249.54,11135060
1769159700,INFY,2256.27,2265.14,2179.78,2213.05,11444373
1769418900,INFY,2206.00,2232.41,2166.30,2178.74,5603567
1769505300,INFY,2183.03,2208.07,2163.85,2180.28,3998966
1769591700,INFY,2194.96,2201.53,2178.28,2190.19,6843142
1769678100,INFY,2181.19,2215.19,2155.18,2177.98,4549154
1769764500,INFY,2183.03,2255.87,2145.55,2227.44,11021075
1770023700,INFY,2234.30,2244.18,2211.62,2222.05,8118107
1770110100,INFY,2229.97,2245.85,2177.79,2215.62,4195788
1770196500,INFY,2210.70,2297.90,2178.07,2278.47,11316672
1770282900,INFY,2268.92,2306.98,2242.67,2295.12,7185384
1770369300,INFY,2302.96,2313.16,2260.39,2291.22,7586904
1770628500,INFY,2284.36,2301.19,2275.81,2286.73,7217226
1770714900,INFY,2294.82,2309.16,2193.46,2238.37,8118369
1770801300,INFY,2248.65,2253.64,2191.19,2209.40,4110899
1770887700,INFY,2219.65,2242.73,2162.16,2214.23,11272807
1770974100,INFY,2208.98,2261.21,2204.06,2233.15,5748810
1771233300,INFY,2234.02,2251.40,2192.16,2213.47,8087397
1771319700,INFY,2204.36,2237.35,2194.03,2215.02,5913349
1771406100,INFY,2224.96,2247.89,2207.97,2214.51,11091797
1771492500,INFY,2208.08,2226.15,2197.86,2216.85,3345683
1771578900,INFY,2222.36,2238.30,2187.24,2197.72,7344035
1771838100,INFY,2210.54,2251.35,2205.35,2227.10,3204989
1771924500,INFY,2235.57,2257.79,2210.64,2223.79,6699869
1772010900,INFY,2220.54,2279.61,2210.95,2255.64,10584309
1772097300,INFY,2248.25,2274.57,2208.53,2269.43,5125949
1772183700,INFY,2285.26,2342.22,2269.46,2337.07,10786374
1772442900,INFY,2326.84,2381.10,2307.77,2370.13,6150244
1772529300,INFY,2355.69,2371.74,2281.66,2292.88,5567030
1772615700,INFY,2294.61,2309.40,2216.42,2238.00,6787578
1772702100,INFY,2228.63,2279.31,2196.13,2237.62,6859769
1772788500,INFY,2230.61,2242.84,2182.25,2193.37,6047607
1773047700,INFY,2190.96,2225.00,2177.38,2198.62,12437189
1773134100,INFY,2206.89,2235.65,2161.36,2185.66,12669014
1773220500,INFY,2187.36,2209.54,2161.40,2184.59,6182955
1773306900,INFY,2178.34,2209.56,2157.05,2191.85,4067727
1773393300,INFY,2193.43,2212.88,2160.56,2194.13,14065719
1773652500,INFY,2201.75,2230.75,2145.91,2183.79,6692218
1773738900,INFY,2185.56,2205.82,2144.61,2158.02,7233742
1773825300,INFY,2167.67,2195.47,2105.08,2151.55,6104351
1773911700,INFY,2144.38,2164.57,2119.72,2132.08,4944857
1773998100,INFY,2138.42,2162.65,2097.31,2111.52,6296595
1774257300,INFY,2133.19,2150.45,2114.77,2123.44,4248694
1774343700,INFY,2116.20,2134.99,2105.24,2117.57,4902150
1774430100,INFY,2106.65,2151.63,2093.31,2132.59,9309757
1774516500,INFY,2123.40,2156.94,2094.07,2136.04,5669643
1774602900,INFY,2130.53,2137.06,2078.26,2092.07,11024025
1774862100,INFY,2091.48,2116.05,2067.07,2090.09,8405144
1774948500,INFY,2092.64,2105.47,2056.68,2081.72,3890603
1775034900,INFY,2073.99,2102.04,2061.86,2084.27,11822747
1775121300,INFY,2077.97,2084.09,2044.61,2068.31,4649621
1775207700,INFY,2075.36,2103.17,2037.17,2053.27,8228485
1775466900,INFY,2058.15,2076.05,2041.58,2057.95,8545193
1775553300,INFY,2048.46,2075.25,2020.67,2026.43,5732398
1775639700,INFY,2035.50,2068.53,1995.38,2028.45,7563783
1775726100,INFY,2021.34,2050.00,1992.86,2045.01,8353776
1775812500,INFY,2049.45,2083.66,2025.38,2059.07,5825148
1776071700,INFY,2052.49,2072.82,2018.28,2055.41,6421560
1776158100,INFY,2046.97,2114.37,2028.95,2087.71,7655991
1776244500,INFY,2085.17,2112.64,2075.86,2104.99,6217056
1776330900,INFY,2105.37,2112.77,2082.29,2094.26,7307300
1776417300,INFY,2103.98,2174.84,2098.81,2146.62,10470687
1776676500,INFY,2144.18,2173.62,2135.81,2146.80,5761631
1776762900,INFY,2152.99,2181.49,2134.10,2172.22,4334166
1776849300,INFY,2171.79,2243.65,2163.19,2212.14,3686129
1776935700,INFY,2208.81,2274.14,2203.50,2249.33,6004823
1777022100,INFY,2246.74,2262.52,2236.20,2244.08,3785572
1777281300,INFY,2255.90,2299.37,2247.04,2265.17,8618156
1777367700,INFY,2265.83,2307.21,2236.09,2280.41,10379219
1777454100,INFY,2276.71,2330.73,2263.62,2315.35,9815782
1777540500,INFY,2313.82,2355.37,2308.82,2342.25,4965775
1777626900,INFY,2349.87,2369.98,2331.63,2346.96,10056115
1777886100,INFY,2338.59,2347.24,2323.22,2328.45,13191986
1777972500,INFY,2329.76,2356.86,2324.89,2345.67,6371359
1778058900,INFY,2342.70,2351.83,2306.21,2312.08,9421740
1778145300,INFY,2315.27,2347.08,2230.94,2266.92,7134779
1778231700,INFY,2273.10,2317.86,2257.10,2311.91,6080234
1778490900,INFY,2311.99,2362.50,2280.72,2352.65,11667563
1778577300,INFY,2348.43,2405.71,2336.86,2393.72,4268574
1778663700,INFY,2397.43,2467.70,2356.48,2458.37,10059349
1778750100,INFY,2449.57,2472.43,2432.33,2442.28,8221491
1778836500,INFY,2431.24,2455.14,2396.78,2408.13,9514285
1779095700,INFY,2399.71,2465.01,2370.55,2392.07,6117075
1779182100,INFY,2399.32,2443.47,2367.41,2409.29,14025743
1779268500,INFY,2398.52,2477.38,2388.08,2463.48,6159574
1779354900,INFY,2459.27,2473.02,2371.87,2388.26,4548349
1779441300,INFY,2382.49,2441.33,2376.71,2414.80,5478334
1779700500,INFY,2403.65,2412.30,2343.20,2357.11,4888877
1779786900,INFY,2354.40,2411.02,2318.38,2392.39,5303514
1779873300,INFY,2406.67,2527.26,2379.64,2484.90,6448852
1779959700,INFY,2499.21,2545.52,2465.35,2532.57,11354756
1780046100,INFY,2519.11,2526.00,2489.74,2498.33,8380784
1780305300,INFY,2492.27,2535.77,2467.77,2508.30,5582080
1780391700,INFY,2513.50,2537.97,2460.31,2478.31,5122790
1780478100,INFY,2489.14,2635.44,2481.38,2572.08,5365274
1780564500,INFY,2562.77,2609.40,2532.83,2573.19,9520040
1780650900,INFY,2581.62,2623.89,2565.44,2612.15,15254145
1780910100,INFY,2609.84,2634.19,2598.87,2615.49,4279546
1780996500,INFY,2607.29,2632.88,2581.29,2622.04,10606082
1781082900,INFY,2617.71,2627.19,2550.44,2572.91,7908777
1781169300,INFY,2574.60,2661.06,2562.80,2631.00,5375382
1781255700,INFY,2639.41,2649.41,2616.75,2629.88,6066056
1781514900,INFY,2625.90,2673.64,2592.85,2651.23,7448799
1781601300,INFY,2677.28,2701.97,2651.14,2666.34,3086960
1781687700,INFY,2673.94,2698.58,2628.46,2671.85,9047451
1781774100,INFY,2662.69,2675.70,2634.78,2654.55,11579374
1781860500,INFY,2656.67,2711.16,2637.29,2663.52,7064962
1782119700,INFY,2647.92,2680.65,2618.64,2644.22,5396481
1782206100,INFY,2645.89,2707.18,2607.92,2670.53,5494042
1782292500,INFY,2676.12,2693.23,2622.68,2651.72,8447816
1782378900,INFY,2647.07,2739.27,2635.56,2711.05,11028916
1782465300,INFY,2730.14,2752.44,2675.14,2715.70,5574579
1782724500,INFY,2712.18,2725.50,2671.80,2691.16,5308001
1782810900,INFY,2701.84,2744.23,2658.19,2672.05,8149328
1782897300,INFY,2665.86,2698.92,2638.65,2645.00,13240437
1782983700,INFY,2659.01,2672.83,2597.46,2618.88,6627833
1783070100,INFY,2617.78,2663.70,2600.19,2623.69,3929796
1783329300,INFY,2617.33,2623.89,2582.29,2590.29,5794309
1783415700,INFY,2580.70,2589.01,2561.01,2570.22,6538821
1783502100,INFY,2556.88,2572.52,2527.23,2543.18,12212485
1783588500,INFY,2531.49,2557.27,2474.76,2482.05,4508113
1783674900,INFY,2493.59,2550.53,2478.81,2537.67,5324380
1783934100,INFY,2541.73,2561.41,2448.06,2479.75,4833331
1784020500,INFY,2461.40,2547.98,2426.18,2514.68,7553378
1784106900,INFY,2524.54,2559.03,2502.12,2538.98,9212895
1784193300,INFY,2526.95,2579.29,2508.99,2559.96,5022013
1784279700,INFY,2547.84,2595.07,2527.21,2580.38,4050019
1784538900,INFY,2591.43,2609.52,2570.30,2591.00,6106157
1784625300,INFY,2598.94,2637.90,2548.16,2614.52,3457913
1784711700,INFY,2618.07,2643.93,2603.17,2625.14,5536236
1784798100,INFY,2619.75,2687.50,2591.30,2670.64,6005766
1784884500,INFY,2683.87,2733.47,2662.03,2726.52,8165268
1785143700,INFY,2721.62,2842.38,2703.15,2823.53,8179910
1785230100,INFY,2830.35,2836.42,2776.34,2805.20,2895841
1785316500,INFY,2790.23,2803.94,2781.89,2797.02,3744080
1785402900,INFY,2794.40,2854.94,2784.82,2843.01,6578698
1785489300,INFY,2831.77,2919.56,2807.23,2816.23,7064568
1785748500,INFY,2812.08,2859.91,2787.92,2835.47,9595612
1785834900,INFY,2827.34,2862.59,2768.79,2778.78,4586829
1785921300,INFY,2777.42,2783.59,2753.15,2759.38,6274775
1786007700,INFY,2748.22,2774.25,2681.89,2708.79,4979830
1786094100,INFY,2707.32,2721.61,2627.67,2680.61,5879405
1786353300,INFY,2674.85,2706.75,2664.42,2687.76,2269790
1786439700,INFY,2684.09,2789.57,2652.73,2753.17,5802730
1786526100,INFY,2754.06,2788.55,2714.50,2724.56,8540607
1786612500,INFY,2734.71,2752.98,2679.33,2694.20,9158044
1786698900,INFY,2714.24,2756.62,2646.97,2657.61,8846126
1786958100,INFY,2648.70,2678.63,2567.88,2591.38,14310691
1787044500,INFY,2604.79,2626.58,2563.70,2580.28,5848440
1787130900,INFY,2567.38,2657.32,2557.86,2610.06,6088597
1787217300,INFY,2610.06,2631.87,2570.46,2584.57,5056494
1787303700,INFY,2584.53,2625.32,2570.98,2591.48,6626139
1787562900,INFY,2592.38,2640.25,2535.90,2561.72,7818122
1787649300,INFY,2579.89,2603.34,2543.91,2565.91,4347850
1787735700,INFY,2566.18,2590.00,2503.56,2516.39,5709750
1787822100,INFY,2530.06,2545.80,2466.35,2506.72,7932693
1787908500,INFY,2490.44,2499.58,2484.14,2490.21,8090879
1788167700,INFY,2476.22,2505.32,2462.78,2477.62,4835786
1788254100,INFY,2491.60,2544.20,2464.07,2476.53,7586863
1788340500,INFY,2491.44,2502.51,2470.91,2478.94,4109608
1788426900,INFY,2476.91,2514.10,2462.43,2502.96,7919932
1788513300,INFY,2490.75,2498.78,2476.72,2485.97,12357359
1788772500,INFY,2498.64,2588.89,2491.63,2572.67,15359379
1788858900,INFY,2581.17,2614.91,2535.64,2578.74,7729400
1788945300,INFY,2566.12,2624.36,2559.03,2579.37,5760191
1789031700,INFY,2582.93,2600.80,2541.64,2585.97,7076411
1789118100,INFY,2575.82,2653.50,2563.10,2614.63,7157106
1789377300,INFY,2629.39,2665.69,2621.51,2648.61,3007649
1789463700,INFY,2657.42,2684.19,2627.65,2658.99,4489604
1759310100,HDFCBANK,1538.87,1556.59,1521.51,1537.00,14329082
1759396500,HDFCBANK,1534.35,1570.71,1514.93,1555.50,21992828
1759482900,HDFCBANK,1550.78,1564.71,1517.80,1533.59,10919394
1759742100,HDFCBANK,1537.23,1555.60,1509.55,1519.68,12914310
1759828500,HDFCBANK,1521.61,1571.62,1512.67,1561.13,10960173
1759914900,HDFCBANK,1558.37,1563.73,1549.92,1560.01,15232505
1760001300,HDFCBANK,1556.42,1570.80,1532.22,1536.29,6951876
1760087700,HDFCBANK,1536.23,1539.71,1503.19,1515.71,10942101
1760346900,HDFCBANK,1517.11,1538.69,1499.05,1521.29,23328532
1760433300,HDFCBANK,1528.16,1537.55,1517.11,1523.10,10029432
1760519700,HDFCBANK,1526.78,1536.17,1514.36,1531.26,15165923
1760606100,HDFCBANK,1531.61,1552.05,1493.79,1509.03,13769422
1760692500,HDFCBANK,1496.90,1505.45,1451.26,1480.84,12730367
1760951700,HDFCBANK,1485.73,1502.89,1435.34,1446.75,5869836
1761038100,HDFCBANK,1453.13,1466.33,1446.45,1456.94,8544083
1761124500,HDFCBANK,1455.18,1476.76,1424.05,1447.98,14192913
1761210900,HDFCBANK,1453.53,1457.41,1429.65,1445.93,10488219
1761297300,HDFCBANK,1444.53,1454.01,1441.08,1450.99,17383558
1761556500,HDFCBANK,1441.28,1479.47,1425.53,1462.95,19296826
1761642900,HDFCBANK,1462.09,1466.38,1430.06,1433.91,12961086
1761729300,HDFCBANK,1425.73,1441.28,1396.83,1399.65,11852756
1761815700,HDFCBANK,1397.16,1439.04,1385.90,1433.95,5535243
1761902100,HDFCBANK,1443.14,1463.77,1413.85,1457.58,7030744
1762161300,HDFCBANK,1464.64,1481.82,1436.89,1459.76,12811881
1762247700,HDFCBANK,1462.33,1472.88,1447.42,1456.05,28063804
1762334100,HDFCBANK,1456.50,1475.98,1434.37,1452.51,14416928
1762420500,HDFCBANK,1453.47,1462.77,1431.58,1456.35,8504692
1762506900,HDFCBANK,1458.67,1464.59,1415.73,1431.07,7028059
1762766100,HDFCBANK,1424.41,1450.69,1406.89,1443.46,9881855
1762852500,HDFCBANK,1449.27,1453.11,1392.52,1415.92,17053278
1762938900,HDFCBANK,1413.81,1427.72,1407.82,1412.97,9852629
1763025300,HDFCBANK,1406.48,1410.46,1380.52,1394.79,7689765
1763111700,HDFCBANK,1393.85,1407.81,1386.55,1394.87,14542491
1763370900,HDFCBANK,1407.52,1430.38,1393.54,1423.33,9282555
1763457300,HDFCBANK,1422.61,1454.63,1401.18,1448.47,11089818
1763543700,HDFCBANK,1444.76,1454.63,1417.41,1434.93,14184362
1763630100,HDFCBANK,1428.01,1461.47,1418.84,1437.60,20270084
1763716500,HDFCBANK,1435.86,1439.77,1415.75,1436.76,11464808
1763975700,HDFCBANK,1440.30,1463.49,1433.54,1437.69,13391790
1764062100,HDFCBANK,1441.57,1466.45,1431.95,1455.92,11847260
1764148500,HDFCBANK,1449.00,1469.28,1420.70,1431.50,22670892
1764234900,HDFCBANK,1430.46,1455.20,1411.57,1448.31,9064494
1764321300,HDFCBANK,1455.83,1463.01,1447.92,1451.32,11693233
1764580500,HDFCBANK,1444.60,1457.08,1437.10,1440.41,17043282
1764666900,HDFCBANK,1437.94,1458.93,1426.85,1429.98,16799972
1764753300,HDFCBANK,1433.33,1440.02,1414.16,1426.60,13947838
1764839700,HDFCBANK,1430.20,1434.66,1413.57,1422.03,16735873
1764926100,HDFCBANK,1425.88,1442.20,1415.18,1428.92,10127849
1765185300,HDFCBANK,1429.29,1496.41,1425.31,1483.47,7542208
1765271700,HDFCBANK,1485.06,1524.38,1461.77,1515.33,12454050
1765358100,HDFCBANK,1523.47,1534.52,1498.78,1507.91,11058165
1765444500,HDFCBANK,1500.32,1527.16,1479.23,1491.21,17248268
1765530900,HDFCBANK,1478.45,1481.54,1430.41,1437.54,7527750
1765790100,HDFCBANK,1443.79,1449.43,1425.83,1444.49,9410930
1765876500,HDFCBANK,1432.55,1439.01,1420.19,1430.89,10071909
1765962900,HDFCBANK,1428.41,1443.18,1396.76,1420.30,12483776
1766049300,HDFCBANK,1409.92,1443.40,1397.97,1424.51,16233895
1766135700,HDFCBANK,1431.26,1446.03,1425.95,1437.87,17787497
1766394900,HDFCBANK,1431.95,1441.55,1412.39,1423.43,15731688
1766481300,HDFCBANK,1413.28,1420.66,1389.18,1396.49,5925566
1766567700,HDFCBANK,1398.93,1408.72,1377.90,1404.39,13482124
1766654100,HDFCBANK,1393.43,1414.11,1390.21,1404.61,9646026
1766740500,HDFCBANK,1403.02,1415.60,1389.33,1394.35,18870702
1766999700,HDFCBANK,1404.78,1426.01,1392.36,1416.69,10912057
1767086100,HDFCBANK,1435.44,1450.26,1425.56,1446.38,9494020
1767172500,HDFCBANK,1447.40,1459.15,1421.43,1426.32,8072944
1767258900,HDFCBANK,1429.82,1445.65,1409.46,1434.94,24548531
1767345300,HDFCBANK,1430.20,1439.91,1416.82,1420.77,12649294
1767604500,HDFCBANK,1422.43,1441.38,1408.98,1435.84,11604495
1767690900,HDFCBANK,1439.13,1452.14,1420.83,1430.29,11060264
1767777300,HDFCBANK,1431.94,1435.13,1418.45,1425.33,11412934
1767863700,HDFCBANK,1429.01,1442.89,1415.73,1418.77,15782628
1767950100,HDFCBANK,1414.73,1453.52,1403.86,1429.37,13435758
1768209300,HDFCBANK,1429.93,1482.05,1425.09,1470.02,19018810
1768295700,HDFCBANK,1460.12,1485.08,1454.38,1474.41,12684338
1768382100,HDFCBANK,1472.55,1487.65,1428.89,1457.79,8771907
1768468500,HDFCBANK,1443.43,1448.75,1417.25,1441.34,8890554
1768554900,HDFCBANK,1446.29,1485.66,1436.01,1479.51,8294557
1768814100,HDFCBANK,1475.70,1481.07,1456.39,1459.76,12921741
1768900500,HDFCBANK,1450.99,1459.43,1413.95,1423.06,6469627
1768986900,HDFCBANK,1426.21,1444.66,1406.52,1423.43,7473539
1769073300,HDFCBANK,1421.55,1437.20,1403.54,1415.94,11585522
1769159700,HDFCBANK,1417.51,1442.97,1405.94,1432.73,11047490
1769418900,HDFCBANK,1426.38,1430.04,1387.86,1403.48,18089263
1769505300,HDFCBANK,1395.19,1400.77,1379.43,1382.55,7720429
1769591700,HDFCBANK,1384.72,1408.91,1354.72,1371.46,16373924
1769678100,HDFCBANK,1380.09,1406.01,1374.95,1396.35,12342599
1769764500,HDFCBANK,1384.18,1407.94,1376.22,1381.78,15152599
1770023700,HDFCBANK,1375.28,1396.69,1370.07,1384.49,10975757
1770110100,HDFCBANK,1384.05,1393.43,1368.48,1380.59,4139833
1770196500,HDFCBANK,1388.06,1394.98,1383.08,1386.52,7631376
1770282900,HDFCBANK,1388.41,1394.55,1372.12,1389.66,12855405
1770369300,HDFCBANK,1395.03,1412.18,1385.24,1391.17,12741153
1770628500,HDFCBANK,1390.62,1399.00,1356.94,1374.07,9115478
1770714900,HDFCBANK,1380.40,1394.21,1375.53,1378.41,11030002
1770801300,HDFCBANK,1378.56,1398.50,1366.16,1390.65,16874997
1770887700,HDFCBANK,1394.29,1413.91,1379.20,1397.56,8601068
1770974100,HDFCBANK,1403.50,1408.07,1393.63,1403.98,13611823
1771233300,HDFCBANK,1400.01,1405.41,1381.64,1391.14,8707052
1771319700,HDFCBANK,1387.03,1405.79,1375.33,1380.17,17996498
1771406100,HDFCBANK,1385.83,1422.20,1371.22,1396.64,7442303
1771492500,HDFCBANK,1388.83,1424.97,1382.59,1400.30,7562052
1771578900,HDFCBANK,1405.81,1442.44,1395.97,1416.95,14818655
1771838100,HDFCBANK,1413.46,1420.09,1384.24,1391.16,14495982
1771924500,HDFCBANK,1396.96,1418.05,1370.29,1390.35,12551388
1772010900,HDFCBANK,1386.24,1420.55,1366.07,1409.67,12044026
1772097300,HDFCBANK,1398.76,1410.86,1387.93,1402.00,10123293
1772183700,HDFCBANK,1400.90,1413.18,1396.72,1409.20,23772160
1772442900,HDFCBANK,1409.91,1436.17,1386.95,1394.93,12476619
1772529300,HDFCBANK,1386.76,1391.60,1362.82,1375.98,9860271
1772615700,HDFCBANK,1389.12,1411.17,1381.62,1388.32,22074977
1772702100,HDFCBANK,1385.67,1431.24,1382.00,1420.38,13128726
1772788500,HDFCBANK,1415.94,1434.89,1412.04,1420.12,6479185
1773047700,HDFCBANK,1418.74,1425.56,1401.34,1411.00,15875770
1773134100,HDFCBANK,1409.16,1427.07,1402.85,1424.02,13982782
1773220500,HDFCBANK,1421.48,1459.23,1414.35,1433.13,5468405
1773306900,HDFCBANK,1436.49,1442.06,1390.64,1400.38,14787754
1773393300,HDFCBANK,1401.06,1410.29,1382.54,1392.57,13729091
1773652500,HDFCBANK,1396.00,1407.96,1380.12,1386.07,9112645
1773738900,HDFCBANK,1396.06,1442.19,1392.71,1422.79,10327386
1773825300,HDFCBANK,1427.01,1461.88,1410.19,1445.71,9083286
1773911700,HDFCBANK,1441.80,1455.79,1430.73,1434.97,12506821
1773998100,HDFCBANK,1433.63,1443.91,1424.28,1434.70,14966515
1774257300,HDFCBANK,1429.50,1450.91,1426.50,1431.87,12965109
1774343700,HDFCBANK,1428.76,1446.65,1423.57,1435.36,11372468
1774430100,HDFCBANK,1440.67,1470.15,1413.85,1454.87,19661000
1774516500,HDFCBANK,1456.02,1464.99,1434.79,1453.79,12220751
1774602900,HDFCBANK,1459.04,1502.90,1422.63,1483.62,13010581
1774862100,HDFCBANK,1481.17,1502.05,1470.37,1485.79,16094239
1774948500,HDFCBANK,1480.71,1501.75,1459.33,1492.85,13685789
1775034900,HDFCBANK,1495.38,1513.92,1487.84,1509.23,12956149
1775121300,HDFCBANK,1515.34,1550.51,1503.52,1545.10,13563293
1775207700,HDFCBANK,1542.80,1551.24,1497.01,1511.73,15001003
1775466900,HDFCBANK,1518.70,1523.42,1503.51,1515.42,36730855
1775553300,HDFCBANK,1508.82,1514.00,1473.32,1489.49,17110942
1775639700,HDFCBANK,1497.52,1508.73,1489.06,1498.74,13604359
1775726100,HDFCBANK,1501.60,1521.36,1485.42,1502.50,10181393
1775812500,HDFCBANK,1496.98,1502.62,1468.03,1491.31,12470715
1776071700,HDFCBANK,1497.52,1517.61,1491.83,1504.45,16820058
1776158100,HDFCBANK,1507.79,1518.62,1481.44,1508.64,9721678
1776244500,HDFCBANK,1524.52,1537.46,1509.73,1517.73,6497544
1776330900,HDFCBANK,1529.84,1550.49,1526.67,1537.54,10959077
1776417300,HDFCBANK,1533.26,1547.13,1520.57,1529.66,9208953
1776676500,HDFCBANK,1538.79,1559.81,1530.66,1550.25,9277317
1776762900,HDFCBANK,1562.02,1591.98,1556.52,1582.69,11807059
1776849300,HDFCBANK,1586.41,1601.73,1568.64,1575.75,10431650
1776935700,HDFCBANK,1584.61,1594.98,1530.89,1553.09,6140075
1777022100,HDFCBANK,1551.41,1558.42,1534.05,1539.59,13178855
1777281300,HDFCBANK,1533.55,1546.66,1524.83,1540.00,11526888
1777367700,HDFCBANK,1539.58,1550.33,1501.29,1508.94,9192297
1777454100,HDFCBANK,1512.67,1543.36,1504.46,1528.91,12758585
1777540500,HDFCBANK,1529.57,1567.76,1516.25,1562.72,13436123
1777626900,HDFCBANK,1556.85,1560.87,1541.00,1548.46,16358992
1777886100,HDFCBANK,1540.11,1567.47,1523.76,1547.60,14801912
1777972500,HDFCBANK,1542.35,1562.27,1527.59,1546.28,11850168
1778058900,HDFCBANK,1545.99,1566.52,1525.46,1541.24,10258715
1778145300,HDFCBANK,1544.21,1554.15,1511.07,1521.17,11611698
1778231700,HDFCBANK,1519.88,1523.23,1499.42,1510.01,11416290
1778490900,HDFCBANK,1500.66,1516.07,1459.68,1471.72,10259948
1778577300,HDFCBANK,1470.23,1482.48,1460.09,1476.85,11651670
1778663700,HDFCBANK,1471.94,1524.30,1464.25,1498.59,5716500
1778750100,HDFCBANK,1506.27,1523.18,1475.86,1484.87,11552937
1778836500,HDFCBANK,1489.76,1497.10,1449.33,1458.30,11778926
1779095700,HDFCBANK,1461.27,1468.70,1439.95,1457.64,10225571
1779182100,HDFCBANK,1453.97,1472.83,1436.62,1446.14,8125602
1779268500,HDFCBANK,1443.60,1450.24,1430.46,1446.60,15600717
1779354900,HDFCBANK,1448.96,1465.10,1435.94,1446.07,6097895
1779441300,HDFCBANK,1447.25,1494.25,1428.60,1476.39,19507341
1779700500,HDFCBANK,1475.14,1525.11,1462.85,1494.77,10067176
1779786900,HDFCBANK,1488.43,1492.69,1451.65,1465.58,14686911
1779873300,HDFCBANK,1459.82,1485.64,1443.41,1473.29,13077538
1779959700,HDFCBANK,1473.49,1486.28,1450.09,1453.15,13398287
1780046100,HDFCBANK,1446.69,1452.17,1423.10,1436.56,6450248
1780305300,HDFCBANK,1448.05,1453.03,1430.79,1442.60,12998890
1780391700,HDFCBANK,1449.26,1473.71,1430.54,1463.96,19051933
1780478100,HDFCBANK,1455.97,1469.88,1449.70,1460.94,21466095
1780564500,HDFCBANK,1454.41,1469.44,1440.55,1458.10,20585718
1780650900,HDFCBANK,1451.91,1475.83,1444.54,1463.61,11742277
1780910100,HDFCBANK,1469.66,1508.73,1454.89,1495.13,15495270
1780996500,HDFCBANK,1485.16,1507.73,1481.09,1494.55,11446793
1781082900,HDFCBANK,1494.75,1505.60,1474.13,1497.93,9649182
1781169300,HDFCBANK,1502.91,1511.06,1478.33,1485.99,9181983
1781255700,HDFCBANK,1483.26,1533.35,1469.97,1503.76,9917446
1781514900,HDFCBANK,1504.71,1560.99,1489.90,1537.10,12963412
1781601300,HDFCBANK,1531.51,1554.08,1506.60,1542.45,4601482
1781687700,HDFCBANK,1550.47,1565.19,1538.18,1558.55,6823653
1781774100,HDFCBANK,1557.43,1570.10,1537.94,1552.66,16124307
1781860500,HDFCBANK,1556.75,1561.20,1527.23,1535.43,10778190
1782119700,HDFCBANK,1532.71,1551.00,1515.10,1538.57,8627696
1782206100,HDFCBANK,1545.73,1552.27,1493.84,1501.38,11348042
1782292500,HDFCBANK,1508.16,1533.84,1497.47,1515.21,14332360
1782378900,HDFCBANK,1524.36,1534.05,1487.20,1499.90,8476860
1782465300,HDFCBANK,1497.66,1519.75,1489.63,1510.81,10770452
1782724500,HDFCBANK,1513.78,1518.30,1488.26,1502.94,8141619
1782810900,HDFCBANK,1501.56,1516.60,1488.18,1511.98,17450277
1782897300,HDFCBANK,1514.41,1541.23,1509.88,1529.57,9695210
1782983700,HDFCBANK,1527.01,1540.03,1504.31,1514.13,7244056
1783070100,HDFCBANK,1519.97,1578.35,1507.25,1563.49,15224599
1783329300,HDFCBANK,1561.56,1576.36,1553.97,1570.09,24021699
1783415700,HDFCBANK,1563.26,1583.41,1535.99,1570.51,19015506
1783502100,HDFCBANK,1574.11,1588.75,1554.93,1570.61,16440096
1783588500,HDFCBANK,1569.48,1589.61,1554.76,1567.34,11650950
1783674900,HDFCBANK,1577.17,1592.71,1570.98,1581.68,14525994
1783934100,HDFCBANK,1575.28,1598.06,1547.76,1576.45,12351902
1784020500,HDFCBANK,1585.31,1591.88,1562.82,1576.33,17333231
1784106900,HDFCBANK,1579.86,1600.05,1553.93,1580.10,8854398
1784193300,HDFCBANK,1589.33,1617.25,1537.04,1553.82,19028929
1784279700,HDFCBANK,1553.17,1570.19,1530.35,1547.39,9926770
1784538900,HDFCBANK,1552.98,1589.23,1526.54,1582.75,7735010
1784625300,HDFCBANK,1578.72,1582.61,1567.25,1575.39,10639794
1784711700,HDFCBANK,1574.74,1588.41,1518.07,1536.92,9480263
1784798100,HDFCBANK,1542.37,1587.15,1531.25,1547.94,19900157
1784884500,HDFCBANK,1551.23,1585.62,1532.10,1569.48,9807489
1785143700,HDFCBANK,1569.93,1604.27,1565.11,1580.52,11506630
1785230100,HDFCBANK,1580.48,1605.93,1555.73,1566.91,14022626
1785316500,HDFCBANK,1564.57,1577.58,1545.90,1550.60,14672627
1785402900,HDFCBANK,1550.86,1568.62,1526.18,1564.86,16585509
1785489300,HDFCBANK,1563.47,1570.20,1544.39,1556.25,10514559
1785748500,HDFCBANK,1564.47,1602.74,1550.01,1591.50,18455466
1785834900,HDFCBANK,1590.46,1604.45,1559.15,1586.50,10080134
1785921300,HDFCBANK,1584.17,1606.54,1568.76,1596.70,7366596
1786007700,HDFCBANK,1602.52,1618.61,1580.83,1585.36,21421895
1786094100,HDFCBANK,1595.61,1604.37,1555.80,1568.32,10356258
1786353300,HDFCBANK,1576.38,1586.80,1565.21,1574.18,7542732
1786439700,HDFCBANK,1575.89,1595.82,1530.91,1543.10,9124127
1786526100,HDFCBANK,1540.17,1560.47,1495.82,1508.58,8040191
1786612500,HDFCBANK,1516.51,1538.68,1509.61,1535.02,6669916
1786698900,HDFCBANK,1523.01,1533.19,1499.15,1518.56,14106904
1786958100,HDFCBANK,1525.69,1555.24,1516.00,1546.40,9757169
1787044500,HDFCBANK,1545.52,1556.96,1540.45,1545.00,12852735
1787130900,HDFCBANK,1548.28,1553.20,1529.95,1538.67,24860238
1787217300,HDFCBANK,1543.15,1565.07,1525.28,1554.41,6632836
1787303700,HDFCBANK,1554.91,1561.28,1537.41,1545.55,8914981
1787562900,HDFCBANK,1550.29,1570.85,1543.43,1558.51,16268701
1787649300,HDFCBANK,1554.84,1580.73,1528.52,1547.57,8021359
1787735700,HDFCBANK,1541.52,1569.75,1533.14,1554.91,11159069
1787822100,HDFCBANK,1564.81,1592.90,1553.61,1581.11,7583246
1787908500,HDFCBANK,1579.35,1584.06,1567.99,1574.17,18135689
1788167700,HDFCBANK,1569.96,1584.94,1546.81,1558.71,8734211
1788254100,HDFCBANK,1557.62,1579.30,1521.39,1543.93,23658056
1788340500,HDFCBANK,1544.40,1550.05,1538.70,1546.14,12073389
1788426900,HDFCBANK,1553.63,1576.96,1543.36,1567.34,14407838
1788513300,HDFCBANK,1564.35,1597.11,1542.04,1589.77,14183284
1788772500,HDFCBANK,1594.51,1611.59,1588.03,1599.23,14338259
1788858900,HDFCBANK,1591.57,1616.24,1584.94,1610.05,14731530
1788945300,HDFCBANK,1603.32,1615.49,1555.01,1584.64,18664868
1789031700,HDFCBANK,1587.53,1629.79,1581.29,1608.86,13370604
1789118100,HDFCBANK,1605.77,1642.01,1594.40,1635.77,10520893
1789377300,HDFCBANK,1644.08,1674.25,1619.68,1656.81,11584774
1789463700,HDFCBANK,1657.72,1670.31,1611.21,1622.94,20463745
1759310100,ICICIBANK,1151.24,1178.95,1146.53,1152.97,18956660
1759396500,ICICIBANK,1157.72,1206.90,1147.60,1180.18,19227253
1759482900,ICICIBANK,1181.31,1195.34,1176.80,1186.97,10814575
1759742100,ICICIBANK,1188.11,1198.53,1165.80,1177.82,13393572
1759828500,ICICIBANK,1169.95,1178.07,1162.16,1174.34,11271149
1759914900,ICICIBANK,1174.97,1197.30,1155.88,1179.97,10531976
1760001300,ICICIBANK,1177.88,1197.34,1147.33,1164.59,13471273
1760087700,ICICIBANK,1170.35,1173.30,1154.73,1165.38,13403135
1760346900,ICICIBANK,1161.43,1197.71,1154.84,1189.60,27904500
1760433300,ICICIBANK,1189.19,1195.37,1169.48,1172.46,10254817
1760519700,ICICIBANK,1162.69,1171.01,1150.93,1156.98,9885429
1760606100,ICICIBANK,1155.10,1183.11,1145.16,1165.22,11196000
1760692500,ICICIBANK,1155.45,1165.73,1152.71,1161.89,17890321
1760951700,ICICIBANK,1156.50,1175.94,1151.51,1156.10,17005275
1761038100,ICICIBANK,1154.49,1162.32,1139.27,1141.90,15374224
1761124500,ICICIBANK,1145.95,1167.36,1133.00,1150.29,11206109
1761210900,ICICIBANK,1151.14,1170.54,1141.25,1144.80,7443479
1761297300,ICICIBANK,1139.06,1142.40,1113.76,1136.10,9091526
1761556500,ICICIBANK,1142.46,1157.89,1127.50,1145.60,8443070
1761642900,ICICIBANK,1154.05,1160.79,1133.66,1140.62,11659188
1761729300,ICICIBANK,1140.27,1153.33,1132.59,1148.41,6660982
1761815700,ICICIBANK,1148.84,1156.10,1126.95,1135.30,10173418
1761902100,ICICIBANK,1133.71,1146.96,1116.92,1123.85,30863373
1762161300,ICICIBANK,1125.76,1135.43,1114.37,1131.15,15658294
1762247700,ICICIBANK,1133.85,1136.65,1105.51,1126.50,7646871
1762334100,ICICIBANK,1121.97,1129.30,1096.92,1120.67,9663964
1762420500,ICICIBANK,1124.41,1129.72,1109.83,1125.79,17091361
1762506900,ICICIBANK,1124.97,1140.22,1116.77,1121.17,10035987
1762766100,ICICIBANK,1115.81,1126.13,1103.28,1122.23,13384694
1762852500,ICICIBANK,1119.46,1123.16,1090.58,1093.96,15701258
1762938900,ICICIBANK,1103.12,1105.48,1064.16,1083.56,11847460
1763025300,ICICIBANK,1083.98,1095.19,1070.85,1090.62,17297428
1763111700,ICICIBANK,1092.25,1095.34,1076.60,1082.90,9647700
1763370900,ICICIBANK,1085.68,1094.91,1058.65,1066.17,15620159
1763457300,ICICIBANK,1064.50,1077.61,1044.04,1054.49,15422698
1763543700,ICICIBANK,1050.93,1069.36,1043.98,1062.29,17623208
1763630100,ICICIBANK,1065.57,1093.41,1056.73,1076.17,11893433
1763716500,ICICIBANK,1074.84,1101.99,1072.66,1087.89,13059913
1763975700,ICICIBANK,1090.20,1112.35,1085.60,1091.01,17695810
1764062100,ICICIBANK,1093.62,1119.54,1086.56,1116.25,21355762
1764148500,ICICIBANK,1118.34,1130.21,1101.17,1103.50,9014441
1764234900,ICICIBANK,1106.17,1110.07,1091.20,1101.84,13097466
1764321300,ICICIBANK,1107.81,1128.89,1102.84,1124.13,16667578
1764580500,ICICIBANK,1128.41,1132.10,1099.34,1109.96,13679469
1764666900,ICICIBANK,1112.20,1121.59,1082.47,1119.33,15432203
1764753300,ICICIBANK,1112.09,1120.30,1088.86,1096.89,11454617
1764839700,ICICIBANK,1094.93,1109.79,1084.03,1100.08,23935026
1764926100,ICICIBANK,1099.31,1107.47,1091.63,1098.39,11026084
1765185300,ICICIBANK,1098.93,1116.06,1092.93,1104.86,19160454
1765271700,ICICIBANK,1107.73,1120.36,1096.29,1107.61,13761070
1765358100,ICICIBANK,1105.72,1118.54,1096.54,1103.29,19301913
1765444500,ICICIBANK,1101.20,1119.53,1093.58,1114.97,14223612
1765530900,ICICIBANK,1112.24,1123.29,1094.50,1102.98,16933196
1765790100,ICICIBANK,1102.04,1107.27,1075.09,1100.20,7694063
1765876500,ICICIBANK,1103.12,1108.58,1090.77,1106.26,12209106
1765962900,ICICIBANK,1105.73,1130.74,1097.90,1124.91,22877310
1766049300,ICICIBANK,1127.52,1146.07,1119.11,1130.91,20893756
1766135700,ICICIBANK,1133.04,1138.15,1100.01,1121.38,9629107
1766394900,ICICIBANK,1119.45,1153.40,1105.16,1142.63,15780879
1766481300,ICICIBANK,1141.81,1150.20,1119.39,1126.54,14924483
1766567700,ICICIBANK,1132.15,1148.35,1128.02,1132.75,14587392
1766654100,ICICIBANK,1132.71,1142.63,1112.26,1122.49,9267985
1766740500,ICICIBANK,1123.42,1129.29,1108.68,1118.31,16980771
1766999700,ICICIBANK,1126.22,1132.00,1113.08,1118.74,21802997
1767086100,ICICIBANK,1108.61,1119.70,1098.53,1117.40,8480015
1767172500,ICICIBANK,1123.57,1131.95,1105.02,1112.45,15665911
1767258900,ICICIBANK,1111.48,1124.33,1108.61,1111.94,15951496
1767345300,ICICIBANK,1114.36,1132.43,1077.52,1080.39,11229864
1767604500,ICICIBANK,1078.04,1090.00,1045.62,1049.08,18956807
1767690900,ICICIBANK,1051.98,1063.27,1044.34,1046.77,11357562
1767777300,ICICIBANK,1052.22,1065.34,1043.96,1050.90,12375663
1767863700,ICICIBANK,1048.37,1060.31,1041.23,1056.03,17868879
1767950100,ICICIBANK,1059.07,1076.50,1053.19,1072.38,9608467
1768209300,ICICIBANK,1070.58,1091.22,1056.77,1082.37,8246409
1768295700,ICICIBANK,1085.99,1097.57,1079.98,1093.91,9613478
1768382100,ICICIBANK,1092.72,1107.44,1066.24,1080.38,13421499
1768468500,ICICIBANK,1073.32,1081.95,1064.64,1074.66,9005327
1768554900,ICICIBANK,1069.53,1084.15,1041.02,1051.34,8017560
1768814100,ICICIBANK,1047.81,1050.81,1027.68,1033.78,13756152
1768900500,ICICIBANK,1028.91,1036.76,1009.59,1029.47,13201491
1768986900,ICICIBANK,1030.94,1055.79,1012.98,1040.73,20555326
1769073300,ICICIBANK,1035.05,1058.32,1027.29,1054.25,19658605
1769159700,ICICIBANK,1058.76,1077.46,1051.39,1068.30,17805729
1769418900,ICICIBANK,1067.43,1069.88,1038.21,1045.27,10033743
1769505300,ICICIBANK,1039.69,1049.46,1026.21,1030.59,8160032
1769591700,ICICIBANK,1030.70,1045.13,1028.50,1032.96,12286015
1769678100,ICICIBANK,1033.64,1048.01,1021.81,1040.42,15165880
1769764500,ICICIBANK,1046.08,1048.82,1029.32,1040.15,10173573
1770023700,ICICIBANK,1036.57,1050.34,1032.24,1044.47,11830741
1770110100,ICICIBANK,1045.25,1052.05,1032.08,1038.91,13819964
1770196500,ICICIBANK,1043.93,1055.79,1022.44,1030.42,9245822
1770282900,ICICIBANK,1027.19,1060.61,1017.86,1035.83,26596256
1770369300,ICICIBANK,1029.59,1060.15,1019.59,1052.77,17781200
1770628500,ICICIBANK,1047.89,1062.77,1038.02,1040.45,11932665
1770714900,ICICIBANK,1041.27,1065.50,1034.10,1038.71,15275111
1770801300,ICICIBANK,1046.07,1067.32,1043.23,1053.12,15185423
1770887700,ICICIBANK,1055.79,1088.84,1052.03,1085.30,23716604
1770974100,ICICIBANK,1082.40,1090.47,1071.45,1077.70,18030154
1771233300,ICICIBANK,1079.59,1096.15,1073.19,1081.04,17120349
1771319700,ICICIBANK,1080.70,1102.66,1060.23,1068.04,8735359
1771406100,ICICIBANK,1065.93,1077.09,1061.60,1074.85,18241226
1771492500,ICICIBANK,1067.88,1072.45,1050.66,1057.83,33628256
1771578900,ICICIBANK,1060.70,1078.18,1052.66,1066.88,14908278
1771838100,ICICIBANK,1061.56,1074.30,1048.11,1052.18,12893020
1771924500,ICICIBANK,1047.57,1061.72,1040.26,1052.20,10809674
1772010900,ICICIBANK,1055.10,1061.60,1031.76,1045.14,15724953
1772097300,ICICIBANK,1044.76,1072.26,1035.97,1060.39,13105630
1772183700,ICICIBANK,1056.71,1071.82,1042.53,1065.61,9917465
1772442900,ICICIBANK,1062.90,1077.28,1056.33,1061.13,10331289
1772529300,ICICIBANK,1067.85,1073.65,1059.05,1068.82,20627388
1772615700,ICICIBANK,1072.45,1077.76,1067.56,1071.21,13991243
1772702100,ICICIBANK,1076.78,1085.22,1069.93,1077.17,18161075
1772788500,ICICIBANK,1074.85,1091.08,1060.82,1084.50,11025977
1773047700,ICICIBANK,1085.09,1094.61,1072.61,1075.84,22309150
1773134100,ICICIBANK,1079.76,1082.71,1046.58,1063.39,22704554
1773220500,ICICIBANK,1061.80,1067.77,1043.09,1055.70,8011939
1773306900,ICICIBANK,1049.92,1056.80,1047.37,1049.74,24259407
1773393300,ICICIBANK,1049.01,1065.92,1036.84,1041.98,10980985
1773652500,ICICIBANK,1034.15,1046.94,996.70,1020.81,9590052
1773738900,ICICIBANK,1026.93,1032.83,992.22,1008.29,16441024
1773825300,ICICIBANK,1009.62,1011.73,991.85,1002.45,9913867
1773911700,ICICIBANK,1008.82,1023.54,999.81,1009.60,9341937
1773998100,ICICIBANK,1007.23,1024.36,993.59,1009.87,24220415
1774257300,ICICIBANK,1006.67,1014.30,991.20,1004.87,13815709
1774343700,ICICIBANK,1007.86,1018.84,993.73,1008.39,17111647
1774430100,ICICIBANK,1004.87,1021.76,1000.98,1009.25,15644202
1774516500,ICICIBANK,1007.63,1012.01,997.53,1009.68,17664532
1774602900,ICICIBANK,1013.32,1017.13,996.15,1007.91,41297070
1774862100,ICICIBANK,1010.30,1029.76,1005.47,1011.57,15779478
1774948500,ICICIBANK,1007.88,1011.62,969.56,976.16,11859777
1775034900,ICICIBANK,972.98,984.60,956.12,963.79,17116179
1775121300,ICICIBANK,957.58,975.83,945.28,972.58,26647952
1775207700,ICICIBANK,972.73,976.98,960.00,967.89,14359803
1775466900,ICICIBANK,966.08,970.83,949.54,952.85,10063149
1775553300,ICICIBANK,951.49,957.31,940.28,949.03,17502344
1775639700,ICICIBANK,943.97,951.64,931.80,941.12,9695448
1775726100,ICICIBANK,945.48,951.42,918.14,933.92,23579893
1775812500,ICICIBANK,944.21,948.41,935.52,938.70,11444703
1776071700,ICICIBANK,942.70,948.68,939.65,945.88,10156417
1776158100,ICICIBANK,950.05,976.28,944.05,966.14,15173541
1776244500,ICICIBANK,966.19,972.01,958.70,965.43,21406617
1776330900,ICICIBANK,961.79,977.91,956.43,971.61,15725691
1776417300,ICICIBANK,968.10,972.32,950.41,954.73,26247593
1776676500,ICICIBANK,948.09,957.00,923.99,928.95,14418067
1776762900,ICICIBANK,931.26,933.96,911.94,921.21,7300217
1776849300,ICICIBANK,925.26,941.23,920.54,937.38,21822347
1776935700,ICICIBANK,936.13,960.26,918.35,953.49,22653959
1777022100,ICICIBANK,950.34,958.40,935.07,956.05,8333805
1777281300,ICICIBANK,953.53,963.62,940.71,943.83,12021788
1777367700,ICICIBANK,950.83,953.71,936.93,950.06,18257143
1777454100,ICICIBANK,953.66,961.13,934.30,943.93,14506075
1777540500,ICICIBANK,948.91,957.10,940.98,955.01,12307937
1777626900,ICICIBANK,950.83,968.26,945.95,955.70,18054771
1777886100,ICICIBANK,956.05,964.03,936.07,939.69,12396149
1777972500,ICICIBANK,938.05,948.37,921.61,924.60,21696753
1778058900,ICICIBANK,929.75,936.16,916.15,926.43,16563038
1778145300,ICICIBANK,926.67,941.90,913.28,928.10,17604485
1778231700,ICICIBANK,927.48,943.29,924.15,938.25,9216145
1778490900,ICICIBANK,935.81,943.50,920.86,935.98,8711197
1778577300,ICICIBANK,926.90,948.41,901.48,922.68,14845277
1778663700,ICICIBANK,918.76,928.35,911.32,918.22,15999867
1778750100,ICICIBANK,925.38,939.42,921.92,936.94,19335277
1778836500,ICICIBANK,935.23,947.93,915.96,920.50,21936612
1779095700,ICICIBANK,924.37,945.04,920.46,931.63,12124722
1779182100,ICICIBANK,929.27,938.95,918.49,922.60,14990169
1779268500,ICICIBANK,929.32,943.10,926.40,936.11,14959687
1779354900,ICICIBANK,933.95,936.37,923.67,932.51,12048362
1779441300,ICICIBANK,930.92,937.01,921.39,930.87,8881085
1779700500,ICICIBANK,932.86,957.66,926.94,951.35,10054927
1779786900,ICICIBANK,950.17,976.76,938.69,971.51,21685425
1779873300,ICICIBANK,969.43,972.71,958.32,966.01,24086443
1779959700,ICICIBANK,960.68,962.98,940.74,945.77,14061217
1780046100,ICICIBANK,948.58,955.66,936.47,941.69,11229558
1780305300,ICICIBANK,944.43,966.69,940.50,964.66,16061211
1780391700,ICICIBANK,957.30,959.53,941.17,945.43,20848749
1780478100,ICICIBANK,952.25,968.03,945.63,957.40,31482429
1780564500,ICICIBANK,965.74,968.55,935.17,942.64,11127804
1780650900,ICICIBANK,936.99,947.47,933.56,941.00,13952146
1780910100,ICICIBANK,941.71,958.07,925.88,955.76,20012099
1780996500,ICICIBANK,956.97,970.15,937.55,946.18,18396206
1781082900,ICICIBANK,948.08,957.24,922.59,940.71,22215294
1781169300,ICICIBANK,943.51,970.72,931.41,966.03,11071949
1781255700,ICICIBANK,967.55,979.30,948.39,956.52,14938289
1781514900,ICICIBANK,955.73,962.96,949.48,956.05,11782946
1781601300,ICICIBANK,960.09,963.45,935.90,950.43,6972448
1781687700,ICICIBANK,954.58,957.67,933.15,939.04,21811126
1781774100,ICICIBANK,939.11,944.89,928.51,940.77,21585828
1781860500,ICICIBANK,942.10,948.90,931.68,944.57,9006951
1782119700,ICICIBANK,946.62,956.01,943.98,952.08,15411120
1782206100,ICICIBANK,956.91,967.68,952.26,959.56,8106909
1782292500,ICICIBANK,964.75,994.03,956.14,976.37,15316493
1782378900,ICICIBANK,976.43,982.11,965.86,972.03,13782151
1782465300,ICICIBANK,973.35,998.67,970.94,982.40,30547208
1782724500,ICICIBANK,987.20,991.35,973.91,976.57,20829387
1782810900,ICICIBANK,977.25,980.10,970.60,975.39,9650537
1782897300,ICICIBANK,974.67,988.31,972.29,975.60,11121300
1782983700,ICICIBANK,974.55,990.51,971.81,981.87,13377149
1783070100,ICICIBANK,975.35,987.07,967.64,983.84,7771042
1783329300,ICICIBANK,981.80,995.22,976.51,987.16,20015670
1783415700,ICICIBANK,982.77,990.69,979.37,986.56,11083711
1783502100,ICICIBANK,984.99,989.68,978.97,984.93,20285031
1783588500,ICICIBANK,983.17,1004.57,957.51,979.63,27125620
1783674900,ICICIBANK,979.29,984.37,977.32,979.65,21411248
1783934100,ICICIBANK,984.54,994.10,978.80,990.29,10639643
1784020500,ICICIBANK,991.71,994.19,986.28,988.92,16636726
1784106900,ICICIBANK,986.88,999.57,964.27,969.55,16666441
1784193300,ICICIBANK,969.60,985.69,965.65,968.63,14226042
1784279700,ICICIBANK,965.17,984.61,959.97,968.80,12396984
1784538900,ICICIBANK,965.33,972.43,962.37,969.57,19330612
1784625300,ICICIBANK,969.45,972.43,935.97,942.32,14026315
1784711700,ICICIBANK,938.43,973.44,932.65,958.74,9010757
1784798100,ICICIBANK,955.26,962.82,948.11,950.04,18704901
1784884500,ICICIBANK,949.83,966.50,937.40,963.39,21884146
1785143700,ICICIBANK,963.40,975.08,952.60,972.81,16890042
1785230100,ICICIBANK,972.08,982.44,956.31,966.79,7513549
1785316500,ICICIBANK,962.58,974.46,950.06,964.78,15653767
1785402900,ICICIBANK,967.88,970.17,951.68,959.90,18419441
1785489300,ICICIBANK,960.04,965.26,938.97,946.58,15041232
1785748500,ICICIBANK,944.82,966.40,935.02,962.67,13230268
1785834900,ICICIBANK,962.14,965.07,954.24,962.71,10114838
1785921300,ICICIBANK,969.44,973.29,961.14,966.50,9526462
1786007700,ICICIBANK,961.36,974.42,957.92,968.83,13452010
1786094100,ICICIBANK,968.89,992.35,954.07,982.57,26638928
1786353300,ICICIBANK,987.00,1009.05,980.85,1003.74,8805304
1786439700,ICICIBANK,1005.20,1022.85,996.61,1017.99,17311700
1786526100,ICICIBANK,1022.48,1053.14,1018.20,1030.64,12839247
1786612500,ICICIBANK,1026.87,1032.69,994.96,1005.05,15978047
1786698900,ICICIBANK,1003.57,1021.26,978.86,988.57,17865531
1786958100,ICICIBANK,982.61,1001.03,979.75,997.83,16572234
1787044500,ICICIBANK,995.47,1005.67,966.24,978.43,10707573
1787130900,ICICIBANK,980.02,990.77,958.09,976.98,10471973
1787217300,ICICIBANK,982.99,993.15,962.29,984.61,8850340
1787303700,ICICIBANK,982.87,993.26,976.08,982.64,15309893
1787562900,ICICIBANK,984.35,996.38,968.29,975.83,28658108
1787649300,ICICIBANK,975.39,994.45,953.57,983.61,11109740
1787735700,ICICIBANK,985.17,1000.27,982.61,993.47,18120965
1787822100,ICICIBANK,999.70,1005.25,982.97,990.45,15391121
1787908500,ICICIBANK,990.28,1001.25,971.62,983.82,11211662
1788167700,ICICIBANK,981.04,988.17,965.51,976.24,25369331
1788254100,ICICIBANK,978.14,1002.71,973.80,995.20,12865252
1788340500,ICICIBANK,998.48,1015.80,987.81,1009.96,28493100
1788426900,ICICIBANK,1013.80,1028.03,1011.50,1024.79,10174491
1788513300,ICICIBANK,1018.16,1051.64,1010.17,1047.26,19918073
1788772500,ICICIBANK,1053.11,1064.54,1041.98,1050.67,23220525
1788858900,ICICIBANK,1053.32,1059.44,1027.39,1043.23,17712104
1788945300,ICICIBANK,1044.29,1053.25,1019.39,1035.69,19012521
1789031700,ICICIBANK,1036.59,1039.29,1016.61,1021.34,10259818
1789118100,ICICIBANK,1015.81,1024.80,1006.18,1021.21,12552259
1789377300,ICICIBANK,1018.93,1022.88,1009.81,1017.64,8940057
1789463700,ICICIBANK,1025.09,1039.56,1019.71,1026.00,12583622
1759310100,TATAMOTORS,890.57,913.99,880.64,902.45,7566584
1759396500,TATAMOTORS,899.20,902.58,874.48,880.71,15275110
1759482900,TATAMOTORS,878.35,884.43,868.79,872.02,16769936
1759742100,TATAMOTORS,871.02,881.06,857.74,872.87,5923457
1759828500,TATAMOTORS,874.57,881.13,866.20,868.22,12078967
1759914900,TATAMOTORS,869.15,876.67,832.35,846.45,15913197
1760001300,TATAMOTORS,846.14,851.85,827.95,843.11,16323044
1760087700,TATAMOTORS,847.30,871.74,837.48,863.46,11633789
1760346900,TATAMOTORS,862.25,890.04,848.99,882.12,7337448
1760433300,TATAMOTORS,875.71,902.09,873.17,895.23,5141054
1760519700,TATAMOTORS,897.00,912.19,877.31,881.60,8743999
1760606100,TATAMOTORS,886.72,898.28,884.11,890.78,16743152
1760692500,TATAMOTORS,886.44,922.15,883.81,917.86,12889029
1760951700,TATAMOTORS,911.32,927.46,901.33,922.53,8690882
1761038100,TATAMOTORS,926.17,946.15,913.51,942.97,15191064
1761124500,TATAMOTORS,943.15,969.64,940.14,961.99,12874496
1761210900,TATAMOTORS,966.40,994.56,960.72,990.26,10219263
1761297300,TATAMOTORS,987.36,997.92,973.73,986.68,11094829
1761556500,TATAMOTORS,985.19,1004.87,968.35,1001.07,12949486
1761642900,TATAMOTORS,1001.55,1021.98,996.42,1011.63,6103748
1761729300,TATAMOTORS,1009.57,1026.53,1005.44,1012.14,12381495
1761815700,TATAMOTORS,1020.58,1052.25,1010.67,1036.71,6633040
1761902100,TATAMOTORS,1044.16,1059.94,1037.90,1051.90,18632786
1762161300,TATAMOTORS,1054.43,1057.15,1012.02,1020.15,7421661
1762247700,TATAMOTORS,1020.42,1030.68,993.23,1006.66,9607273
1762334100,TATAMOTORS,1004.11,1012.09,991.55,1004.54,8013014
1762420500,TATAMOTORS,1006.77,1009.65,987.43,1004.50,8918040
1762506900,TATAMOTORS,1002.96,1009.48,992.09,1000.22,10146055
1762766100,TATAMOTORS,1006.31,1020.50,968.18,979.56,10611840
1762852500,TATAMOTORS,978.66,980.67,959.48,971.55,7385885
1762938900,TATAMOTORS,971.17,999.90,957.08,995.04,16700727
1763025300,TATAMOTORS,998.25,1030.54,993.95,1024.79,5378793
1763111700,TATAMOTORS,1021.78,1029.42,1017.64,1025.46,5824208
1763370900,TATAMOTORS,1026.06,1041.51,1017.16,1028.60,8559508
1763457300,TATAMOTORS,1032.46,1036.85,1020.57,1025.65,10606630
1763543700,TATAMOTORS,1021.14,1032.84,994.44,1007.06,9987332
1763630100,TATAMOTORS,1003.19,1021.92,993.63,1012.72,5934285
1763716500,TATAMOTORS,1015.63,1040.42,993.26,995.27,13185212
1763975700,TATAMOTORS,991.47,1014.47,988.04,1000.10,13898910
1764062100,TATAMOTORS,1002.24,1009.67,975.35,983.08,7706411
1764148500,TATAMOTORS,982.54,1000.88,974.77,991.74,9557238
1764234900,TATAMOTORS,993.91,1007.86,990.27,1001.47,19349903
1764321300,TATAMOTORS,1001.76,1005.85,955.14,964.09,9987863
1764580500,TATAMOTORS,962.89,969.86,939.17,955.99,15871927
1764666900,TATAMOTORS,953.16,960.82,941.40,948.92,12832066
1764753300,TATAMOTORS,946.90,952.34,925.31,931.28,20692044
1764839700,TATAMOTORS,924.12,932.42,912.98,925.10,7521149
1764926100,TATAMOTORS,921.07,929.20,903.20,909.44,18176988
1765185300,TATAMOTORS,909.84,921.40,882.59,896.32,10471812
1765271700,TATAMOTORS,901.09,905.48,889.54,893.28,8010898
1765358100,TATAMOTORS,890.39,903.11,849.61,857.76,7660589
1765444500,TATAMOTORS,858.57,860.39,821.77,833.40,12182877
1765530900,TATAMOTORS,828.75,838.38,807.28,819.13,7989371
1765790100,TATAMOTORS,815.98,844.22,813.31,842.33,9737907
1765876500,TATAMOTORS,841.40,855.60,833.77,844.82,9775113
1765962900,TATAMOTORS,843.38,866.65,840.67,854.81,6986564
1766049300,TATAMOTORS,857.07,861.10,838.75,842.57,20531246
1766135700,TATAMOTORS,851.01,883.52,837.71,844.62,5881972
1766394900,TATAMOTORS,847.73,855.59,828.22,840.11,15414158
1766481300,TATAMOTORS,843.94,857.50,841.69,846.70,11510477
1766567700,TATAMOTORS,851.51,854.35,828.01,840.41,13848159
1766654100,TATAMOTORS,841.03,858.45,821.72,827.09,22308116
1766740500,TATAMOTORS,830.03,833.27,821.78,828.55,10162945
1766999700,TATAMOTORS,829.61,837.39,825.87,831.29,9309828
1767086100,TATAMOTORS,830.71,836.39,800.65,809.69,7474870
1767172500,TATAMOTORS,806.56,817.20,786.07,790.41,12451298
1767258900,TATAMOTORS,788.07,800.20,784.97,791.80,6384618
1767345300,TATAMOTORS,793.94,814.74,786.10,812.37,11493756
1767604500,TATAMOTORS,815.76,826.23,810.85,820.61,6679793
1767690900,TATAMOTORS,820.51,839.59,814.34,835.83,12851725
1767777300,TATAMOTORS,840.16,856.43,838.39,847.72,6121615
1767863700,TATAMOTORS,849.88,861.78,841.98,852.96,18198435
1767950100,TATAMOTORS,853.02,870.68,846.99,862.68,19111638
1768209300,TATAMOTORS,863.71,867.37,853.52,863.37,8937472
1768295700,TATAMOTORS,864.60,872.64,829.62,848.39,6635612
1768382100,TATAMOTORS,845.66,853.49,834.10,840.01,16129243
1768468500,TATAMOTORS,843.96,848.61,799.53,807.33,9226742
1768554900,TATAMOTORS,806.08,809.80,802.79,807.05,10209337
1768814100,TATAMOTORS,811.35,836.79,801.46,830.83,8506014
1768900500,TATAMOTORS,834.90,852.29,826.72,848.35,13040365
1768986900,TATAMOTORS,845.74,867.02,835.93,864.00,10692323
1769073300,TATAMOTORS,864.22,886.42,861.96,880.43,8557126
1769159700,TATAMOTORS,881.65,885.57,872.39,880.20,13146662
1769418900,TATAMOTORS,878.82,894.28,870.35,890.92,9177880
1769505300,TATAMOTORS,890.20,913.48,880.73,909.38,8108223
1769591700,TATAMOTORS,914.00,920.06,899.31,912.59,10220091
1769678100,TATAMOTORS,917.37,937.56,907.81,931.51,14068247
1769764500,TATAMOTORS,932.74,941.23,921.85,937.48,5523256
1770023700,TATAMOTORS,934.02,958.26,928.43,941.11,14662206
1770110100,TATAMOTORS,941.18,951.91,927.84,948.34,13386492
1770196500,TATAMOTORS,950.97,975.33,949.03,965.10,5749135
1770282900,TATAMOTORS,967.13,982.18,963.43,968.14,15284983
1770369300,TATAMOTORS,975.91,988.43,963.56,981.42,11956901
1770628500,TATAMOTORS,975.51,979.99,957.54,966.83,8849720
1770714900,TATAMOTORS,965.61,975.53,945.41,952.31,7461056
1770801300,TATAMOTORS,951.59,956.88,940.80,945.50,7891031
1770887700,TATAMOTORS,948.16,961.05,929.79,932.44,10917750
1770974100,TATAMOTORS,931.69,937.12,916.83,923.00,8830702
1771233300,TATAMOTORS,921.78,933.14,913.06,929.43,5467043
1771319700,TATAMOTORS,923.96,937.47,921.37,935.48,10438421
1771406100,TATAMOTORS,941.73,944.50,923.22,936.03,17798606
1771492500,TATAMOTORS,940.88,950.35,914.10,924.75,12204685
1771578900,TATAMOTORS,924.39,930.85,919.13,922.77,8406091
1771838100,TATAMOTORS,916.90,919.90,906.37,914.68,5721261
1771924500,TATAMOTORS,915.93,922.14,906.11,909.24,13636544
1772010900,TATAMOTORS,908.76,917.80,906.18,908.78,12219693
1772097300,TATAMOTORS,910.04,924.52,902.65,912.87,16106671
1772183700,TATAMOTORS,910.96,920.34,898.39,910.00,14859130
1772442900,TATAMOTORS,911.07,919.32,898.37,903.54,8505113
1772529300,TATAMOTORS,902.39,914.98,900.51,908.10,10467413
1772615700,TATAMOTORS,904.50,951.81,899.87,945.81,7474778
1772702100,TATAMOTORS,940.56,954.72,930.03,952.30,9544318
1772788500,TATAMOTORS,956.66,961.39,941.45,944.36,12194299
1773047700,TATAMOTORS,945.68,977.41,941.24,959.76,9468117
1773134100,TATAMOTORS,959.97,972.88,922.98,935.11,12381389
1773220500,TATAMOTORS,935.69,955.44,932.17,953.22,12744560
1773306900,TATAMOTORS,956.57,982.18,951.12,979.56,9835230
1773393300,TATAMOTORS,986.98,1010.93,960.56,974.87,15840104
1773652500,TATAMOTORS,979.93,982.22,958.02,971.14,6755287
1773738900,TATAMOTORS,973.80,1003.55,966.42,998.55,7122445
1773825300,TATAMOTORS,1002.96,1006.55,997.71,999.77,7023763
1773911700,TATAMOTORS,995.08,1006.09,983.28,998.66,7035985
1773998100,TATAMOTORS,996.45,1037.78,984.12,1028.88,9788559
1774257300,TATAMOTORS,1027.65,1074.52,1015.95,1058.87,13496530
1774343700,TATAMOTORS,1054.33,1104.46,1039.78,1098.64,7062099
1774430100,TATAMOTORS,1094.94,1107.15,1079.21,1083.55,7595934
1774516500,TATAMOTORS,1090.48,1134.59,1074.34,1128.05,5352001
1774602900,TATAMOTORS,1117.93,1122.06,1082.04,1105.71,5049261
1774862100,TATAMOTORS,1106.16,1124.67,1083.80,1115.94,8921782
1774948500,TATAMOTORS,1112.16,1129.51,1094.34,1111.00,15539353
1775034900,TATAMOTORS,1117.58,1125.24,1067.90,1086.22,16155849
1775121300,TATAMOTORS,1101.59,1113.53,1088.10,1101.08,8534552
1775207700,TATAMOTORS,1091.50,1094.73,1083.16,1085.46,13094233
1775466900,TATAMOTORS,1084.11,1090.26,1061.98,1067.72,10206386
1775553300,TATAMOTORS,1070.56,1073.64,1063.55,1067.69,4792314
1775639700,TATAMOTORS,1067.55,1070.65,1052.51,1057.09,17018386
1775726100,TATAMOTORS,1054.04,1067.09,1024.20,1042.07,11086657
1775812500,TATAMOTORS,1046.94,1075.19,1024.41,1056.95,10457925
1776071700,TATAMOTORS,1054.81,1063.55,1038.40,1050.71,14031423
1776158100,TATAMOTORS,1046.22,1091.20,1034.85,1083.19,20757801
1776244500,TATAMOTORS,1081.50,1097.41,1078.29,1084.46,11284254
1776330900,TATAMOTORS,1078.86,1132.90,1067.76,1117.75,11384842
1776417300,TATAMOTORS,1121.66,1168.11,1110.69,1149.64,9363033
1776676500,TATAMOTORS,1141.19,1149.82,1115.81,1121.41,16980813
1776762900,TATAMOTORS,1120.04,1125.10,1104.24,1112.51,10011910
1776849300,TATAMOTORS,1112.22,1126.46,1092.93,1114.47,17234500
1776935700,TATAMOTORS,1117.81,1133.19,1108.90,1124.11,6299323
1777022100,TATAMOTORS,1122.65,1160.43,1107.45,1142.22,17544236
1777281300,TATAMOTORS,1149.47,1171.47,1144.00,1163.16,13946756
1777367700,TATAMOTORS,1169.97,1175.90,1149.70,1159.85,12391852
1777454100,TATAMOTORS,1153.72,1158.73,1142.48,1156.13,9527694
1777540500,TATAMOTORS,1156.93,1163.56,1118.99,1152.79,7883944
1777626900,TATAMOTORS,1148.76,1161.60,1141.02,1147.75,7526684
1777886100,TATAMOTORS,1153.38,1162.85,1138.31,1140.96,6355111
1777972500,TATAMOTORS,1136.69,1143.14,1118.59,1123.79,7719756
1778058900,TATAMOTORS,1119.41,1124.59,1100.09,1102.40,5600595
1778145300,TATAMOTORS,1113.06,1126.47,1090.90,1093.95,7906190
1778231700,TATAMOTORS,1088.16,1095.37,1077.64,1090.34,9917639
1778490900,TATAMOTORS,1089.41,1097.12,1074.75,1093.74,7640018
1778577300,TATAMOTORS,1087.80,1096.90,1077.76,1094.65,7486518
1778663700,TATAMOTORS,1095.20,1129.69,1083.77,1126.20,21931255
1778750100,TATAMOTORS,1127.61,1136.60,1122.38,1132.57,4884100
1778836500,TATAMOTORS,1133.50,1144.93,1105.68,1120.34,8472366
1779095700,TATAMOTORS,1122.64,1127.71,1119.67,1122.15,10028493
1779182100,TATAMOTORS,1115.64,1124.32,1106.48,1122.02,10002008
1779268500,TATAMOTORS,1112.49,1128.80,1110.17,1116.00,22100746
1779354900,TATAMOTORS,1111.76,1118.86,1099.13,1103.95,4217642
1779441300,TATAMOTORS,1094.87,1107.43,1087.56,1098.18,11546935
1779700500,TATAMOTORS,1096.05,1132.14,1093.74,1112.15,6814677
1779786900,TATAMOTORS,1118.09,1121.84,1100.50,1107.32,16636040
1779873300,TATAMOTORS,1106.86,1136.54,1084.84,1123.06,7364982
1779959700,TATAMOTORS,1129.96,1137.31,1123.71,1128.68,8614935
1780046100,TATAMOTORS,1127.81,1157.40,1124.86,1151.11,13295738
1780305300,TATAMOTORS,1146.25,1162.23,1141.65,1151.01,8759584
1780391700,TATAMOTORS,1151.04,1206.62,1134.61,1197.33,21137141
1780478100,TATAMOTORS,1201.19,1216.83,1161.44,1176.72,10862469
1780564500,TATAMOTORS,1181.88,1187.69,1157.38,1164.96,11284934
1780650900,TATAMOTORS,1165.86,1223.40,1159.37,1190.50,10779389
1780910100,TATAMOTORS,1195.37,1214.86,1163.81,1177.52,13282888
1780996500,TATAMOTORS,1177.57,1196.19,1164.19,1186.37,11614817
1781082900,TATAMOTORS,1191.82,1203.55,1147.61,1168.14,9793280
1781169300,TATAMOTORS,1166.65,1180.23,1162.55,1175.46,12124945
1781255700,TATAMOTORS,1178.15,1184.95,1157.89,1172.16,8559009
1781514900,TATAMOTORS,1173.95,1191.50,1168.88,1179.82,14575251
1781601300,TATAMOTORS,1179.74,1200.78,1170.28,1195.02,15836395
1781687700,TATAMOTORS,1193.44,1202.03,1169.66,1198.70,10689531
1781774100,TATAMOTORS,1204.33,1235.29,1193.65,1217.21,8430246
1781860500,TATAMOTORS,1223.92,1228.50,1206.97,1209.80,15952613
1782119700,TATAMOTORS,1207.75,1239.87,1205.28,1235.11,17276561
1782206100,TATAMOTORS,1236.26,1262.79,1231.68,1257.45,9344980
1782292500,TATAMOTORS,1253.36,1294.66,1249.48,1277.71,11918156
1782378900,TATAMOTORS,1274.07,1303.82,1261.47,1294.35,9079655
1782465300,TATAMOTORS,1292.57,1306.31,1270.11,1276.71,17715550
1782724500,TATAMOTORS,1282.55,1285.94,1238.12,1249.28,13156572
1782810900,TATAMOTORS,1250.05,1256.03,1245.40,1248.72,11187277
1782897300,TATAMOTORS,1258.36,1293.84,1248.72,1277.42,5467438
1782983700,TATAMOTORS,1281.50,1288.07,1276.94,1279.86,11253548
1783070100,TATAMOTORS,1280.64,1315.99,1270.84,1305.23,9356109
1783329300,TATAMOTORS,1304.30,1315.53,1290.55,1312.26,10506697
1783415700,TATAMOTORS,1319.86,1326.72,1290.84,1299.03,9980045
1783502100,TATAMOTORS,1296.19,1323.83,1274.59,1306.77,14048219
1783588500,TATAMOTORS,1312.70,1369.73,1305.61,1353.85,9183635
1783674900,TATAMOTORS,1351.21,1356.50,1324.76,1342.75,8202327
1783934100,TATAMOTORS,1343.80,1367.45,1328.29,1358.62,10209685
1784020500,TATAMOTORS,1359.70,1379.75,1353.71,1365.65,19172471
1784106900,TATAMOTORS,1361.48,1372.96,1343.47,1349.79,14080396
1784193300,TATAMOTORS,1350.63,1398.73,1324.02,1390.03,4536815
1784279700,TATAMOTORS,1389.18,1433.36,1382.18,1402.56,9082687
1784538900,TATAMOTORS,1409.94,1422.19,1372.13,1382.84,13312021
1784625300,TATAMOTORS,1390.81,1479.03,1380.93,1465.63,10048062
1784711700,TATAMOTORS,1462.35,1490.25,1451.50,1484.28,10992966
1784798100,TATAMOTORS,1480.71,1514.34,1469.72,1502.73,8484547
1784884500,TATAMOTORS,1491.68,1497.73,1462.85,1467.29,13318135
1785143700,TATAMOTORS,1460.61,1490.68,1387.36,1414.99,9001119
1785230100,TATAMOTORS,1409.64,1425.20,1370.47,1387.01,13933288
1785316500,TATAMOTORS,1388.26,1397.88,1361.41,1369.55,8054222
1785402900,TATAMOTORS,1374.57,1383.04,1334.31,1339.38,4822028
1785489300,TATAMOTORS,1344.10,1354.01,1322.31,1348.49,12504102
1785748500,TATAMOTORS,1338.14,1368.98,1332.84,1365.67,8745244
1785834900,TATAMOTORS,1363.61,1381.28,1350.92,1367.18,7489874
1785921300,TATAMOTORS,1365.68,1369.60,1315.75,1326.12,5851050
1786007700,TATAMOTORS,1323.19,1332.64,1296.49,1305.53,10612241
1786094100,TATAMOTORS,1313.68,1316.69,1287.05,1295.00,10425009
1786353300,TATAMOTORS,1292.54,1297.66,1260.83,1287.76,6474126
1786439700,TATAMOTORS,1285.69,1308.90,1282.23,1295.77,6160392
1786526100,TATAMOTORS,1298.42,1303.41,1288.49,1296.92,13151615
1786612500,TATAMOTORS,1301.13,1306.38,1293.86,1302.66,9698558
1786698900,TATAMOTORS,1300.64,1325.95,1279.74,1306.78,9126029
1786958100,TATAMOTORS,1303.31,1321.17,1296.82,1311.25,7956372
1787044500,TATAMOTORS,1317.94,1323.32,1303.33,1316.40,8676927
1787130900,TATAMOTORS,1309.38,1319.49,1280.03,1287.52,12903473
1787217300,TATAMOTORS,1287.89,1314.80,1276.01,1297.14,6430095
1787303700,TATAMOTORS,1295.28,1299.43,1278.38,1288.09,4137084
1787562900,TATAMOTORS,1281.98,1304.78,1262.54,1292.93,10347291
1787649300,TATAMOTORS,1285.00,1294.14,1251.85,1254.78,12265975
1787735700,TATAMOTORS,1258.55,1283.00,1221.93,1237.15,19714547
1787822100,TATAMOTORS,1239.78,1242.50,1200.42,1206.86,8609117
1787908500,TATAMOTORS,1202.31,1220.56,1186.14,1209.83,12520185
1788167700,TATAMOTORS,1214.10,1229.93,1205.21,1211.71,11745404
1788254100,TATAMOTORS,1202.70,1214.42,1186.48,1202.30,12051033
1788340500,TATAMOTORS,1204.57,1211.91,1172.30,1182.98,13765787
1788426900,TATAMOTORS,1182.26,1203.28,1173.50,1187.10,8558017
1788513300,TATAMOTORS,1192.34,1203.73,1179.49,1192.16,12527608
1788772500,TATAMOTORS,1185.17,1212.17,1181.83,1203.74,8020661
1788858900,TATAMOTORS,1208.40,1216.45,1179.48,1192.37,13847374
1788945300,TATAMOTORS,1187.92,1204.51,1185.01,1197.87,8689453
1789031700,TATAMOTORS,1200.03,1206.37,1146.80,1155.42,12264297
1789118100,TATAMOTORS,1154.06,1170.72,1146.84,1165.79,11171213
1789377300,TATAMOTORS,1166.76,1182.53,1154.74,1174.14,5341728
1789463700,TATAMOTORS,1162.08,1174.51,1132.70,1137.71,11263246
1759310100,SBIN,763.26,769.56,746.41,749.46,13625984
1759396500,SBIN,746.91,770.81,738.13,759.66,21921108
1759482900,SBIN,758.40,774.59,756.21,772.18,20206798
1759742100,SBIN,774.52,782.24,762.35,764.39,18323535
1759828500,SBIN,767.59,771.56,758.01,768.46,23836017
1759914900,SBIN,766.71,770.82,740.26,749.55,17633789
1760001300,SBIN,749.63,756.72,727.62,731.06,16233823
1760087700,SBIN,730.61,756.66,727.53,746.90,39072305
1760346900,SBIN,750.83,766.44,744.91,759.68,19680927
1760433300,SBIN,760.65,767.20,748.38,750.76,27884988
1760519700,SBIN,747.43,762.65,736.20,756.43,14621959
1760606100,SBIN,754.71,766.62,749.90,764.59,18388350
1760692500,SBIN,767.57,789.41,765.60,772.20,16443812
1760951700,SBIN,775.49,805.56,764.37,795.70,10070839
1761038100,SBIN,794.49,817.55,785.48,814.67,17588304
1761124500,SBIN,816.62,825.97,813.36,816.01,8753839
1761210900,SBIN,814.51,818.69,792.48,800.48,15194590
1761297300,SBIN,803.78,820.27,796.63,800.99,10060655
1761556500,SBIN,802.02,810.01,784.93,793.79,20316299
1761642900,SBIN,792.52,811.38,790.24,798.29,15413926
1761729300,SBIN,797.84,804.75,793.04,799.30,17750078
1761815700,SBIN,796.82,815.41,793.42,813.76,13015860
1761902100,SBIN,811.38,825.83,801.65,821.64,9781033
1762161300,SBIN,823.04,846.93,808.76,818.25,10244755
1762247700,SBIN,820.89,828.50,809.29,820.62,15237234
1762334100,SBIN,823.21,826.99,803.69,808.51,10123912
1762420500,SBIN,811.71,824.86,808.53,813.68,23458351
1762506900,SBIN,818.55,833.64,800.59,804.88,23453881
1762766100,SBIN,803.71,814.92,798.22,800.68,12116236
1762852500,SBIN,800.05,804.61,784.61,787.09,12109092
1762938900,SBIN,791.71,794.66,773.46,780.67,15163144
1763025300,SBIN,782.81,785.83,758.96,765.64,9838900
1763111700,SBIN,764.35,772.70,756.41,769.58,17107232
1763370900,SBIN,768.14,771.09,739.28,743.59,14619724
1763457300,SBIN,743.65,753.65,733.45,741.99,27300815
1763543700,SBIN,741.87,754.18,734.22,741.51,22046728
1763630100,SBIN,742.67,761.47,740.34,759.60,16604713
1763716500,SBIN,758.58,770.79,749.14,754.61,16936322
1763975700,SBIN,754.23,759.33,752.00,756.26,16333830
1764062100,SBIN,754.83,764.59,747.93,751.10,13138751
1764148500,SBIN,746.15,761.30,737.28,757.96,13386763
1764234900,SBIN,758.26,765.42,737.90,745.50,17748936
1764321300,SBIN,741.91,747.72,706.96,717.43,16844172
1764580500,SBIN,715.42,723.53,705.53,709.96,17175070
1764666900,SBIN,711.92,718.91,696.80,713.05,22144720
1764753300,SBIN,711.54,737.24,702.21,731.88,22176517
1764839700,SBIN,726.85,743.34,724.44,738.71,23785029
1764926100,SBIN,740.78,756.21,737.89,748.90,24487286
1765185300,SBIN,749.55,761.69,743.44,753.06,12860122
1765271700,SBIN,752.80,761.83,742.18,744.13,14145037
1765358100,SBIN,745.42,770.34,740.47,766.21,22497506
1765444500,SBIN,767.50,779.05,765.32,776.38,17147490
1765530900,SBIN,777.56,784.47,765.27,779.91,20733428
1765790100,SBIN,777.11,801.07,770.32,793.66,22966088
1765876500,SBIN,789.87,808.53,782.70,796.45,14916471
1765962900,SBIN,802.65,806.73,783.61,787.44,14472649
1766049300,SBIN,788.41,797.05,782.27,793.65,23256544
1766135700,SBIN,790.27,808.42,771.31,773.66,13970213
1766394900,SBIN,777.46,785.10,754.65,757.91,13640668
1766481300,SBIN,757.82,764.63,743.29,747.82,10882675
1766567700,SBIN,748.37,752.46,734.69,739.84,18766772
1766654100,SBIN,742.59,757.86,740.55,754.68,14814677
1766740500,SBIN,755.44,766.99,747.55,753.88,19529917
1766999700,SBIN,753.78,759.26,739.08,750.26,21544318
1767086100,SBIN,749.45,751.77,730.77,734.51,10087614
1767172500,SBIN,734.29,738.01,730.99,735.59,15776903
1767258900,SBIN,735.89,747.65,730.82,734.62,19036169
1767345300,SBIN,739.59,744.57,731.41,740.44,7708572
1767604500,SBIN,739.79,741.38,724.36,730.17,19834003
1767690900,SBIN,728.58,737.86,726.84,733.41,11875156
1767777300,SBIN,734.19,739.30,720.84,722.93,13056933
1767863700,SBIN,724.26,732.90,711.32,717.10,17253750
1767950100,SBIN,715.62,719.30,707.42,713.49,24247913
1768209300,SBIN,714.84,726.01,703.54,721.52,15506271
1768295700,SBIN,719.80,725.22,708.29,711.28,17945260
1768382100,SBIN,703.28,712.76,700.99,706.53,26436901
1768468500,SBIN,707.99,714.04,695.38,700.48,8216050
1768554900,SBIN,702.30,708.50,682.76,686.13,14843259
1768814100,SBIN,688.36,703.68,682.73,695.12,11431464
1768900500,SBIN,691.13,693.58,678.62,683.08,15199693
1768986900,SBIN,681.82,686.54,670.10,679.46,21906027
1769073300,SBIN,678.25,691.91,669.37,688.81,18607473
1769159700,SBIN,688.49,698.00,683.23,691.78,11867852
1769418900,SBIN,698.25,709.72,693.15,700.33,13449777
1769505300,SBIN,700.59,727.63,684.05,725.67,14223906
1769591700,SBIN,727.84,740.51,707.04,711.08,14680460
1769678100,SBIN,712.62,731.79,709.77,724.92,23321281
1769764500,SBIN,724.21,728.69,715.92,726.18,21350118
1770023700,SBIN,722.28,730.11,710.33,719.88,13130817
1770110100,SBIN,719.75,737.29,711.99,726.19,9391170
1770196500,SBIN,720.45,730.79,705.83,722.87,12774317
1770282900,SBIN,717.89,736.84,710.16,724.39,14355302
1770369300,SBIN,726.58,728.41,718.03,721.88,6895909
1770628500,SBIN,717.19,743.99,707.72,732.62,13438693
1770714900,SBIN,733.51,746.40,725.55,742.28,10202976
1770801300,SBIN,742.19,770.34,737.02,762.61,9573013
1770887700,SBIN,764.28,771.98,759.36,764.24,11184955
1770974100,SBIN,763.66,779.32,759.16,776.74,10293861
1771233300,SBIN,777.39,782.92,744.20,755.67,12134961
1771319700,SBIN,758.78,763.14,751.56,753.78,16085250
1771406100,SBIN,753.98,768.93,751.31,761.36,17559504
1771492500,SBIN,760.44,776.39,749.70,771.36,18013456
1771578900,SBIN,767.35,775.79,749.75,753.67,6821949
1771838100,SBIN,754.18,756.60,743.73,745.97,11742949
1771924500,SBIN,747.25,766.57,735.47,760.79,15542770
1772010900,SBIN,752.75,762.89,738.78,758.19,11379837
1772097300,SBIN,760.86,773.33,758.71,769.64,12602016
1772183700,SBIN,767.54,781.73,756.83,776.03,17246147
1772442900,SBIN,773.64,788.15,769.74,784.16,17281411
1772529300,SBIN,783.67,792.41,773.12,785.06,14150791
1772615700,SBIN,781.04,801.49,769.66,795.38,10497258
1772702100,SBIN,799.18,812.48,784.88,794.79,24505372
1772788500,SBIN,794.09,804.65,790.83,797.34,12865256
1773047700,SBIN,796.82,813.45,790.25,793.92,18492802
1773134100,SBIN,791.99,811.16,787.90,807.68,15065779
1773220500,SBIN,805.94,822.38,802.40,818.58,18353949
1773306900,SBIN,820.90,830.59,818.20,819.92,10351445
1773393300,SBIN,811.42,847.66,801.12,827.67,15342568
1773652500,SBIN,828.79,843.97,811.09,814.40,8843295
1773738900,SBIN,810.74,821.57,801.27,819.23,12483153
1773825300,SBIN,816.16,830.64,811.11,826.71,15353325
1773911700,SBIN,826.87,833.74,821.00,831.83,14242423
1773998100,SBIN,830.97,845.51,822.16,833.49,19770355
1774257300,SBIN,838.75,849.78,825.53,833.15,22060305
1774343700,SBIN,838.32,840.55,820.19,828.63,16610651
1774430100,SBIN,828.26,836.60,826.35,828.85,13335975
1774516500,SBIN,831.82,841.12,824.67,828.78,21547918
1774602900,SBIN,831.81,835.97,810.28,822.77,11271323
1774862100,SBIN,826.59,830.90,818.56,820.88,12021545
1774948500,SBIN,815.67,823.25,805.40,812.11,12857207
1775034900,SBIN,810.46,840.98,805.02,833.92,17492180
1775121300,SBIN,831.59,846.74,818.84,828.06,6925636
1775207700,SBIN,821.31,835.84,813.74,818.33,10823651
1775466900,SBIN,821.37,829.54,812.22,821.25,15709241
1775553300,SBIN,823.66,825.68,799.63,808.66,17248763
1775639700,SBIN,806.58,816.54,796.86,810.72,18579157
1775726100,SBIN,811.07,818.20,796.98,813.95,10692874
1775812500,SBIN,819.23,825.72,810.24,815.20,16463362
1776071700,SBIN,818.32,820.72,802.60,809.15,22265757
1776158100,SBIN,811.32,836.50,802.46,827.38,25034864
1776244500,SBIN,829.81,837.53,791.03,797.89,26399605
1776330900,SBIN,792.96,798.94,784.19,789.73,15501615
1776417300,SBIN,792.38,805.06,775.70,799.03,16598061
1776676500,SBIN,799.57,801.31,770.13,786.31,15170701
1776762900,SBIN,785.90,799.50,775.34,781.63,14258701
1776849300,SBIN,783.87,788.22,765.64,772.22,21904096
1776935700,SBIN,776.28,802.54,773.75,798.09,15538083
1777022100,SBIN,797.81,817.29,795.81,802.48,13650252
1777281300,SBIN,802.33,820.73,796.41,815.83,7253048
1777367700,SBIN,814.33,836.78,802.18,830.08,11339327
1777454100,SBIN,823.36,831.71,812.51,824.70,22618036
1777540500,SBIN,826.36,832.80,823.05,830.86,10000844
1777626900,SBIN,835.21,837.20,827.42,831.75,9563026
1777886100,SBIN,832.26,846.32,819.43,824.32,23383772
1777972500,SBIN,824.42,835.24,807.05,821.08,12869498
1778058900,SBIN,820.92,829.91,808.60,814.45,15029463
1778145300,SBIN,822.15,836.90,795.90,807.38,9717574
1778231700,SBIN,814.41,819.69,804.65,807.46,17279556
1778490900,SBIN,804.95,814.32,801.92,807.23,11626102
1778577300,SBIN,809.03,811.83,797.20,805.89,22157171
1778663700,SBIN,810.30,828.03,802.01,817.80,10284034
1778750100,SBIN,823.55,830.69,809.00,814.93,25898052
1778836500,SBIN,812.88,828.42,800.80,817.83,14780269
1779095700,SBIN,820.48,842.29,815.77,833.54,17891496
1779182100,SBIN,836.95,849.42,833.54,843.21,26660331
1779268500,SBIN,845.08,856.01,836.96,852.08,35310122
1779354900,SBIN,849.37,858.54,834.64,848.36,15304060
1779441300,SBIN,854.69,866.17,848.66,862.05,9089755
1779700500,SBIN,860.89,870.42,850.85,852.87,10365967
1779786900,SBIN,856.25,861.56,841.42,844.58,10906793
1779873300,SBIN,840.96,854.40,838.03,849.53,35138550
1779959700,SBIN,847.50,864.73,830.42,857.21,31173262
1780046100,SBIN,862.27,866.67,851.90,857.12,30295882
1780305300,SBIN,856.43,897.30,842.51,893.26,12799646
1780391700,SBIN,898.50,903.15,878.20,884.05,17243871
1780478100,SBIN,880.49,890.97,865.53,873.93,19536135
1780564500,SBIN,880.41,885.51,860.81,865.51,14970108
1780650900,SBIN,869.32,881.90,861.93,865.41,19024144
1780910100,SBIN,866.68,869.46,858.72,862.37,8245001
1780996500,SBIN,863.46,883.05,853.79,879.18,19326918
1781082900,SBIN,872.95,879.52,853.13,870.06,16784190
1781169300,SBIN,867.65,882.49,857.19,868.61,16630328
1781255700,SBIN,863.76,867.87,843.79,847.33,23023867
1781514900,SBIN,849.20,859.49,836.61,854.05,15891359
1781601300,SBIN,856.45,868.47,838.57,864.46,13395310
1781687700,SBIN,874.14,876.82,864.91,868.43,13427070
1781774100,SBIN,870.46,879.35,842.87,849.32,21941391
1781860500,SBIN,854.71,861.64,841.41,847.70,8078775
1782119700,SBIN,848.53,877.36,836.11,870.58,10013664
1782206100,SBIN,871.19,883.61,847.67,850.01,10256162
1782292500,SBIN,850.10,862.15,837.89,854.06,7152076
1782378900,SBIN,848.15,854.87,838.85,850.20,15416669
1782465300,SBIN,855.35,860.30,835.65,850.29,9819067
1782724500,SBIN,849.57,855.26,822.53,831.74,20648566
1782810900,SBIN,830.02,835.47,819.94,824.02,13916251
1782897300,SBIN,826.58,852.84,823.02,848.51,16951357
1782983700,SBIN,847.10,853.59,831.45,845.78,13143842
1783070100,SBIN,848.16,856.55,822.89,847.12,8375846
1783329300,SBIN,848.52,868.25,843.39,857.62,18158392
1783415700,SBIN,859.21,868.69,855.03,863.52,10902689
1783502100,SBIN,866.84,888.34,861.86,885.78,10596622
1783588500,SBIN,885.43,889.50,870.81,877.43,6961373
1783674900,SBIN,876.68,886.90,867.60,877.48,25597920
1783934100,SBIN,875.87,882.39,864.63,871.76,18518879
1784020500,SBIN,871.51,884.23,869.56,881.19,10222118
1784106900,SBIN,876.74,907.15,870.45,903.56,10428475
1784193300,SBIN,904.25,911.90,868.87,876.51,8915823
1784279700,SBIN,874.09,891.60,862.72,884.03,14951498
1784538900,SBIN,890.14,894.17,876.18,880.04,18746234
1784625300,SBIN,881.92,885.00,865.43,881.74,29074528
1784711700,SBIN,887.85,897.88,882.49,894.35,20913515
1784798100,SBIN,901.53,913.69,887.78,894.64,13791459
1784884500,SBIN,898.13,906.96,883.45,903.30,12554595
1785143700,SBIN,904.24,907.46,901.12,905.04,18121393
1785230100,SBIN,898.39,913.20,885.65,887.56,20157229
1785316500,SBIN,889.35,898.31,862.98,873.18,7298695
1785402900,SBIN,861.05,865.74,842.13,846.94,24785801
1785489300,SBIN,848.98,863.89,842.61,853.84,15591185
1785748500,SBIN,851.12,857.29,840.31,853.66,8224506
1785834900,SBIN,853.65,860.11,835.33,844.05,37612928
1785921300,SBIN,844.48,852.69,837.53,849.54,14188362
1786007700,SBIN,852.39,854.81,836.19,851.47,19517464
1786094100,SBIN,852.81,861.06,821.45,826.49,11685854
1786353300,SBIN,826.41,830.60,807.00,808.67,21741985
1786439700,SBIN,812.74,826.07,789.63,800.30,43695092
1786526100,SBIN,805.69,814.93,797.83,804.69,18384071
1786612500,SBIN,804.76,818.70,795.98,813.92,15701333
1786698900,SBIN,811.49,813.64,802.50,807.94,24174529
1786958100,SBIN,801.13,833.02,793.92,821.88,14942121
1787044500,SBIN,819.39,822.97,801.07,807.50,18741119
1787130900,SBIN,810.39,827.62,797.50,814.49,17121343
1787217300,SBIN,807.78,814.13,795.70,799.34,13777395
1787303700,SBIN,801.20,804.91,789.45,796.83,13583193
1787562900,SBIN,797.24,806.25,785.38,787.46,18261020
1787649300,SBIN,782.74,792.68,755.62,763.17,26833621
1787735700,SBIN,761.39,772.89,757.80,766.05,14357158
1787822100,SBIN,768.95,782.02,760.53,774.81,16909270
1787908500,SBIN,774.62,782.89,769.71,777.40,13840452
1788167700,SBIN,778.94,794.11,776.52,780.32,16504927
1788254100,SBIN,784.46,791.33,781.44,786.71,26907833
1788340500,SBIN,787.81,791.11,767.83,777.98,20363976
1788426900,SBIN,777.59,784.22,760.71,762.71,19641038
1788513300,SBIN,765.45,776.77,761.26,766.73,14340953
1788772500,SBIN,770.23,787.29,762.52,777.02,22210391
1788858900,SBIN,779.95,793.46,777.79,783.67,13663456
1788945300,SBIN,782.69,799.95,770.99,791.29,16736020
1789031700,SBIN,790.38,800.10,778.79,790.54,15022930
1789118100,SBIN,790.59,798.56,785.54,795.69,20903319
1789377300,SBIN,796.33,800.21,777.10,797.86,19913168
1789463700,SBIN,798.35,812.07,790.90,801.53,15601836
1759310100,BHARTIARTL,1512.38,1520.71,1507.77,1512.52,7577612
1759396500,BHARTIARTL,1510.09,1518.98,1459.91,1467.24,2162886
1759482900,BHARTIARTL,1470.04,1490.19,1457.11,1472.89,6708774
1759742100,BHARTIARTL,1478.44,1483.82,1467.82,1474.74,6750099
1759828500,BHARTIARTL,1487.20,1500.61,1451.89,1473.30,5987988
1759914900,BHARTIARTL,1468.96,1474.77,1443.28,1456.10,5327699
1760001300,BHARTIARTL,1466.48,1479.09,1450.75,1454.78,6728369
1760087700,BHARTIARTL,1451.42,1464.62,1443.96,1457.74,6538016
1760346900,BHARTIARTL,1455.48,1486.57,1450.13,1470.32,7353789
1760433300,BHARTIARTL,1471.05,1495.23,1450.35,1464.97,3365819
1760519700,BHARTIARTL,1468.92,1477.91,1450.66,1471.99,5067494
1760606100,BHARTIARTL,1484.26,1508.99,1475.34,1488.97,6870423
1760692500,BHARTIARTL,1486.51,1508.05,1436.41,1449.69,5566675
1760951700,BHARTIARTL,1448.99,1475.85,1440.39,1456.74,4881284
1761038100,BHARTIARTL,1462.80,1466.14,1442.78,1451.53,5599834
1761124500,BHARTIARTL,1454.39,1472.02,1449.20,1460.10,5417867
1761210900,BHARTIARTL,1460.61,1467.70,1452.06,1457.75,5054627
1761297300,BHARTIARTL,1461.27,1494.04,1458.09,1479.47,5729720
1761556500,BHARTIARTL,1481.64,1486.40,1444.98,1458.06,5862799
1761642900,BHARTIARTL,1455.27,1473.20,1434.94,1465.45,5841717
1761729300,BHARTIARTL,1458.86,1473.14,1448.87,1468.82,8694534
1761815700,BHARTIARTL,1470.00,1476.75,1447.63,1452.79,3524189
1761902100,BHARTIARTL,1457.02,1492.76,1423.69,1474.26,4785070
1762161300,BHARTIARTL,1475.70,1485.39,1434.35,1451.38,5413387
1762247700,BHARTIARTL,1455.46,1467.24,1410.11,1420.59,9074973
1762334100,BHARTIARTL,1420.66,1460.72,1409.01,1442.60,3801968
1762420500,BHARTIARTL,1447.75,1471.52,1419.81,1428.24,4747911
1762506900,BHARTIARTL,1442.99,1474.15,1432.47,1458.34,6649204
1762766100,BHARTIARTL,1457.53,1473.83,1449.81,1455.91,6698329
1762852500,BHARTIARTL,1455.07,1473.21,1424.38,1448.13,8562309
1762938900,BHARTIARTL,1444.01,1484.30,1436.49,1469.24,7343655
1763025300,BHARTIARTL,1462.07,1474.69,1437.33,1454.37,7552064
1763111700,BHARTIARTL,1456.81,1465.90,1427.57,1449.40,2568335
1763370900,BHARTIARTL,1446.77,1480.50,1434.68,1468.54,5027608
1763457300,BHARTIARTL,1460.38,1476.56,1450.39,1471.91,5132497
1763543700,BHARTIARTL,1465.51,1491.56,1444.44,1484.32,4740432
1763630100,BHARTIARTL,1482.52,1499.23,1459.29,1466.26,4802229
1763716500,BHARTIARTL,1465.62,1479.82,1445.37,1473.68,4855521
1763975700,BHARTIARTL,1480.90,1490.64,1476.88,1482.19,5870692
1764062100,BHARTIARTL,1484.33,1493.07,1446.40,1456.92,3660120
1764148500,BHARTIARTL,1450.87,1475.17,1446.29,1471.35,7066539
1764234900,BHARTIARTL,1471.40,1518.47,1459.87,1510.30,2673815
1764321300,BHARTIARTL,1503.27,1521.19,1487.30,1496.02,3806631
1764580500,BHARTIARTL,1498.34,1549.52,1478.67,1528.62,3256078
1764666900,BHARTIARTL,1531.50,1546.10,1523.95,1529.59,7235299
1764753300,BHARTIARTL,1526.34,1546.08,1516.25,1534.16,3900247
1764839700,BHARTIARTL,1537.72,1572.18,1533.52,1556.02,3691863
1764926100,BHARTIARTL,1558.37,1563.27,1531.29,1545.20,3988343
1765185300,BHARTIARTL,1552.95,1575.12,1507.69,1521.84,3110722
1765271700,BHARTIARTL,1515.48,1531.60,1505.23,1521.36,6983141
1765358100,BHARTIARTL,1519.98,1523.42,1508.25,1513.28,6684578
1765444500,BHARTIARTL,1507.81,1539.68,1494.65,1516.84,6157686
1765530900,BHARTIARTL,1518.93,1532.08,1500.89,1523.01,5536032
1765790100,BHARTIARTL,1523.13,1555.97,1518.88,1528.39,8746774
1765876500,BHARTIARTL,1536.64,1568.21,1513.60,1561.00,4122706
1765962900,BHARTIARTL,1555.98,1605.06,1528.50,1578.42,5510880
1766049300,BHARTIARTL,1586.13,1606.09,1574.00,1579.20,3263208
1766135700,BHARTIARTL,1581.04,1638.89,1569.62,1617.46,3779051
1766394900,BHARTIARTL,1618.12,1631.45,1606.43,1622.84,6678618
1766481300,BHARTIARTL,1630.31,1662.27,1611.14,1649.76,5905817
1766567700,BHARTIARTL,1662.01,1666.65,1646.58,1656.30,6915992
1766654100,BHARTIARTL,1658.78,1675.09,1618.27,1632.63,4595461
1766740500,BHARTIARTL,1635.77,1646.51,1594.81,1606.37,5223413
1766999700,BHARTIARTL,1595.75,1624.89,1590.60,1610.87,7493790
1767086100,BHARTIARTL,1622.03,1628.57,1562.83,1576.64,6290870
1767172500,BHARTIARTL,1581.27,1611.11,1571.27,1590.13,6010877
1767258900,BHARTIARTL,1588.19,1591.51,1548.15,1565.99,6849464
1767345300,BHARTIARTL,1576.55,1610.27,1553.75,1607.01,10435150
1767604500,BHARTIARTL,1609.11,1636.06,1590.59,1628.26,8787006
1767690900,BHARTIARTL,1628.08,1654.61,1540.99,1562.41,6425078
1767777300,BHARTIARTL,1555.12,1560.66,1516.99,1537.26,4757595
1767863700,BHARTIARTL,1528.69,1534.09,1495.98,1509.57,7275022
1767950100,BHARTIARTL,1504.13,1543.69,1492.97,1535.56,4782108
1768209300,BHARTIARTL,1537.79,1569.34,1519.28,1553.87,6401157
1768295700,BHARTIARTL,1548.73,1574.77,1540.90,1553.93,5782794
1768382100,BHARTIARTL,1548.94,1567.42,1539.81,1545.76,3115826
1768468500,BHARTIARTL,1545.11,1587.82,1540.96,1562.23,4306035
1768554900,BHARTIARTL,1567.82,1599.17,1560.19,1595.22,6937979
1768814100,BHARTIARTL,1598.17,1619.00,1593.40,1609.70,4779162
1768900500,BHARTIARTL,1614.04,1623.84,1582.17,1599.65,9474830
1768986900,BHARTIARTL,1603.28,1617.61,1561.45,1577.59,6777851
1769073300,BHARTIARTL,1579.47,1599.65,1568.78,1586.80,5868614
1769159700,BHARTIARTL,1585.62,1612.25,1558.39,1607.50,4491309
1769418900,BHARTIARTL,1598.35,1623.94,1573.83,1585.00,4614127
1769505300,BHARTIARTL,1578.84,1602.04,1570.90,1589.59,6244529
1769591700,BHARTIARTL,1598.66,1627.41,1594.98,1610.82,7043896
1769678100,BHARTIARTL,1606.89,1631.89,1550.47,1569.96,6383305
1769764500,BHARTIARTL,1591.97,1601.03,1576.69,1592.91,2498048
1770023700,BHARTIARTL,1597.00,1605.63,1559.31,1566.77,3076022
1770110100,BHARTIARTL,1568.71,1602.52,1552.77,1571.16,5547708
1770196500,BHARTIARTL,1572.62,1580.26,1526.66,1541.07,6926836
1770282900,BHARTIARTL,1545.41,1558.57,1536.32,1545.93,5500219
1770369300,BHARTIARTL,1547.92,1565.51,1519.10,1549.23,3958760
1770628500,BHARTIARTL,1550.51,1579.42,1509.83,1526.86,6692340
1770714900,BHARTIARTL,1526.21,1530.17,1478.21,1485.29,4935373
1770801300,BHARTIARTL,1480.50,1497.99,1432.53,1465.51,7532851
1770887700,BHARTIARTL,1464.95,1481.47,1438.73,1456.74,7536213
1770974100,BHARTIARTL,1455.48,1462.29,1442.81,1450.32,7494771
1771233300,BHARTIARTL,1452.44,1458.24,1426.83,1437.29,4664358
1771319700,BHARTIARTL,1431.71,1443.64,1397.38,1410.10,4651690
1771406100,BHARTIARTL,1415.53,1432.95,1403.71,1410.06,5722927
1771492500,BHARTIARTL,1403.72,1419.25,1388.42,1405.82,4015506
1771578900,BHARTIARTL,1402.13,1414.87,1370.50,1386.54,6277944
1771838100,BHARTIARTL,1388.65,1408.34,1351.41,1356.17,3636438
1771924500,BHARTIARTL,1358.94,1367.44,1351.88,1363.55,3605459
1772010900,BHARTIARTL,1366.09,1388.03,1350.07,1378.69,3883012
1772097300,BHARTIARTL,1371.73,1416.52,1350.93,1393.55,7082935
1772183700,BHARTIARTL,1390.99,1421.71,1364.29,1376.63,3365312
1772442900,BHARTIARTL,1380.00,1409.81,1366.16,1390.93,5632450
1772529300,BHARTIARTL,1393.17,1396.51,1366.34,1381.57,4723591
1772615700,BHARTIARTL,1386.71,1405.73,1379.31,1384.97,3561872
1772702100,BHARTIARTL,1388.18,1403.88,1358.15,1369.69,2698482
1772788500,BHARTIARTL,1365.15,1408.95,1358.62,1398.53,9280532
1773047700,BHARTIARTL,1407.01,1437.89,1367.83,1380.16,7733896
1773134100,BHARTIARTL,1377.70,1410.34,1355.65,1403.63,3994945
1773220500,BHARTIARTL,1400.90,1415.90,1392.61,1411.39,3668502
1773306900,BHARTIARTL,1406.61,1419.86,1355.93,1363.48,3580211
1773393300,BHARTIARTL,1360.94,1383.41,1341.39,1377.73,5389274
1773652500,BHARTIARTL,1378.60,1402.06,1369.12,1394.45,7439687
1773738900,BHARTIARTL,1396.38,1402.02,1370.84,1383.91,6044949
1773825300,BHARTIARTL,1377.98,1388.27,1354.84,1363.21,4861203
1773911700,BHARTIARTL,1360.49,1377.68,1342.55,1356.23,11207241
1773998100,BHARTIARTL,1363.81,1390.39,1356.22,1373.57,5721825
1774257300,BHARTIARTL,1370.34,1373.60,1332.34,1341.48,4354415
1774343700,BHARTIARTL,1339.09,1346.48,1326.41,1330.48,3278420
1774430100,BHARTIARTL,1331.51,1347.18,1328.25,1338.92,7321148
1774516500,BHARTIARTL,1337.96,1346.07,1292.27,1298.88,4345627
1774602900,BHARTIARTL,1305.21,1322.46,1276.61,1297.25,4284337
1774862100,BHARTIARTL,1301.48,1310.91,1267.19,1290.05,2846974
1774948500,BHARTIARTL,1288.40,1298.54,1271.07,1281.09,4533555
1775034900,BHARTIARTL,1276.66,1288.58,1250.33,1256.20,8604437
1775121300,BHARTIARTL,1250.51,1264.38,1237.42,1255.27,3780072
1775207700,BHARTIARTL,1255.84,1263.77,1243.30,1255.20,7646376
1775466900,BHARTIARTL,1252.57,1280.50,1243.90,1275.81,5228824
1775553300,BHARTIARTL,1270.90,1290.97,1264.58,1283.48,3321923
1775639700,BHARTIARTL,1283.39,1314.37,1279.56,1292.78,7264518
1775726100,BHARTIARTL,1294.36,1304.31,1285.28,1292.22,11994325
1775812500,BHARTIARTL,1285.47,1314.02,1280.94,1309.86,2953139
1776071700,BHARTIARTL,1307.17,1313.27,1281.95,1286.96,5528234
1776158100,BHARTIARTL,1289.18,1295.24,1284.80,1290.93,4831091
1776244500,BHARTIARTL,1293.43,1299.09,1279.73,1288.47,4507762
1776330900,BHARTIARTL,1284.76,1311.29,1277.82,1305.12,7934889
1776417300,BHARTIARTL,1297.17,1301.02,1290.91,1298.34,4102607
1776676500,BHARTIARTL,1297.83,1313.80,1292.28,1300.44,6694816
1776762900,BHARTIARTL,1295.60,1324.40,1268.82,1313.61,5861716
1776849300,BHARTIARTL,1313.01,1317.26,1290.57,1295.45,3518485
1776935700,BHARTIARTL,1296.46,1311.10,1272.97,1284.03,3956528
1777022100,BHARTIARTL,1285.42,1294.02,1253.76,1267.34,5732836
1777281300,BHARTIARTL,1262.93,1275.34,1254.53,1259.41,3048962
1777367700,BHARTIARTL,1254.13,1276.07,1243.11,1261.14,2729028
1777454100,BHARTIARTL,1252.65,1277.41,1244.86,1265.04,14704279
1777540500,BHARTIARTL,1257.20,1266.40,1241.62,1257.36,11566033
1777626900,BHARTIARTL,1263.29,1275.40,1257.26,1268.16,9658397
1777886100,BHARTIARTL,1269.51,1292.20,1235.39,1257.35,3660233
1777972500,BHARTIARTL,1255.49,1266.50,1222.78,1235.06,6068483
1778058900,BHARTIARTL,1233.34,1252.40,1224.47,1249.15,4808654
1778145300,BHARTIARTL,1253.44,1257.25,1214.74,1226.49,4322289
1778231700,BHARTIARTL,1227.55,1243.79,1222.02,1234.33,3687500
1778490900,BHARTIARTL,1236.71,1244.11,1233.91,1238.81,6012862
1778577300,BHARTIARTL,1239.16,1259.19,1214.28,1227.00,3698046
1778663700,BHARTIARTL,1226.90,1244.69,1217.55,1228.40,6568843
1778750100,BHARTIARTL,1225.24,1240.49,1218.55,1236.92,5690483
1778836500,BHARTIARTL,1243.64,1261.05,1236.76,1256.62,6362148
1779095700,BHARTIARTL,1255.81,1259.90,1211.74,1235.80,4917726
1779182100,BHARTIARTL,1235.39,1249.90,1229.29,1244.72,2406493
1779268500,BHARTIARTL,1248.71,1268.18,1235.68,1258.33,4194599
1779354900,BHARTIARTL,1262.18,1272.62,1230.57,1255.76,7695076
1779441300,BHARTIARTL,1255.02,1272.94,1238.91,1251.41,7436248
1779700500,BHARTIARTL,1245.10,1258.42,1237.99,1248.71,10058000
1779786900,BHARTIARTL,1258.18,1277.77,1246.86,1261.82,6213447
1779873300,BHARTIARTL,1260.55,1273.00,1214.12,1217.43,6414939
1779959700,BHARTIARTL,1218.70,1221.49,1179.69,1205.97,9235690
1780046100,BHARTIARTL,1202.05,1207.13,1160.39,1167.08,8407581
1780305300,BHARTIARTL,1173.33,1182.42,1161.20,1173.67,6874155
1780391700,BHARTIARTL,1179.40,1205.90,1176.69,1180.91,6230510
1780478100,BHARTIARTL,1181.78,1199.11,1149.73,1166.00,6484630
1780564500,BHARTIARTL,1169.39,1178.13,1152.09,1160.57,3401674
1780650900,BHARTIARTL,1163.95,1184.18,1144.49,1156.80,6585790
1780910100,BHARTIARTL,1160.51,1167.26,1145.32,1163.52,11217064
1780996500,BHARTIARTL,1154.73,1195.38,1145.52,1183.69,3991529
1781082900,BHARTIARTL,1182.91,1197.74,1158.77,1169.94,5328882
1781169300,BHARTIARTL,1160.68,1165.55,1146.85,1161.91,4299489
1781255700,BHARTIARTL,1166.12,1177.87,1160.11,1169.21,8484044
1781514900,BHARTIARTL,1168.70,1187.63,1153.33,1178.87,6668441
1781601300,BHARTIARTL,1174.96,1178.71,1147.28,1152.61,6135827
1781687700,BHARTIARTL,1151.58,1170.76,1138.51,1160.84,4202309
1781774100,BHARTIARTL,1161.82,1207.55,1144.44,1196.18,2056256
1781860500,BHARTIARTL,1194.11,1208.87,1152.10,1185.28,5870007
1782119700,BHARTIARTL,1185.41,1222.54,1179.00,1194.96,4579523
1782206100,BHARTIARTL,1196.89,1222.27,1192.92,1213.32,5404391
1782292500,BHARTIARTL,1209.68,1227.08,1203.46,1208.75,4598705
1782378900,BHARTIARTL,1208.46,1236.58,1203.77,1232.51,5510111
1782465300,BHARTIARTL,1240.86,1271.12,1236.31,1250.23,4079307
1782724500,BHARTIARTL,1249.82,1255.14,1246.44,1251.64,7661917
1782810900,BHARTIARTL,1241.94,1259.75,1225.43,1244.26,5495376
1782897300,BHARTIARTL,1242.79,1263.61,1218.54,1236.26,5327464
1782983700,BHARTIARTL,1235.39,1262.80,1223.82,1250.06,5713376
1783070100,BHARTIARTL,1250.81,1270.01,1246.56,1256.19,7764371
1783329300,BHARTIARTL,1263.57,1286.78,1243.52,1269.46,4173850
1783415700,BHARTIARTL,1277.52,1296.99,1270.62,1288.87,5044371
1783502100,BHARTIARTL,1292.40,1325.88,1268.71,1315.84,6730005
1783588500,BHARTIARTL,1304.51,1356.77,1289.09,1342.66,5457709
1783674900,BHARTIARTL,1352.62,1359.15,1336.65,1350.40,5341274
1783934100,BHARTIARTL,1346.13,1350.13,1321.97,1329.91,5520207
1784020500,BHARTIARTL,1328.66,1343.49,1311.96,1328.19,5174514
1784106900,BHARTIARTL,1331.44,1367.73,1316.21,1324.59,5124280
1784193300,BHARTIARTL,1328.34,1344.94,1294.76,1304.15,5529216
1784279700,BHARTIARTL,1306.93,1343.67,1297.35,1326.59,4400292
1784538900,BHARTIARTL,1324.16,1361.56,1319.22,1337.39,8601999
1784625300,BHARTIARTL,1334.56,1347.46,1328.25,1334.33,4347682
1784711700,BHARTIARTL,1341.74,1360.59,1334.95,1345.41,5860003
1784798100,BHARTIARTL,1346.51,1350.19,1327.42,1338.69,10305258
1784884500,BHARTIARTL,1335.34,1347.56,1326.29,1334.24,5250613
1785143700,BHARTIARTL,1332.48,1342.70,1325.56,1334.38,3779564
1785230100,BHARTIARTL,1341.00,1354.23,1330.93,1343.35,5872593
1785316500,BHARTIARTL,1339.10,1362.84,1326.82,1348.13,9681569
1785402900,BHARTIARTL,1351.56,1373.20,1347.06,1368.38,6019776
1785489300,BHARTIARTL,1370.56,1381.60,1326.43,1363.18,7682965
1785748500,BHARTIARTL,1366.19,1410.92,1356.15,1389.79,6780639
1785834900,BHARTIARTL,1394.40,1450.24,1374.40,1430.38,7553379
1785921300,BHARTIARTL,1425.92,1436.89,1410.16,1415.87,3310802
1786007700,BHARTIARTL,1422.86,1445.85,1411.84,1435.54,7666291
1786094100,BHARTIARTL,1438.56,1460.90,1410.13,1446.62,3095383
1786353300,BHARTIARTL,1436.78,1459.24,1428.61,1451.98,8193960
1786439700,BHARTIARTL,1440.65,1456.91,1411.89,1438.80,6928590
1786526100,BHARTIARTL,1444.40,1482.31,1429.64,1471.82,3077503
1786612500,BHARTIARTL,1475.71,1496.55,1467.59,1480.46,7645806
1786698900,BHARTIARTL,1477.46,1491.88,1452.09,1468.79,4697645
1786958100,BHARTIARTL,1471.55,1502.55,1462.95,1497.86,13448484
1787044500,BHARTIARTL,1498.37,1523.55,1484.84,1510.57,4548834
1787130900,BHARTIARTL,1507.71,1532.98,1498.10,1526.52,4067618
1787217300,BHARTIARTL,1529.05,1553.83,1525.03,1533.89,9008070
1787303700,BHARTIARTL,1532.78,1561.16,1526.22,1544.26,6904658
1787562900,BHARTIARTL,1542.71,1567.22,1529.97,1533.41,6257487
1787649300,BHARTIARTL,1531.82,1570.79,1518.90,1551.87,4424351
1787735700,BHARTIARTL,1549.70,1564.53,1545.87,1551.17,7563678
1787822100,BHARTIARTL,1555.14,1559.13,1550.09,1554.60,4550577
1787908500,BHARTIARTL,1562.47,1567.82,1555.30,1564.05,7739317
1788167700,BHARTIARTL,1556.14,1569.63,1541.05,1565.29,7284149
1788254100,BHARTIARTL,1563.04,1574.68,1550.05,1569.30,4402653
1788340500,BHARTIARTL,1574.18,1587.19,1543.38,1563.23,7205473
1788426900,BHARTIARTL,1559.47,1582.09,1556.33,1569.60,5116035
1788513300,BHARTIARTL,1558.66,1580.84,1548.64,1563.57,4474928
1788772500,BHARTIARTL,1554.49,1598.50,1544.31,1588.58,8146027
1788858900,BHARTIARTL,1589.76,1620.30,1559.80,1584.00,4362011
1788945300,BHARTIARTL,1572.86,1611.39,1559.88,1596.25,3645823
1789031700,BHARTIARTL,1586.15,1594.58,1541.44,1554.89,7473130
1789118100,BHARTIARTL,1563.75,1571.79,1543.05,1548.14,5417355
1789377300,BHARTIARTL,1557.04,1580.82,1553.29,1568.77,5239682
1789463700,BHARTIARTL,1565.59,1613.85,1544.51,1597.75,4183548
1759310100,ITC,464.07,469.23,460.01,464.00,14593431
1759396500,ITC,465.53,468.59,452.75,459.75,33191942
1759482900,ITC,462.62,466.53,458.23,464.28,19289344
1759742100,ITC,464.93,473.16,462.17,470.93,26133580
1759828500,ITC,473.73,478.85,461.27,469.05,10343690
1759914900,ITC,468.57,473.45,467.25,472.43,21966261
1760001300,ITC,473.84,481.35,470.71,477.90,15785848
1760087700,ITC,478.93,485.38,474.38,482.48,31463199
1760346900,ITC,482.92,488.54,477.07,486.23,20842921
1760433300,ITC,483.12,489.70,480.70,483.36,25420709
1760519700,ITC,482.44,485.79,475.26,476.72,25073937
1760606100,ITC,477.38,487.64,469.54,474.16,9433149
1760692500,ITC,472.18,478.13,465.46,475.23,17408193
1760951700,ITC,473.99,479.18,465.37,472.16,23494473
1761038100,ITC,472.97,487.85,464.22,484.31,15211506
1761124500,ITC,484.81,487.19,477.41,485.25,10736434
1761210900,ITC,486.03,488.92,477.95,485.00,29253844
1761297300,ITC,486.05,487.70,483.35,484.60,14097509
1761556500,ITC,485.86,491.12,477.55,479.91,22318088
1761642900,ITC,480.39,488.99,474.42,485.27,14403220
1761729300,ITC,483.83,488.36,480.40,486.82,21245063
1761815700,ITC,486.83,495.79,484.95,491.88,9989754
1761902100,ITC,488.36,495.56,478.54,483.93,15990498
1762161300,ITC,485.61,498.72,479.94,492.02,9909548
1762247700,ITC,489.29,493.91,484.80,490.30,17969296
1762334100,ITC,493.77,502.65,489.94,496.73,22024105
1762420500,ITC,495.23,503.71,491.18,500.37,21807292
1762506900,ITC,499.18,507.08,496.31,497.96,14670722
1762766100,ITC,500.17,509.73,498.86,503.81,20087538
1762852500,ITC,499.60,501.78,498.22,499.62,17439143
1762938900,ITC,499.46,503.91,492.98,494.74,19118888
1763025300,ITC,491.59,496.74,482.85,488.86,15574845
1763111700,ITC,488.77,490.73,483.83,487.81,14638041
1763370900,ITC,487.61,492.09,475.59,489.23,25170388
1763457300,ITC,490.23,494.67,486.57,491.73,21482676
1763543700,ITC,493.26,497.23,489.83,493.58,18372294
1763630100,ITC,493.30,498.34,489.21,495.20,18569321
1763716500,ITC,494.71,496.66,485.52,488.70,22742619
1763975700,ITC,490.36,492.65,486.79,490.03,21367846
1764062100,ITC,492.38,503.59,488.74,496.54,11835957
1764148500,ITC,493.93,499.11,487.51,491.47,52755501
1764234900,ITC,491.95,501.10,478.01,483.62,20494400
1764321300,ITC,488.23,495.93,484.24,486.59,18928945
1764580500,ITC,486.10,493.79,484.18,490.57,19106878
1764666900,ITC,493.18,499.39,487.85,492.14,29974044
1764753300,ITC,494.45,504.67,489.62,500.54,12138427
1764839700,ITC,502.84,511.44,497.34,510.37,15499664
1764926100,ITC,512.78,518.24,508.14,509.29,13192100
1765185300,ITC,508.15,516.69,506.29,514.41,8162610
1765271700,ITC,512.39,518.14,505.24,513.42,18230140
1765358100,ITC,513.57,517.29,508.26,514.68,20721734
1765444500,ITC,514.44,516.31,503.32,510.35,26544936
1765530900,ITC,512.66,516.53,501.13,506.28,14665411
1765790100,ITC,502.84,507.38,495.18,496.48,10629038
1765876500,ITC,495.89,500.70,484.18,489.29,21991701
1765962900,ITC,489.25,492.85,476.59,483.79,22478837
1766049300,ITC,481.36,489.66,476.65,483.29,8132912
1766135700,ITC,483.67,489.52,480.77,486.28,15394893
1766394900,ITC,486.55,500.16,485.49,490.91,10847087
1766481300,ITC,491.46,495.95,485.39,487.96,20383955
1766567700,ITC,488.26,491.07,480.16,481.72,18841055
1766654100,ITC,480.26,483.71,476.90,481.47,20279339
1766740500,ITC,480.61,483.80,474.40,479.82,17570743
1766999700,ITC,482.74,491.36,478.14,489.24,23787584
1767086100,ITC,487.55,492.44,483.49,487.96,21669015
1767172500,ITC,492.14,493.99,484.40,489.45,14760568
1767258900,ITC,488.03,493.06,479.78,486.18,14746141
1767345300,ITC,486.24,488.32,483.74,486.68,16649891
1767604500,ITC,484.04,494.45,481.36,490.78,19317023
1767690900,ITC,492.15,504.00,490.18,499.01,13292656
1767777300,ITC,495.09,498.40,487.53,489.24,21611007
1767863700,ITC,489.25,491.68,487.45,489.28,16536645
1767950100,ITC,490.37,497.22,480.97,493.15,17746052
1768209300,ITC,495.73,496.84,491.44,493.70,17904893
1768295700,ITC,494.95,502.39,480.68,498.33,21726720
1768382100,ITC,494.42,502.65,480.92,488.85,12229624
1768468500,ITC,489.73,500.21,487.51,495.32,18761224
1768554900,ITC,495.98,506.96,487.23,502.32,14829728
1768814100,ITC,500.97,510.80,494.83,500.22,9952692
1768900500,ITC,500.82,507.28,484.97,492.84,8865061
1768986900,ITC,491.21,497.61,489.85,494.19,21981773
1769073300,ITC,492.59,495.52,484.95,490.65,16986660
1769159700,ITC,489.04,492.53,481.81,487.98,35764176
1769418900,ITC,487.42,493.02,484.32,490.49,18002467
1769505300,ITC,490.68,510.79,488.96,505.29,24085277
1769591700,ITC,504.36,514.26,494.26,498.69,17089422
1769678100,ITC,499.03,502.07,493.10,498.78,13705559
1769764500,ITC,496.44,502.73,493.79,494.91,8645053
1770023700,ITC,495.30,499.11,489.77,494.52,25739057
1770110100,ITC,495.32,510.09,491.57,503.82,12804187
1770196500,ITC,498.58,500.88,482.48,489.14,29288189
1770282900,ITC,489.95,494.62,487.79,492.31,18104050
1770369300,ITC,493.33,497.43,480.47,487.62,15605188
1770628500,ITC,484.40,497.59,481.38,494.55,9700481
1770714900,ITC,494.88,511.15,493.44,504.78,42118806
1770801300,ITC,506.33,510.16,498.85,500.00,21804748
1770887700,ITC,499.88,504.31,496.30,500.95,11509274
1770974100,ITC,502.44,505.32,494.22,498.18,22559630
1771233300,ITC,501.53,512.73,496.69,508.16,10480231
1771319700,ITC,505.97,508.77,503.50,507.48,15745667
1771406100,ITC,507.55,521.06,500.94,509.47,20968924
1771492500,ITC,509.52,514.94,502.92,508.08,18774323
1771578900,ITC,509.36,513.40,502.02,510.05,24382484
1771838100,ITC,510.64,516.85,504.14,514.32,11895458
1771924500,ITC,516.05,523.19,512.53,515.81,19030768
1772010900,ITC,513.61,517.65,509.27,511.52,13811070
1772097300,ITC,510.49,516.49,507.15,510.55,11755386
1772183700,ITC,510.04,513.18,508.30,511.56,14940270
1772442900,ITC,510.43,511.78,505.14,508.42,13879855
1772529300,ITC,508.71,514.64,504.02,505.98,14595487
1772615700,ITC,508.90,511.07,504.54,508.69,16068200
1772702100,ITC,507.72,510.30,498.37,504.11,42236281
1772788500,ITC,505.72,508.16,493.50,500.89,14661963
1773047700,ITC,499.57,506.23,497.91,502.43,17669511
1773134100,ITC,497.35,503.46,493.38,495.70,7211133
1773220500,ITC,496.98,503.73,489.06,491.99,19461122
1773306900,ITC,492.28,499.27,491.09,494.77,14744516
1773393300,ITC,496.95,499.83,489.25,494.18,16743448
1773652500,ITC,492.04,497.58,486.69,489.35,18881564
1773738900,ITC,490.72,497.66,488.81,492.31,29464552
1773825300,ITC,489.28,499.53,482.43,495.22,24402013
1773911700,ITC,493.71,507.01,487.03,489.53,16605729
1773998100,ITC,490.06,497.43,487.46,493.97,16871524
1774257300,ITC,494.64,499.28,492.28,494.16,18283926
1774343700,ITC,494.19,496.21,489.53,491.07,17453943
1774430100,ITC,493.16,495.20,483.04,488.39,21975888
1774516500,ITC,490.97,503.64,482.41,485.72,10735343
1774602900,ITC,488.88,495.30,483.91,492.46,17152016
1774862100,ITC,493.62,496.79,483.29,487.01,11109008
1774948500,ITC,487.24,493.79,479.14,482.07,24412253
1775034900,ITC,481.78,485.36,475.76,479.18,22746807
1775121300,ITC,479.13,482.99,474.92,479.02,7092480
1775207700,ITC,477.73,483.78,473.13,474.25,12128888
1775466900,ITC,473.42,481.15,467.66,475.68,49978727
1775553300,ITC,476.63,482.32,471.00,475.84,9915762
1775639700,ITC,476.61,489.03,468.44,479.06,33750936
1775726100,ITC,478.01,486.28,474.19,481.53,27259650
1775812500,ITC,481.39,488.15,478.85,481.79,17820621
1776071700,ITC,484.03,485.60,480.64,483.20,34648695
1776158100,ITC,480.49,486.54,474.59,476.34,19958079
1776244500,ITC,478.47,485.63,474.52,480.15,11858341
1776330900,ITC,477.80,483.12,472.26,482.00,13776177
1776417300,ITC,485.23,492.08,480.43,481.65,23396096
1776676500,ITC,480.33,489.65,478.86,481.60,32873299
1776762900,ITC,481.26,484.72,476.75,482.63,20666652
1776849300,ITC,479.02,488.05,476.88,485.73,19182693
1776935700,ITC,482.54,497.55,479.59,489.77,16153501
1777022100,ITC,488.77,493.16,479.24,485.78,14377946
1777281300,ITC,488.16,496.50,482.59,490.88,14490806
1777367700,ITC,494.28,504.97,493.13,503.38,19879052
1777454100,ITC,501.54,510.05,494.04,504.34,16785097
1777540500,ITC,506.01,515.84,502.31,511.62,25735688
1777626900,ITC,514.41,519.36,509.97,516.71,15672751
1777886100,ITC,516.29,529.43,513.10,525.31,13879517
1777972500,ITC,522.91,532.17,517.46,528.87,11081457
1778058900,ITC,528.14,535.45,526.98,532.11,27415448
1778145300,ITC,531.87,540.39,521.72,529.09,16147629
1778231700,ITC,529.94,537.08,527.71,532.20,12229771
1778490900,ITC,531.37,538.73,526.95,536.30,14298236
1778577300,ITC,538.84,541.56,529.22,532.07,25083516
1778663700,ITC,530.68,537.01,529.40,534.42,13181519
1778750100,ITC,530.67,536.92,523.15,534.42,25275559
1778836500,ITC,534.18,544.58,527.80,536.94,22865425
1779095700,ITC,535.43,541.43,530.64,536.98,24686624
1779182100,ITC,534.40,535.68,526.70,530.80,15187071
1779268500,ITC,529.36,540.94,524.60,533.06,14495322
1779354900,ITC,533.72,541.98,525.47,530.14,10545026
1779441300,ITC,532.47,546.15,524.44,540.80,27603790
1779700500,ITC,540.12,545.76,537.44,539.14,15237178
1779786900,ITC,541.21,548.00,529.73,541.30,20264739
1779873300,ITC,538.48,544.87,530.86,534.74,30474275
1779959700,ITC,534.67,537.24,526.00,531.91,9724702
1780046100,ITC,532.82,537.26,531.47,535.09,27551033
1780305300,ITC,537.84,546.81,532.54,539.67,21808603
1780391700,ITC,542.72,552.71,537.11,538.23,13287224
1780478100,ITC,539.04,547.53,536.88,541.19,12476990
1780564500,ITC,540.53,547.48,531.54,539.58,30017845
1780650900,ITC,539.66,547.43,535.63,537.40,13809489
1780910100,ITC,537.37,538.63,523.77,530.61,22472565
1780996500,ITC,530.35,534.22,521.39,532.04,18514679
1781082900,ITC,531.44,538.34,521.54,534.31,15695429
1781169300,ITC,531.74,533.77,519.88,527.38,17127945
1781255700,ITC,526.47,537.45,524.35,535.58,22688156
1781514900,ITC,536.21,542.25,521.22,529.53,17335385
1781601300,ITC,526.64,534.99,521.00,526.93,25835874
1781687700,ITC,526.10,532.35,523.39,528.90,29360592
1781774100,ITC,530.77,533.22,520.40,527.54,13780547
1781860500,ITC,525.23,534.32,522.86,530.06,9871227
1782119700,ITC,527.38,533.71,523.00,532.35,25434998
1782206100,ITC,530.94,536.60,527.32,533.10,20709875
1782292500,ITC,532.77,540.12,529.80,536.47,26757594
1782378900,ITC,535.42,542.44,531.38,540.01,7941788
1782465300,ITC,535.51,545.63,530.68,542.32,17076504
1782724500,ITC,540.19,545.39,535.69,543.81,15498654
1782810900,ITC,547.51,550.71,536.94,544.97,22357353
1782897300,ITC,545.53,546.93,537.09,541.52,15719115
1782983700,ITC,543.76,546.53,534.05,544.32,8943687
1783070100,ITC,540.31,542.54,532.39,535.32,16195139
1783329300,ITC,533.27,544.97,525.73,530.78,18718832
1783415700,ITC,531.92,534.67,525.47,526.87,20638175
1783502100,ITC,528.27,531.02,519.76,523.64,16324202
1783588500,ITC,521.70,525.97,518.10,519.79,9999660
1783674900,ITC,520.40,527.79,510.19,520.11,27673157
1783934100,ITC,517.97,531.40,510.93,524.68,27891621
1784020500,ITC,526.78,529.88,513.29,519.31,18356636
1784106900,ITC,519.47,520.91,515.00,516.84,28849338
1784193300,ITC,516.97,522.36,514.01,520.81,13393675
1784279700,ITC,517.18,526.79,514.56,520.12,31689632
1784538900,ITC,519.15,520.36,503.46,511.53,24724030
1784625300,ITC,513.47,514.55,503.58,511.03,17700764
1784711700,ITC,508.32,510.57,493.26,505.06,15329535
1784798100,ITC,502.31,507.08,497.23,505.70,23961368
1784884500,ITC,505.56,511.52,497.66,504.31,20789651
1785143700,ITC,502.80,504.88,496.96,499.98,16619833
1785230100,ITC,499.22,500.95,485.13,490.59,46365528
1785316500,ITC,490.20,494.73,481.99,483.08,30915218
1785402900,ITC,482.72,486.27,479.51,482.83,31547516
1785489300,ITC,480.38,481.81,478.13,480.29,17990274
1785748500,ITC,480.15,488.16,475.88,482.69,17848219
1785834900,ITC,484.62,490.63,477.73,485.24,17462181
1785921300,ITC,488.02,489.60,484.38,486.15,29180837
1786007700,ITC,488.20,492.58,482.74,484.95,19667584
1786094100,ITC,481.91,492.71,479.27,485.56,16041575
1786353300,ITC,484.58,490.95,479.64,487.13,16817164
1786439700,ITC,488.15,490.99,487.13,488.90,29008703
1786526100,ITC,489.31,494.41,482.18,490.96,21526241
1786612500,ITC,491.07,492.74,470.38,475.39,17399858
1786698900,ITC,473.75,484.18,471.57,477.01,11651986
1786958100,ITC,476.21,496.26,475.04,483.34,12296043
1787044500,ITC,484.78,491.33,480.77,486.11,19502101
1787130900,ITC,489.09,505.72,484.58,497.93,20232191
1787217300,ITC,499.11,508.01,496.21,504.55,10925937
1787303700,ITC,501.49,507.69,500.36,505.72,22097888
1787562900,ITC,506.02,514.84,495.56,509.58,14280038
1787649300,ITC,511.36,517.45,509.90,513.43,21560110
1787735700,ITC,508.80,510.30,499.08,504.36,17075988
1787822100,ITC,504.62,513.25,493.28,506.94,32540965
1787908500,ITC,504.85,508.92,493.41,497.12,38938371
1788167700,ITC,497.06,500.47,492.97,498.29,29106369
1788254100,ITC,499.02,502.10,493.57,499.05,10490448
1788340500,ITC,500.09,502.21,491.13,496.27,17708264
1788426900,ITC,494.91,498.30,485.75,489.27,13204493
1788513300,ITC,487.76,494.25,477.71,480.06,11088580
1788772500,ITC,479.68,484.92,475.84,483.40,21296416
1788858900,ITC,481.76,484.00,479.15,480.14,16878840
1788945300,ITC,482.79,487.97,480.26,485.78,11162248
1789031700,ITC,485.27,488.52,484.27,485.81,21959783
1789118100,ITC,485.84,498.29,482.24,491.22,13761312
1789377300,ITC,491.91,493.81,487.56,488.85,12265637
1789463700,ITC,487.61,496.43,480.65,490.25,14057029
1759310100,LT,3400.57,3472.92,3369.59,3428.11,5632141
1759396500,LT,3433.30,3521.36,3402.03,3487.81,3847536
1759482900,LT,3496.32,3539.74,3391.86,3405.75,3948234
1759742100,LT,3396.12,3497.82,3383.73,3486.24,2466141
1759828500,LT,3470.19,3480.59,3452.03,3471.21,2029822
1759914900,LT,3473.29,3548.31,3443.28,3534.38,1352626
1760001300,LT,3519.46,3605.68,3494.84,3560.98,1821090
1760087700,LT,3547.70,3557.02,3474.30,3515.26,7473182
1760346900,LT,3497.82,3544.92,3486.70,3530.34,3181581
1760433300,LT,3535.01,3559.45,3509.96,3526.43,2426192
1760519700,LT,3539.20,3548.11,3411.82,3439.74,2567769
1760606100,LT,3461.26,3527.00,3362.31,3393.47,2545870
1760692500,LT,3402.81,3509.00,3346.97,3457.17,3446934
1760951700,LT,3452.70,3513.56,3445.17,3501.22,6003680
1761038100,LT,3500.72,3531.13,3443.51,3521.04,4968542
1761124500,LT,3488.08,3517.74,3428.45,3495.75,4744814
1761210900,LT,3503.62,3553.61,3481.11,3536.83,2714878
1761297300,LT,3544.92,3654.46,3530.97,3621.25,3775367
1761556500,LT,3642.54,3711.68,3623.83,3674.50,2547892
1761642900,LT,3670.90,3719.63,3609.74,3619.01,3830513
1761729300,LT,3613.02,3659.71,3598.95,3648.87,4344836
1761815700,LT,3664.04,3683.36,3598.10,3673.60,2443482
1761902100,LT,3656.78,3688.64,3586.86,3615.64,4989660
1762161300,LT,3596.87,3635.51,3580.76,3617.83,1780766
1762247700,LT,3612.21,3623.94,3555.55,3568.15,6498889
1762334100,LT,3561.65,3626.19,3514.04,3615.83,3434566
1762420500,LT,3598.64,3666.11,3563.91,3656.22,4643906
1762506900,LT,3646.99,3725.37,3622.41,3713.75,2484821
1762766100,LT,3709.82,3827.60,3688.53,3795.89,1446859
1762852500,LT,3787.66,3796.79,3716.34,3766.43,1567029
1762938900,LT,3738.00,3756.25,3625.98,3681.18,1688770
1763025300,LT,3658.41,3726.11,3626.92,3697.68,2717154
1763111700,LT,3697.99,3748.28,3627.08,3640.12,2882108
1763370900,LT,3663.40,3690.54,3650.27,3676.06,2353802
1763457300,LT,3681.92,3714.91,3629.53,3678.90,2929890
1763543700,LT,3680.01,3703.88,3552.07,3591.35,2991376
1763630100,LT,3584.57,3628.60,3559.91,3616.89,2873523
1763716500,LT,3621.72,3742.43,3550.27,3677.08,2314826
1763975700,LT,3684.17,3768.93,3596.75,3753.44,2135423
1764062100,LT,3772.42,3784.69,3679.48,3730.10,2779702
1764148500,LT,3745.22,3760.28,3693.27,3718.05,3295997
1764234900,LT,3715.15,3736.88,3679.87,3712.33,2560126
1764321300,LT,3689.91,3816.70,3640.07,3742.74,3172273
1764580500,LT,3759.28,3798.73,3682.89,3716.87,1556101
1764666900,LT,3727.20,3866.30,3689.20,3810.49,3757768
1764753300,LT,3802.95,3816.43,3747.13,3770.14,3877494
1764839700,LT,3779.56,3884.01,3728.19,3752.71,2804458
1764926100,LT,3773.27,3846.50,3719.45,3825.18,2802457
1765185300,LT,3816.68,3917.00,3804.87,3853.35,4506884
1765271700,LT,3848.65,3936.59,3815.32,3882.05,1830795
1765358100,LT,3920.26,3963.56,3868.26,3897.77,4455866
1765444500,LT,3911.20,4028.86,3899.23,3979.76,2807892
1765530900,LT,3991.79,4038.68,3913.68,3939.98,2003928
1765790100,LT,3948.85,3968.70,3907.65,3925.09,5855299
1765876500,LT,3915.26,3930.12,3773.15,3810.56,2220361
1765962900,LT,3778.01,3821.49,3664.74,3703.80,2810988
1766049300,LT,3680.21,3690.22,3617.71,3645.45,4078050
1766135700,LT,3639.87,3651.22,3581.05,3636.50,2255314
1766394900,LT,3630.55,3642.42,3558.07,3581.23,3713478
1766481300,LT,3582.20,3600.12,3490.67,3522.60,2076712
1766567700,LT,3539.73,3558.34,3441.46,3460.26,5499765
1766654100,LT,3455.21,3473.40,3366.21,3416.84,5707920
1766740500,LT,3400.97,3451.59,3376.06,3418.68,3873819
1766999700,LT,3402.75,3473.98,3389.22,3444.14,2190931
1767086100,LT,3449.26,3539.60,3440.73,3490.37,2468085
1767172500,LT,3484.83,3536.64,3471.57,3527.26,2246987
1767258900,LT,3514.37,3578.03,3460.49,3469.12,2071492
1767345300,LT,3458.97,3473.37,3353.71,3408.14,6370823
1767604500,LT,3423.22,3487.49,3377.41,3433.62,3545855
1767690900,LT,3428.73,3436.86,3356.36,3401.73,2662840
1767777300,LT,3397.91,3433.10,3349.51,3399.69,1899834
1767863700,LT,3409.82,3433.11,3368.98,3399.36,1186526
1767950100,LT,3374.31,3411.89,3291.48,3313.93,4279397
1768209300,LT,3299.30,3325.02,3186.43,3260.18,3064436
1768295700,LT,3264.64,3298.62,3157.77,3183.12,3600038
1768382100,LT,3163.18,3200.90,3136.79,3191.58,3598516
1768468500,LT,3181.57,3191.46,3139.50,3168.36,2145791
1768554900,LT,3180.25,3194.98,3151.66,3160.16,2940900
1768814100,LT,3183.03,3197.16,3137.44,3171.80,4089473
1768900500,LT,3156.16,3190.69,3116.89,3178.01,5239364
1768986900,LT,3183.02,3206.48,3147.45,3197.79,2012346
1769073300,LT,3218.47,3255.97,3183.21,3232.26,3937188
1769159700,LT,3256.50,3276.55,3197.64,3220.14,2732344
1769418900,LT,3238.67,3286.45,3228.33,3253.90,2746219
1769505300,LT,3275.14,3297.70,3205.91,3218.33,1898815
1769591700,LT,3224.54,3265.89,3160.17,3183.84,2868463
1769678100,LT,3205.57,3231.12,3111.86,3137.62,5246596
1769764500,LT,3134.88,3147.52,3043.31,3060.07,2030154
1770023700,LT,3034.09,3076.79,2973.74,3010.56,7769268
1770110100,LT,3004.84,3072.53,2965.78,3052.72,3538984
1770196500,LT,3054.21,3068.75,3013.81,3026.29,2364019
1770282900,LT,3000.81,3084.80,2946.78,3053.91,2635407
1770369300,LT,3052.35,3101.29,3022.42,3030.93,2822434
1770628500,LT,3031.59,3060.59,2954.57,2989.74,1946168
1770714900,LT,2990.87,3014.10,2922.52,2957.11,4040549
1770801300,LT,2955.49,3036.54,2915.34,3010.07,2288136
1770887700,LT,3018.52,3061.95,2991.22,3046.77,3150365
1770974100,LT,3032.05,3076.69,3008.44,3032.00,4502091
1771233300,LT,3026.74,3055.40,2982.69,3033.63,2163112
1771319700,LT,3044.85,3053.86,3018.15,3031.53,3194801
1771406100,LT,3044.60,3073.39,3005.08,3054.86,2644717
1771492500,LT,3056.43,3116.23,3024.22,3082.76,2945270
1771578900,LT,3072.63,3119.46,3053.42,3109.34,2333570
1771838100,LT,3110.05,3132.67,3084.78,3116.13,2286542
1771924500,LT,3106.67,3121.77,3074.53,3084.80,4178869
1772010900,LT,3088.84,3113.50,2998.18,3007.14,2255366
1772097300,LT,3000.21,3009.14,2963.98,2982.41,3131053
1772183700,LT,2993.96,3001.18,2909.11,2958.71,2379987
1772442900,LT,2979.34,3032.07,2956.10,2978.72,4876549
1772529300,LT,2953.36,2971.13,2932.10,2946.37,3657200
1772615700,LT,2937.58,2969.99,2904.59,2928.90,2151762
1772702100,LT,2928.55,3009.17,2909.19,2979.41,3160159
1772788500,LT,2995.82,3105.53,2970.38,3080.55,1567870
1773047700,LT,3062.26,3129.54,3036.14,3112.02,4863208
1773134100,LT,3110.98,3187.01,3103.86,3147.87,2799840
1773220500,LT,3135.81,3193.97,3109.89,3151.99,3792070
1773306900,LT,3155.43,3230.46,3140.99,3211.47,3306501
1773393300,LT,3243.10,3375.40,3212.17,3340.81,4341312
1773652500,LT,3382.59,3455.83,3353.03,3360.37,2939732
1773738900,LT,3374.93,3418.47,3327.15,3394.56,2550078
1773825300,LT,3409.81,3435.71,3368.25,3386.71,4870438
1773911700,LT,3373.90,3450.61,3356.22,3437.08,1775303
1773998100,LT,3410.66,3467.14,3362.95,3443.34,3393663
1774257300,LT,3443.68,3458.88,3409.85,3423.41,1619132
1774343700,LT,3423.37,3476.98,3330.14,3349.88,2733768
1774430100,LT,3331.95,3405.20,3315.34,3367.44,3587844
1774516500,LT,3388.55,3410.65,3295.79,3335.63,3213090
1774602900,LT,3358.28,3442.25,3340.37,3402.77,2230948
1774862100,LT,3387.51,3402.68,3289.69,3314.68,2892654
1774948500,LT,3318.09,3340.59,3231.82,3262.97,2210517
1775034900,LT,3251.80,3296.96,3161.61,3212.03,2809275
1775121300,LT,3229.34,3258.61,3171.49,3246.19,1919905
1775207700,LT,3234.04,3254.77,3219.40,3243.29,1468837
1775466900,LT,3265.25,3318.18,3215.33,3257.66,3478801
1775553300,LT,3251.65,3353.93,3208.44,3325.36,3398245
1775639700,LT,3349.38,3424.89,3319.11,3405.40,3820412
1775726100,LT,3399.86,3475.89,3353.38,3445.83,4605306
1775812500,LT,3450.33,3486.09,3287.11,3369.31,4306473
1776071700,LT,3367.34,3388.39,3282.93,3309.45,1901286
1776158100,LT,3303.48,3339.60,3288.64,3303.19,2840581
1776244500,LT,3307.46,3332.87,3206.40,3259.61,3221026
1776330900,LT,3253.43,3299.46,3214.28,3257.40,2134226
1776417300,LT,3252.45,3269.10,3232.41,3260.37,3214360
1776676500,LT,3257.59,3307.28,3183.92,3218.33,2675484
1776762900,LT,3229.43,3276.80,3138.27,3238.98,3143041
1776849300,LT,3233.54,3261.53,3204.09,3212.16,2888059
1776935700,LT,3205.36,3216.51,3136.60,3178.73,3213434
1777022100,LT,3175.88,3258.25,3130.14,3171.67,3143335
1777281300,LT,3167.25,3237.95,3158.53,3212.24,4161252
1777367700,LT,3223.59,3290.65,3061.38,3104.28,6331351
1777454100,LT,3096.15,3261.70,3079.92,3227.11,4547829
1777540500,LT,3202.13,3211.03,3126.52,3176.79,3131906
1777626900,LT,3183.62,3245.29,3173.11,3210.84,2665942
1777886100,LT,3187.95,3205.31,3098.51,3127.52,6219802
1777972500,LT,3130.48,3146.33,3109.28,3115.97,4015014
1778058900,LT,3119.71,3158.96,3062.26,3088.18,2251884
1778145300,LT,3089.92,3157.79,3058.23,3139.41,3579649
1778231700,LT,3127.36,3159.21,3091.41,3130.18,3169883
1778490900,LT,3130.84,3209.87,3094.24,3184.63,2967657
1778577300,LT,3201.99,3270.22,3194.66,3240.02,3171501
1778663700,LT,3233.48,3243.31,3192.52,3231.56,2317481
1778750100,LT,3242.55,3253.84,3216.09,3238.77,3174249
1778836500,LT,3243.04,3252.28,3160.52,3201.32,2568644
1779095700,LT,3180.45,3209.63,3132.20,3160.90,3865863
1779182100,LT,3140.35,3170.98,3096.91,3114.69,5331286
1779268500,LT,3113.60,3132.34,3059.65,3096.48,4736628
1779354900,LT,3123.22,3155.63,3084.73,3144.48,1992337
1779441300,LT,3152.73,3201.13,3110.60,3119.42,3208801
1779700500,LT,3137.62,3196.71,3108.26,3118.42,3747669
1779786900,LT,3118.73,3171.25,3107.05,3157.30,6363271
1779873300,LT,3132.21,3203.50,3107.19,3183.53,2552094
1779959700,LT,3182.91,3255.73,3163.54,3245.24,3126742
1780046100,LT,3233.55,3263.04,3175.48,3234.05,2094178
1780305300,LT,3235.40,3246.92,3187.55,3232.55,2723651
1780391700,LT,3250.83,3296.56,3194.27,3272.60,1770662
1780478100,LT,3284.92,3294.81,3248.66,3286.31,4258999
1780564500,LT,3258.71,3308.66,3215.18,3230.88,3800176
1780650900,LT,3219.48,3250.11,3153.27,3199.46,4060379
1780910100,LT,3194.94,3201.76,3131.95,3147.16,2041428
1780996500,LT,3178.05,3188.36,3163.62,3175.64,2076555
1781082900,LT,3162.01,3188.84,3139.51,3170.61,2017291
1781169300,LT,3192.51,3208.13,3183.76,3194.27,2093561
1781255700,LT,3174.27,3232.68,3165.35,3201.49,2593858
1781514900,LT,3202.37,3254.02,3135.28,3162.89,1750238
1781601300,LT,3169.76,3232.38,3126.78,3180.88,3905147
1781687700,LT,3177.37,3206.65,3170.31,3180.94,2069634
1781774100,LT,3172.35,3187.14,3114.54,3133.50,4088598
1781860500,LT,3136.36,3175.52,3124.39,3153.32,4410396
1782119700,LT,3155.94,3162.36,3112.23,3155.88,2270132
1782206100,LT,3161.01,3169.42,3026.57,3096.70,2218276
1782292500,LT,3087.18,3147.90,3037.40,3125.45,2901943
1782378900,LT,3128.54,3163.55,3047.50,3093.09,3588782
1782465300,LT,3089.33,3154.14,3035.96,3126.06,4614471
1782724500,LT,3112.89,3193.45,3098.89,3154.90,2214021
1782810900,LT,3153.66,3186.00,3129.66,3172.94,4830659
1782897300,LT,3178.23,3188.19,3155.73,3164.50,2394972
1782983700,LT,3175.86,3230.15,3159.80,3190.76,3015069
1783070100,LT,3191.49,3246.14,3181.77,3194.08,3822103
1783329300,LT,3194.28,3205.77,3108.92,3125.77,4668625
1783415700,LT,3139.06,3156.94,3087.87,3120.73,3879099
1783502100,LT,3130.57,3148.04,3074.04,3090.41,3622341
1783588500,LT,3081.05,3173.18,3071.78,3124.21,5210852
1783674900,LT,3108.89,3144.65,2974.89,3018.43,3363246
1783934100,LT,3026.91,3057.49,3008.02,3030.34,2875406
1784020500,LT,3022.74,3106.69,2998.21,3086.87,1613696
1784106900,LT,3082.64,3127.06,3076.27,3101.69,2150475
1784193300,LT,3122.80,3172.58,3095.31,3148.86,2017221
1784279700,LT,3147.80,3165.47,3096.44,3144.82,2541190
1784538900,LT,3150.12,3168.41,3098.83,3112.05,2747481
1784625300,LT,3126.18,3153.11,3016.71,3087.38,3908203
1784711700,LT,3077.32,3148.44,3062.73,3107.28,4497589
1784798100,LT,3128.77,3212.58,3072.96,3174.56,2631880
1784884500,LT,3207.90,3216.58,3159.38,3172.81,3981255
1785143700,LT,3173.77,3184.45,3130.08,3152.86,3537807
1785230100,LT,3144.60,3189.51,3130.73,3138.71,2656881
1785316500,LT,3134.26,3205.67,3108.92,3136.02,3562645
1785402900,LT,3124.81,3173.27,3096.58,3161.92,1470496
1785489300,LT,3139.65,3186.84,3123.20,3167.22,3813503
1785748500,LT,3159.35,3219.04,3150.89,3181.48,4153328
1785834900,LT,3168.37,3178.20,3098.44,3105.03,2168901
1785921300,LT,3116.92,3175.46,3078.93,3142.00,4228062
1786007700,LT,3154.95,3183.86,3145.06,3166.04,2798091
1786094100,LT,3173.26,3181.18,3031.95,3052.29,2791128
1786353300,LT,3053.99,3110.11,3033.88,3071.86,3086441
1786439700,LT,3042.96,3059.92,3017.41,3053.55,3896048
1786526100,LT,3071.59,3090.86,2998.28,3039.25,2716579
1786612500,LT,3040.80,3057.74,3021.92,3037.41,1836805
1786698900,LT,3041.23,3077.43,3002.13,3019.05,1335712
1786958100,LT,3011.12,3036.38,2957.08,3021.62,4635966
1787044500,LT,3021.49,3060.37,2959.50,2991.85,3044961
1787130900,LT,2981.41,3032.78,2963.79,3011.02,5034082
1787217300,LT,3020.87,3155.57,2999.27,3106.26,2738238
1787303700,LT,3088.07,3115.50,3025.15,3038.83,4890494
1787562900,LT,3012.55,3026.76,2943.36,2959.19,2887102
1787649300,LT,2948.92,3003.34,2913.21,2992.67,3306370
1787735700,LT,2988.43,3032.42,2982.40,2992.84,3979500
1787822100,LT,3004.41,3032.58,2967.72,2983.18,5790281
1787908500,LT,3001.76,3020.37,2962.15,2982.68,3933750
1788167700,LT,2986.07,3019.60,2978.71,2989.55,2002532
1788254100,LT,2967.68,3009.41,2872.72,2935.65,2442773
1788340500,LT,2925.75,2983.37,2887.73,2955.46,3480031
1788426900,LT,2953.83,2976.47,2884.47,2909.36,5912938
1788513300,LT,2911.26,2918.23,2873.41,2901.27,2942450
1788772500,LT,2881.99,2945.16,2846.25,2901.95,3665544
1788858900,LT,2904.72,2933.68,2804.95,2836.00,3937915
1788945300,LT,2850.62,2899.71,2819.85,2834.01,3553926
1789031700,LT,2815.54,2829.51,2784.77,2798.69,2519252
1789118100,LT,2805.39,2828.05,2756.51,2763.24,1968925
1789377300,LT,2748.85,2863.05,2725.67,2815.93,1869976
1789463700,LT,2833.12,2845.56,2730.90,2781.40,2668871
