Date,Symbol,Open,High,Low,Close,Adj Close,Volume
2025-10-01,AAPL,195.35,199.52,191.72,197.87,197.87,50582258
2025-10-02,AAPL,198.23,205.81,196.89,203.74,203.74,50738776
2025-10-03,AAPL,204.80,210.81,203.66,209.88,209.88,43461211
2025-10-06,AAPL,208.47,213.03,206.95,211.30,211.30,57124662
2025-10-07,AAPL,211.31,213.92,207.18,208.51,208.51,64793799
2025-10-08,AAPL,208.03,210.12,207.04,208.92,208.92,69503978
2025-10-09,AAPL,209.74,211.45,204.97,206.90,206.90,70449148
2025-10-10,AAPL,206.39,208.37,203.89,207.31,207.31,38507265
2025-10-13,AAPL,208.00,210.65,205.32,206.16,206.16,65271638
2025-10-14,AAPL,205.63,207.18,197.81,199.79,199.79,55616669
2025-10-15,AAPL,199.31,200.80,195.89,199.63,199.63,53913093
2025-10-16,AAPL,200.63,202.44,196.12,200.78,200.78,33797137
2025-10-17,AAPL,199.98,201.23,198.10,199.83,199.83,42457821
2025-10-20,AAPL,198.62,199.18,195.87,196.37,196.37,33105363
2025-10-21,AAPL,196.02,199.53,194.67,198.21,198.21,53445880
2025-10-22,AAPL,197.85,201.21,195.09,197.19,197.19,67574789
2025-10-23,AAPL,197.04,199.32,193.17,197.15,197.15,33847039
2025-10-24,AAPL,197.10,198.34,187.94,191.97,191.97,51901999
2025-10-27,AAPL,192.03,192.98,185.96,188.14,188.14,55217134
2025-10-28,AAPL,188.12,189.29,186.09,187.40,187.40,36172821
2025-10-29,AAPL,187.64,188.91,185.27,186.03,186.03,36067716
2025-10-30,AAPL,186.18,186.82,181.32,182.02,182.02,68323867
2025-10-31,AAPL,183.23,183.78,177.56,178.36,178.36,49278602
2025-11-03,AAPL,178.61,179.87,174.89,175.31,175.31,37575035
2025-11-04,AAPL,176.33,177.26,174.43,176.55,176.55,55980054
2025-11-05,AAPL,175.44,176.10,170.85,171.70,171.70,55908304
2025-11-06,AAPL,171.44,172.29,169.07,171.64,171.64,64186123
2025-11-07,AAPL,171.52,175.73,169.68,174.58,174.58,55534948
2025-11-10,AAPL,175.72,176.78,174.23,175.17,175.17,64870585
2025-11-11,AAPL,175.60,183.34,174.96,182.93,182.93,78413547
2025-11-12,AAPL,182.74,185.28,180.33,184.71,184.71,29130905
2025-11-13,AAPL,184.58,186.69,180.37,181.99,181.99,46077883
2025-11-14,AAPL,180.85,183.41,178.95,179.64,179.64,74667720
2025-11-17,AAPL,179.96,180.75,176.04,180.17,180.17,71575748
2025-11-18,AAPL,180.34,182.14,178.36,181.51,181.51,83666893
2025-11-19,AAPL,180.74,181.10,178.17,178.75,178.75,56419267
2025-11-20,AAPL,178.98,180.27,176.77,179.69,179.69,50578994
2025-11-21,AAPL,179.26,180.51,177.64,179.36,179.36,58618342
2025-11-24,AAPL,179.16,182.96,176.98,180.64,180.64,57350551
2025-11-25,AAPL,180.60,183.72,178.34,181.37,181.37,52036431
2025-11-26,AAPL,181.58,182.07,179.81,180.63,180.63,88831924
2025-11-27,AAPL,179.12,181.61,175.85,176.52,176.52,101007981
2025-11-28,AAPL,177.24,177.69,175.97,177.18,177.18,64207242
2025-12-01,AAPL,179.02,184.50,177.67,184.08,184.08,38781786
2025-12-02,AAPL,182.95,186.13,181.29,183.95,183.95,51104205
2025-12-03,AAPL,183.43,184.47,176.98,178.36,178.36,61711816
2025-12-04,AAPL,178.75,180.29,174.39,177.28,177.28,63521678
2025-12-05,AAPL,177.49,180.49,176.56,179.32,179.32,72750419
2025-12-08,AAPL,178.92,180.95,176.83,177.47,177.47,57097300
2025-12-09,AAPL,177.03,177.43,173.57,173.92,173.92,53622606
2025-12-10,AAPL,173.92,176.48,173.25,175.82,175.82,114992603
2025-12-11,AAPL,176.04,176.48,173.23,174.77,174.77,50815327
2025-12-12,AAPL,174.73,179.42,172.48,175.85,175.85,44482316
2025-12-15,AAPL,175.49,179.71,172.68,173.17,173.17,66609230
2025-12-16,AAPL,172.85,174.47,169.37,170.52,170.52,120926168
2025-12-17,AAPL,170.47,173.77,167.54,170.83,170.83,66921003
2025-12-18,AAPL,170.78,171.39,168.86,169.55,169.55,40351537
2025-12-19,AAPL,169.22,171.45,164.31,166.74,166.74,56701876
2025-12-22,AAPL,166.85,170.86,164.11,169.11,169.11,37034011
2025-12-23,AAPL,169.72,170.34,166.98,169.14,169.14,66243013
2025-12-24,AAPL,167.62,168.17,165.57,166.95,166.95,78515345
2025-12-25,AAPL,167.00,169.12,164.24,165.55,165.55,45077767
2025-12-26,AAPL,165.59,166.88,164.95,165.34,165.34,64183238
2025-12-29,AAPL,165.98,167.07,161.51,163.60,163.60,44105455
2025-12-30,AAPL,164.02,166.75,163.62,165.05,165.05,43836405
2025-12-31,AAPL,164.54,166.48,162.23,164.17,164.17,34120806
2026-01-01,AAPL,163.60,164.80,159.72,160.91,160.91,32952343
2026-01-02,AAPL,160.28,165.08,158.78,164.58,164.58,90380700
2026-01-05,AAPL,165.00,167.48,163.07,167.11,167.11,74520604
2026-01-06,AAPL,166.39,167.96,164.04,167.25,167.25,46734695
2026-01-07,AAPL,166.84,168.72,164.91,166.28,166.28,65286682
2026-01-08,AAPL,165.96,172.17,165.53,171.08,171.08,83796923
2026-01-09,AAPL,171.96,173.60,167.47,168.72,168.72,62988125
2026-01-12,AAPL,167.44,168.78,165.63,166.03,166.03,50167770
2026-01-13,AAPL,165.50,166.45,164.70,165.04,165.04,58570696
2026-01-14,AAPL,165.54,166.46,164.20,165.95,165.95,34334723
2026-01-15,AAPL,166.51,168.33,166.08,167.44,167.44,94268471
2026-01-16,AAPL,167.37,167.95,165.55,166.40,166.40,49428554
2026-01-19,AAPL,165.95,167.64,165.15,165.75,165.75,76451692
2026-01-20,AAPL,165.58,168.91,164.28,166.42,166.42,64571477
2026-01-21,AAPL,166.69,168.76,165.15,167.87,167.87,65784441
2026-01-22,AAPL,168.66,170.66,167.86,170.08,170.08,41002884
2026-01-23,AAPL,170.33,170.68,167.88,169.83,169.83,60946706
2026-01-26,AAPL,169.25,170.70,165.70,167.29,167.29,52781192
2026-01-27,AAPL,168.36,169.57,162.87,165.41,165.41,37872678
2026-01-28,AAPL,164.94,169.75,164.02,167.69,167.69,49277164
2026-01-29,AAPL,166.39,167.24,163.30,165.70,165.70,37011662
2026-01-30,AAPL,166.35,167.96,161.68,163.03,163.03,87254209
2026-02-02,AAPL,162.68,164.96,158.81,160.34,160.34,47155664
2026-02-03,AAPL,159.48,161.39,157.43,160.29,160.29,60306437
2026-02-04,AAPL,160.05,164.06,159.42,162.86,162.86,78325499
2026-02-05,AAPL,163.68,164.68,160.50,162.70,162.70,49162787
2026-02-06,AAPL,162.60,163.00,159.23,159.97,159.97,51911007
2026-02-09,AAPL,159.61,160.17,156.75,158.16,158.16,54855012
2026-02-10,AAPL,157.90,158.26,156.10,156.73,156.73,59777290
2026-02-11,AAPL,155.79,157.83,155.09,156.72,156.72,38330549
2026-02-12,AAPL,156.39,162.87,155.84,162.03,162.03,57967349
2026-02-13,AAPL,162.24,162.78,158.18,159.44,159.44,49005221
2026-02-16,AAPL,159.81,162.32,156.35,157.78,157.78,55219308
2026-02-17,AAPL,158.58,160.13,157.25,157.67,157.67,55663843
2026-02-18,AAPL,157.32,158.06,155.31,157.74,157.74,51346684
2026-02-19,AAPL,157.85,162.04,154.59,160.29,160.29,70422578
2026-02-20,AAPL,160.15,161.46,157.90,158.99,158.99,56021473
2026-02-23,AAPL,159.40,161.23,157.15,157.55,157.55,82296801
2026-02-24,AAPL,157.28,159.49,156.77,158.25,158.25,43473302
2026-02-25,AAPL,158.08,159.27,157.15,158.56,158.56,53412113
2026-02-26,AAPL,159.42,162.81,155.17,161.71,161.71,50340899
2026-02-27,AAPL,161.11,162.62,157.99,160.66,160.66,67809593
2026-03-02,AAPL,161.18,161.84,160.39,161.04,161.04,54073110
2026-03-03,AAPL,160.45,161.47,157.96,159.59,159.59,58728455
2026-03-04,AAPL,158.34,160.94,156.56,157.51,157.51,53561663
2026-03-05,AAPL,156.73,157.91,156.20,156.67,156.67,70276370
2026-03-06,AAPL,157.13,159.02,156.74,158.15,158.15,53612387
2026-03-09,AAPL,158.52,160.88,156.62,160.48,160.48,45796923
2026-03-10,AAPL,160.38,162.74,159.08,161.67,161.67,76700682
2026-03-11,AAPL,163.44,166.92,163.08,164.76,164.76,85760709
2026-03-12,AAPL,165.79,169.41,164.91,168.04,168.04,90063900
2026-03-13,AAPL,166.90,168.29,165.66,166.41,166.41,73969903
2026-03-16,AAPL,166.70,167.18,165.00,166.01,166.01,34180134
2026-03-17,AAPL,165.15,167.45,161.64,162.98,162.98,74128441
2026-03-18,AAPL,162.81,164.39,158.78,160.33,160.33,39309633
2026-03-19,AAPL,160.63,164.72,159.70,163.31,163.31,30271828
2026-03-20,AAPL,163.69,166.56,162.35,164.10,164.10,47458127
2026-03-23,AAPL,165.06,166.96,164.61,165.71,165.71,62169590
2026-03-24,AAPL,166.02,167.51,163.82,164.91,164.91,66204846
2026-03-25,AAPL,164.64,166.48,162.23,164.47,164.47,49245701
2026-03-26,AAPL,164.07,165.71,161.10,165.34,165.34,54886113
2026-03-27,AAPL,165.45,169.21,164.12,167.13,167.13,68210483
2026-03-30,AAPL,168.59,174.60,168.22,172.21,172.21,36756790
2026-03-31,AAPL,172.46,173.06,169.56,170.53,170.53,98624771
2026-04-01,AAPL,170.69,171.36,166.22,167.96,167.96,42663115
2026-04-02,AAPL,167.49,168.83,162.88,164.14,164.14,44065612
2026-04-03,AAPL,165.46,165.81,162.16,164.29,164.29,41184556
2026-04-06,AAPL,163.81,165.66,163.21,164.81,164.81,41953967
2026-04-07,AAPL,164.61,166.80,161.04,162.62,162.62,75157304
2026-04-08,AAPL,163.27,164.90,160.80,162.81,162.81,107695027
2026-04-09,AAPL,161.99,163.39,161.12,161.79,161.79,53133103
2026-04-10,AAPL,161.99,163.94,161.64,162.25,162.25,62285588
2026-04-13,AAPL,161.75,162.31,158.36,159.66,159.66,47469921
2026-04-14,AAPL,159.76,164.46,157.85,161.82,161.82,69947413
2026-04-15,AAPL,161.25,161.78,159.59,160.25,160.25,50918139
2026-04-16,AAPL,160.07,160.62,154.92,158.60,158.60,76075596
2026-04-17,AAPL,158.52,161.47,157.47,160.20,160.20,43506117
2026-04-20,AAPL,160.18,161.66,158.76,160.33,160.33,70160400
2026-04-21,AAPL,158.46,159.22,156.89,157.82,157.82,74828614
2026-04-22,AAPL,158.10,162.85,157.31,161.46,161.46,44667116
2026-04-23,AAPL,161.91,163.62,160.06,161.61,161.61,62814575
2026-04-24,AAPL,161.69,162.44,160.62,161.43,161.43,60546321
2026-04-27,AAPL,161.50,164.15,159.69,162.90,162.90,75385377
2026-04-28,AAPL,162.44,164.34,161.61,162.43,162.43,28871958
2026-04-29,AAPL,162.26,164.74,160.27,163.10,163.10,65168800
2026-04-30,AAPL,162.45,163.48,159.38,160.64,160.64,62465720
2026-05-01,AAPL,160.32,162.79,156.78,158.87,158.87,45128273
2026-05-04,AAPL,158.95,162.98,157.85,160.86,160.86,46008156
2026-05-05,AAPL,162.77,163.67,161.80,162.81,162.81,32408884
2026-05-06,AAPL,163.66,164.18,162.06,162.50,162.50,59074192
2026-05-07,AAPL,161.54,163.19,160.88,162.25,162.25,47712946
2026-05-08,AAPL,163.01,163.99,158.73,160.81,160.81,101009312
2026-05-11,AAPL,160.99,166.03,159.80,164.85,164.85,23808467
2026-05-12,AAPL,165.19,167.42,164.41,166.09,166.09,38617190
2026-05-13,AAPL,166.47,170.57,166.03,170.22,170.22,43607277
2026-05-14,AAPL,171.37,173.12,169.62,171.56,171.56,81998173
2026-05-15,AAPL,170.59,172.98,169.23,170.97,170.97,57664712
2026-05-18,AAPL,170.85,172.91,168.17,171.71,171.71,60475344
2026-05-19,AAPL,171.81,173.15,166.05,167.36,167.36,56602813
2026-05-20,AAPL,167.27,167.66,163.74,164.24,164.24,34630972
2026-05-21,AAPL,164.08,167.09,161.04,161.50,161.50,67820624
2026-05-22,AAPL,160.74,162.99,156.66,160.44,160.44,86252590
2026-05-25,AAPL,160.50,164.68,159.64,162.18,162.18,83593443
2026-05-26,AAPL,161.45,165.80,160.75,163.90,163.90,49703443
2026-05-27,AAPL,164.25,165.08,160.89,162.16,162.16,75727485
2026-05-28,AAPL,164.08,165.60,162.43,164.27,164.27,38843241
2026-05-29,AAPL,165.19,169.91,164.34,168.43,168.43,158132037
2026-06-01,AAPL,168.15,168.94,164.01,166.53,166.53,66218508
2026-06-02,AAPL,166.63,168.77,163.27,164.56,164.56,88822429
2026-06-03,AAPL,165.02,165.58,164.30,164.99,164.99,61185318
2026-06-04,AAPL,164.86,168.15,163.73,165.37,165.37,61583727
2026-06-05,AAPL,165.04,166.38,162.15,163.80,163.80,64123294
2026-06-08,AAPL,163.81,164.66,155.75,158.20,158.20,35804578
2026-06-09,AAPL,158.99,162.29,157.22,161.89,161.89,38702268
2026-06-10,AAPL,162.89,165.38,158.45,159.62,159.62,48048579
2026-06-11,AAPL,159.42,161.09,155.68,157.78,157.78,80308413
2026-06-12,AAPL,158.05,158.39,155.64,156.51,156.51,36120450
2026-06-15,AAPL,156.57,159.03,155.19,158.38,158.38,63411099
2026-06-16,AAPL,158.12,159.30,156.32,158.23,158.23,65970186
2026-06-17,AAPL,158.10,160.58,155.89,159.48,159.48,53018726
2026-06-18,AAPL,158.88,160.94,157.92,158.47,158.47,53128820
2026-06-19,AAPL,157.76,161.00,155.88,158.72,158.72,126739552
2026-06-22,AAPL,158.79,160.39,158.31,159.63,159.63,48147339
2026-06-23,AAPL,158.99,160.14,157.55,159.15,159.15,38024396
2026-06-24,AAPL,158.94,159.50,156.35,157.53,157.53,82224481
2026-06-25,AAPL,156.63,158.69,154.38,157.20,157.20,88586312
2026-06-26,AAPL,156.53,158.31,156.19,157.52,157.52,50778371
2026-06-29,AAPL,157.49,161.21,157.10,159.27,159.27,54718599
2026-06-30,AAPL,159.82,162.79,158.47,160.22,160.22,43814773
2026-07-01,AAPL,161.10,162.32,157.32,160.19,160.19,34835676
2026-07-02,AAPL,160.55,162.21,159.36,159.97,159.97,67477664
2026-07-03,AAPL,159.64,161.93,159.11,159.53,159.53,61059207
2026-07-06,AAPL,159.48,162.30,156.46,157.40,157.40,22940363
2026-07-07,AAPL,157.93,162.56,156.14,159.74,159.74,95845640
2026-07-08,AAPL,159.78,163.32,159.06,162.51,162.51,31769184
2026-07-09,AAPL,162.56,168.02,159.38,167.17,167.17,84071695
2026-07-10,AAPL,167.05,170.09,163.47,168.26,168.26,40528292
2026-07-13,AAPL,168.13,171.04,165.17,167.40,167.40,35319604
2026-07-14,AAPL,167.16,171.84,164.90,170.12,170.12,51769390
2026-07-15,AAPL,169.94,170.94,167.83,168.92,168.92,151052403
2026-07-16,AAPL,169.38,170.73,164.62,168.48,168.48,43229802
2026-07-17,AAPL,168.69,170.93,165.16,168.08,168.08,103529372
2026-07-20,AAPL,167.64,169.80,167.24,168.49,168.49,87835910
2026-07-21,AAPL,167.95,171.18,165.90,169.51,169.51,48343753
2026-07-22,AAPL,168.98,173.05,168.01,171.06,171.06,49424143
2026-07-23,AAPL,170.10,175.55,169.36,174.59,174.59,48579140
2026-07-24,AAPL,173.50,174.14,171.73,172.48,172.48,39211773
2026-07-27,AAPL,172.73,177.19,171.52,175.11,175.11,114553616
2026-07-28,AAPL,175.16,177.42,174.45,175.70,175.70,58953630
2026-07-29,AAPL,175.53,176.19,175.11,175.66,175.66,92031060
2026-07-30,AAPL,176.24,178.84,175.76,177.71,177.71,67813721
2026-07-31,AAPL,177.37,178.77,174.28,176.02,176.02,29658618
2026-08-03,AAPL,174.28,175.50,173.45,174.81,174.81,56168357
2026-08-04,AAPL,174.63,175.99,173.33,173.72,173.72,33963019
2026-08-05,AAPL,173.67,178.14,171.02,175.99,175.99,39746574
2026-08-06,AAPL,176.26,180.07,174.98,177.67,177.67,49724990
2026-08-07,AAPL,179.37,180.46,176.22,176.94,176.94,36902188
2026-08-10,AAPL,177.70,179.90,174.80,176.75,176.75,43283519
2026-08-11,AAPL,176.59,178.13,173.95,176.57,176.57,40497005
2026-08-12,AAPL,176.02,178.59,174.39,175.99,175.99,58502957
2026-08-13,AAPL,176.27,179.53,172.71,174.57,174.57,78991794
2026-08-14,AAPL,174.84,176.26,171.34,171.94,171.94,75223560
2026-08-17,AAPL,171.85,172.38,170.21,171.19,171.19,75835435
2026-08-18,AAPL,170.99,172.31,168.12,169.24,169.24,97944285
2026-08-19,AAPL,169.94,173.39,168.73,169.25,169.25,109573234
2026-08-20,AAPL,169.86,174.83,168.24,172.68,172.68,82282379
2026-08-21,AAPL,172.59,173.95,168.74,169.82,169.82,34242005
2026-08-24,AAPL,170.57,172.02,168.94,170.68,170.68,35288637
2026-08-25,AAPL,170.42,175.53,168.95,173.14,173.14,50322188
2026-08-26,AAPL,174.08,175.28,171.66,172.08,172.08,62059148
2026-08-27,AAPL,170.71,175.41,169.55,173.28,173.28,53307614
2026-08-28,AAPL,173.71,175.47,170.17,170.90,170.90,69896953
2026-08-31,AAPL,169.91,172.14,167.70,169.75,169.75,97139286
2026-09-01,AAPL,169.24,171.24,167.97,170.54,170.54,116936397
2026-09-02,AAPL,170.37,173.33,169.53,171.24,171.24,30261526
2026-09-03,AAPL,171.74,174.00,168.44,170.42,170.42,47213425
2026-09-04,AAPL,171.04,172.63,169.71,170.95,170.95,35526474
2026-09-07,AAPL,171.41,174.35,168.01,168.71,168.71,56330575
2026-09-08,AAPL,169.58,172.41,167.33,167.97,167.97,70292765
2026-09-09,AAPL,169.24,169.66,165.26,167.49,167.49,106690294
2026-09-10,AAPL,168.42,170.16,167.10,169.17,169.17,68316165
2026-09-11,AAPL,167.71,170.42,164.79,166.43,166.43,89519856
2026-09-14,AAPL,165.32,166.44,160.93,163.90,163.90,49475611
2026-09-15,AAPL,162.73,164.25,159.70,163.25,163.25,77086365
2025-10-01,MSFT,414.19,418.65,404.94,414.18,414.18,15103380
2025-10-02,MSFT,413.60,421.62,409.13,416.61,416.61,23786845
2025-10-03,MSFT,414.58,419.62,409.86,417.39,417.39,18194921
2025-10-06,MSFT,417.18,419.35,408.87,413.13,413.13,18631224
2025-10-07,MSFT,412.92,415.42,403.80,407.78,407.78,9490445
2025-10-08,MSFT,408.54,420.79,404.18,419.43,419.43,14827288
2025-10-09,MSFT,421.84,427.37,414.42,418.84,418.84,36195295
2025-10-10,MSFT,418.82,422.72,414.52,417.97,417.97,29606946
2025-10-13,MSFT,416.10,418.26,409.28,410.42,410.42,16758489
2025-10-14,MSFT,412.42,418.57,396.31,402.20,402.20,28077002
2025-10-15,MSFT,401.36,404.44,394.87,401.91,401.91,26444718
2025-10-16,MSFT,403.07,418.06,400.30,410.49,410.49,43581196
2025-10-17,MSFT,407.04,412.20,398.82,402.34,402.34,15184918
2025-10-20,MSFT,404.01,420.73,402.00,414.52,414.52,23708703
2025-10-21,MSFT,412.74,420.83,408.23,416.78,416.78,21073471
2025-10-22,MSFT,419.43,426.27,416.11,424.13,424.13,12053832
2025-10-23,MSFT,421.88,423.31,407.82,412.58,412.58,17182624
2025-10-24,MSFT,408.52,418.62,405.12,411.14,411.14,17985285
2025-10-27,MSFT,411.27,428.30,409.45,422.45,422.45,25183357
2025-10-28,MSFT,422.07,424.41,420.06,421.24,421.24,23981176
2025-10-29,MSFT,420.78,422.46,415.35,417.80,417.80,24212856
2025-10-30,MSFT,418.45,428.41,415.32,425.28,425.28,26021016
2025-10-31,MSFT,423.42,436.09,420.95,432.16,432.16,41518876
2025-11-03,MSFT,435.68,438.02,414.90,422.89,422.89,30178822
2025-11-04,MSFT,425.43,435.52,422.66,427.50,427.50,33874055
2025-11-05,MSFT,426.31,427.28,413.81,422.74,422.74,26574791
2025-11-06,MSFT,423.29,435.11,420.96,429.89,429.89,25085874
2025-11-07,MSFT,431.82,434.98,430.70,432.92,432.92,24452631
2025-11-10,MSFT,435.79,441.04,432.69,433.66,433.66,24098464
2025-11-11,MSFT,433.03,442.58,425.31,435.36,435.36,37730648
2025-11-12,MSFT,437.26,439.91,431.87,433.97,433.97,17415720
2025-11-13,MSFT,435.89,437.13,423.39,429.79,429.79,21271612
2025-11-14,MSFT,430.96,433.54,422.79,424.31,424.31,23424042
2025-11-17,MSFT,424.90,426.40,420.85,421.83,421.83,7761608
2025-11-18,MSFT,421.14,423.40,415.11,416.01,416.01,9960590
2025-11-19,MSFT,416.18,432.78,414.79,429.88,429.88,27403293
2025-11-20,MSFT,429.56,442.41,424.85,440.19,440.19,31027864
2025-11-21,MSFT,438.60,444.49,436.00,443.33,443.33,28939308
2025-11-24,MSFT,447.67,458.38,443.29,448.85,448.85,14353956
2025-11-25,MSFT,447.45,450.14,441.49,444.65,444.65,12833306
2025-11-26,MSFT,445.06,448.13,439.59,443.78,443.78,34522174
2025-11-27,MSFT,445.16,448.91,435.29,436.78,436.78,21120727
2025-11-28,MSFT,436.32,439.89,432.73,434.87,434.87,14786945
2025-12-01,MSFT,434.11,443.23,432.81,436.84,436.84,15066052
2025-12-02,MSFT,438.11,445.08,433.48,443.83,443.83,28935869
2025-12-03,MSFT,441.56,442.66,433.21,438.14,438.14,20014245
2025-12-04,MSFT,438.10,443.14,435.31,441.18,441.18,22796559
2025-12-05,MSFT,441.12,444.69,440.06,443.52,443.52,10350374
2025-12-08,MSFT,443.46,446.46,431.24,435.12,435.12,21158944
2025-12-09,MSFT,435.22,440.92,431.61,435.93,435.93,18577001
2025-12-10,MSFT,437.38,441.68,428.77,432.37,432.37,25034595
2025-12-11,MSFT,429.74,434.38,428.67,431.26,431.26,10955584
2025-12-12,MSFT,429.62,445.05,420.51,439.68,439.68,15277347
2025-12-15,MSFT,440.92,445.35,436.79,438.48,438.48,27048258
2025-12-16,MSFT,440.59,445.39,438.87,442.86,442.86,18496666
2025-12-17,MSFT,443.37,448.48,439.42,445.27,445.27,10522560
2025-12-18,MSFT,445.59,450.53,437.80,439.71,439.71,20938194
2025-12-19,MSFT,439.16,443.03,430.89,432.33,432.33,41579332
2025-12-22,MSFT,434.97,438.58,432.41,434.08,434.08,24958218
2025-12-23,MSFT,435.72,440.85,433.08,435.49,435.49,21976298
2025-12-24,MSFT,436.87,443.45,433.13,435.74,435.74,23301036
2025-12-25,MSFT,434.27,440.74,432.01,439.32,439.32,28070054
2025-12-26,MSFT,440.14,442.29,439.09,441.00,441.00,14880021
2025-12-29,MSFT,439.29,442.74,428.20,433.35,433.35,19377167
2025-12-30,MSFT,434.88,437.64,429.84,435.53,435.53,25700755
2025-12-31,MSFT,435.26,452.25,434.28,444.38,444.38,29619784
2026-01-01,MSFT,444.16,450.61,441.73,446.09,446.09,37801770
2026-01-02,MSFT,444.56,448.31,442.85,446.25,446.25,26157918
2026-01-05,MSFT,447.60,449.95,440.78,447.18,447.18,30037793
2026-01-06,MSFT,450.03,454.46,442.64,447.37,447.37,19822293
2026-01-07,MSFT,448.59,451.32,443.35,445.52,445.52,19175817
2026-01-08,MSFT,446.69,451.82,440.55,450.90,450.90,17966375
2026-01-09,MSFT,451.94,467.52,447.37,461.71,461.71,23474760
2026-01-12,MSFT,460.69,468.43,458.20,464.85,464.85,21986641
2026-01-13,MSFT,465.13,468.36,460.63,461.61,461.61,20109149
2026-01-14,MSFT,462.43,468.86,461.03,464.99,464.99,26117195
2026-01-15,MSFT,461.97,464.13,448.84,459.19,459.19,40106444
2026-01-16,MSFT,460.06,464.33,453.95,458.37,458.37,21469339
2026-01-19,MSFT,459.59,471.80,447.48,450.87,450.87,17639681
2026-01-20,MSFT,448.99,450.58,443.49,444.71,444.71,15880316
2026-01-21,MSFT,449.72,452.19,437.05,444.62,444.62,49470077
2026-01-22,MSFT,443.96,452.65,437.65,443.75,443.75,18411712
2026-01-23,MSFT,441.94,445.23,434.17,435.63,435.63,36660719
2026-01-26,MSFT,436.47,444.67,416.98,422.99,422.99,22965262
2026-01-27,MSFT,421.95,425.91,418.84,423.54,423.54,25257775
2026-01-28,MSFT,421.09,434.37,413.03,428.75,428.75,21457486
2026-01-29,MSFT,428.39,429.44,423.03,425.91,425.91,19565036
2026-01-30,MSFT,428.38,441.52,424.47,440.52,440.52,20933997
2026-02-02,MSFT,437.71,446.84,435.63,439.99,439.99,20420334
2026-02-03,MSFT,441.44,445.08,439.03,442.92,442.92,16519231
2026-02-04,MSFT,441.66,443.81,439.97,442.17,442.17,23940961
2026-02-05,MSFT,444.26,447.58,440.24,444.52,444.52,25323180
2026-02-06,MSFT,445.12,449.43,435.46,442.35,442.35,29098672
2026-02-09,MSFT,438.86,441.84,428.68,431.94,431.94,11569038
2026-02-10,MSFT,430.51,434.50,427.50,432.20,432.20,12250057
2026-02-11,MSFT,431.27,436.74,429.61,433.80,433.80,13317134
2026-02-12,MSFT,432.88,436.76,430.16,434.31,434.31,16568020
2026-02-13,MSFT,431.69,434.21,426.10,433.29,433.29,26585375
2026-02-16,MSFT,437.38,440.39,436.47,437.62,437.62,15423304
2026-02-17,MSFT,437.18,439.58,431.94,436.09,436.09,32724001
2026-02-18,MSFT,436.02,439.40,426.40,431.21,431.21,20772192
2026-02-19,MSFT,432.64,448.67,426.65,437.99,437.99,25678969
2026-02-20,MSFT,437.51,453.56,436.19,448.32,448.32,14977886
2026-02-23,MSFT,449.49,461.61,447.21,456.74,456.74,18597099
2026-02-24,MSFT,454.78,467.96,452.91,464.70,464.70,18354235
2026-02-25,MSFT,461.93,464.22,458.92,462.95,462.95,51031628
2026-02-26,MSFT,461.46,465.47,448.09,453.42,453.42,10996400
2026-02-27,MSFT,452.86,458.44,449.29,452.56,452.56,20387233
2026-03-02,MSFT,451.90,469.16,446.33,463.67,463.67,12267371
2026-03-03,MSFT,467.13,476.00,465.44,473.16,473.16,28866406
2026-03-04,MSFT,473.60,479.84,472.50,478.34,478.34,19714507
2026-03-05,MSFT,480.10,485.32,466.49,472.23,472.23,31994374
2026-03-06,MSFT,472.03,488.35,470.73,483.34,483.34,35981701
2026-03-09,MSFT,484.98,496.72,480.56,494.54,494.54,23543313
2026-03-10,MSFT,493.05,496.37,480.67,485.31,485.31,17981819
2026-03-11,MSFT,481.89,483.29,472.31,480.64,480.64,13650998
2026-03-12,MSFT,479.83,482.69,478.58,481.36,481.36,18389932
2026-03-13,MSFT,482.38,485.36,475.86,482.07,482.07,26016174
2026-03-16,MSFT,480.20,491.18,476.50,488.98,488.98,26512086
2026-03-17,MSFT,488.86,490.03,481.27,484.17,484.17,25202219
2026-03-18,MSFT,486.24,494.57,477.05,479.52,479.52,15344771
2026-03-19,MSFT,484.15,494.17,481.18,490.94,490.94,26863423
2026-03-20,MSFT,492.15,498.71,480.11,494.33,494.33,41223067
2026-03-23,MSFT,496.30,497.30,479.40,483.59,483.59,22506823
2026-03-24,MSFT,480.89,486.03,461.23,470.84,470.84,32952654
2026-03-25,MSFT,472.52,478.10,463.72,466.74,466.74,25524156
2026-03-26,MSFT,471.01,480.67,466.71,476.37,476.37,20505194
2026-03-27,MSFT,476.56,478.43,472.39,477.12,477.12,22398640
2026-03-30,MSFT,478.81,484.97,471.18,473.73,473.73,21070429
2026-03-31,MSFT,475.70,483.02,472.80,480.00,480.00,21532306
2026-04-01,MSFT,479.69,482.85,466.40,471.38,471.38,14962454
2026-04-02,MSFT,472.42,474.91,464.04,466.96,466.96,20894874
2026-04-03,MSFT,468.07,472.36,460.67,467.30,467.30,43702487
2026-04-06,MSFT,468.87,473.20,461.87,469.82,469.82,23700127
2026-04-07,MSFT,469.58,471.12,465.79,469.94,469.94,12352779
2026-04-08,MSFT,469.30,471.33,459.11,463.79,463.79,18052215
2026-04-09,MSFT,463.29,465.25,455.27,458.82,458.82,21726024
2026-04-10,MSFT,459.42,472.61,451.04,469.79,469.79,24150649
2026-04-13,MSFT,465.52,468.01,455.71,463.61,463.61,27579821
2026-04-14,MSFT,466.27,468.61,459.17,463.95,463.95,21880512
2026-04-15,MSFT,460.94,467.77,458.07,465.56,465.56,22701392
2026-04-16,MSFT,464.65,466.87,460.07,465.87,465.87,38013655
2026-04-17,MSFT,465.20,476.84,452.42,469.81,469.81,29144270
2026-04-20,MSFT,471.48,482.92,468.35,477.73,477.73,21853401
2026-04-21,MSFT,476.70,481.85,469.81,474.86,474.86,28482455
2026-04-22,MSFT,477.01,480.14,470.33,473.41,473.41,7530214
2026-04-23,MSFT,473.40,487.29,468.61,481.27,481.27,25011493
2026-04-24,MSFT,478.79,483.19,473.11,474.51,474.51,28756702
2026-04-27,MSFT,477.73,488.17,472.12,481.96,481.96,23678846
2026-04-28,MSFT,483.16,486.77,479.18,482.87,482.87,29439182
2026-04-29,MSFT,483.58,485.09,478.94,482.18,482.18,20915598
2026-04-30,MSFT,480.17,484.21,473.67,480.85,480.85,8525321
2026-05-01,MSFT,477.77,490.32,476.10,482.05,482.05,17650758
2026-05-04,MSFT,485.06,491.92,482.52,488.08,488.08,32365926
2026-05-05,MSFT,486.73,498.79,482.16,495.99,495.99,21927074
2026-05-06,MSFT,498.72,500.28,485.05,490.23,490.23,18615041
2026-05-07,MSFT,492.78,497.73,491.17,496.37,496.37,15929355
2026-05-08,MSFT,496.69,503.73,491.09,500.55,500.55,19966197
2026-05-11,MSFT,502.89,530.85,497.44,519.31,519.31,22957863
2026-05-12,MSFT,518.47,519.56,507.32,514.45,514.45,19630983
2026-05-13,MSFT,512.81,515.44,506.04,508.54,508.54,27361053
2026-05-14,MSFT,506.16,511.01,499.63,505.41,505.41,13327063
2026-05-15,MSFT,505.14,510.66,482.57,485.53,485.53,36077430
2026-05-18,MSFT,491.54,510.03,484.75,506.82,506.82,20642390
2026-05-19,MSFT,506.09,509.89,490.95,494.53,494.53,13559295
2026-05-20,MSFT,495.02,502.84,486.18,490.42,490.42,17802931
2026-05-21,MSFT,493.02,505.35,486.97,500.22,500.22,29977290
2026-05-22,MSFT,499.67,516.74,497.32,514.27,514.27,47178231
2026-05-25,MSFT,514.95,533.21,510.61,530.57,530.57,19179849
2026-05-26,MSFT,530.98,532.57,519.67,523.69,523.69,26352959
2026-05-27,MSFT,522.30,528.63,517.86,519.62,519.62,27342831
2026-05-28,MSFT,521.36,531.08,510.19,516.51,516.51,17127960
2026-05-29,MSFT,517.46,524.01,506.29,511.05,511.05,17929552
2026-06-01,MSFT,510.31,522.05,507.23,514.74,514.74,16802302
2026-06-02,MSFT,514.10,523.48,509.75,516.15,516.15,9070456
2026-06-03,MSFT,518.57,522.18,506.20,515.47,515.47,15059674
2026-06-04,MSFT,515.84,525.59,511.21,516.21,516.21,24394680
2026-06-05,MSFT,514.60,516.29,502.83,508.54,508.54,25913517
2026-06-08,MSFT,514.38,517.98,511.93,514.81,514.81,37139216
2026-06-09,MSFT,516.20,527.89,511.22,526.18,526.18,11771860
2026-06-10,MSFT,529.15,530.59,519.25,520.84,520.84,32469260
2026-06-11,MSFT,523.03,532.94,518.63,530.58,530.58,31241943
2026-06-12,MSFT,529.13,532.94,511.12,515.23,515.23,18554556
2026-06-15,MSFT,517.55,527.10,507.89,509.93,509.93,25830297
2026-06-16,MSFT,510.50,526.91,504.79,517.76,517.76,25424308
2026-06-17,MSFT,515.93,527.82,496.55,506.32,506.32,13667213
2026-06-18,MSFT,503.00,510.22,492.60,508.13,508.13,12381828
2026-06-19,MSFT,501.71,511.54,500.07,504.96,504.96,31894555
2026-06-22,MSFT,505.50,511.11,500.58,508.56,508.56,21183828
2026-06-23,MSFT,512.34,527.79,506.56,526.59,526.59,20259880
2026-06-24,MSFT,524.56,526.24,508.87,521.28,521.28,27059734
2026-06-25,MSFT,517.65,524.09,509.65,516.13,516.13,30618225
2026-06-26,MSFT,513.79,530.05,508.07,523.05,523.05,13212480
2026-06-29,MSFT,522.46,530.12,518.56,528.50,528.50,11013237
2026-06-30,MSFT,530.58,544.86,528.30,534.92,534.92,19187192
2026-07-01,MSFT,533.77,551.23,530.87,543.50,543.50,17427876
2026-07-02,MSFT,543.59,549.08,525.64,533.36,533.36,17647988
2026-07-03,MSFT,532.67,547.77,525.17,545.44,545.44,14153505
2026-07-06,MSFT,543.49,546.28,524.65,526.39,526.39,34421864
2026-07-07,MSFT,526.86,532.72,505.07,511.92,511.92,23745865
2026-07-08,MSFT,514.22,518.33,496.21,502.24,502.24,18823265
2026-07-09,MSFT,500.16,508.00,495.17,506.29,506.29,12893484
2026-07-10,MSFT,505.46,515.99,500.88,513.27,513.27,16366262
2026-07-13,MSFT,507.79,526.71,501.81,523.43,523.43,18288059
2026-07-14,MSFT,522.84,526.21,513.67,518.51,518.51,17074573
2026-07-15,MSFT,518.12,528.25,512.06,520.67,520.67,13897947
2026-07-16,MSFT,521.98,529.24,518.72,526.02,526.02,27706847
2026-07-17,MSFT,523.86,525.68,512.82,516.26,516.26,23832800
2026-07-20,MSFT,520.60,527.74,509.78,522.41,522.41,19005194
2026-07-21,MSFT,524.76,532.11,519.25,526.58,526.58,35476639
2026-07-22,MSFT,527.84,530.78,521.03,529.64,529.64,17049911
2026-07-23,MSFT,532.35,543.71,523.55,538.30,538.30,28111114
2026-07-24,MSFT,543.14,546.85,517.00,522.05,522.05,18928698
2026-07-27,MSFT,521.12,530.45,519.48,527.36,527.36,37002559
2026-07-28,MSFT,525.99,531.08,523.86,528.25,528.25,26522022
2026-07-29,MSFT,528.12,547.25,518.86,539.11,539.11,20309813
2026-07-30,MSFT,538.64,542.22,529.24,536.34,536.34,32747109
2026-07-31,MSFT,534.77,540.00,525.89,531.95,531.95,15120785
2026-08-03,MSFT,531.51,537.26,527.84,536.03,536.03,13288621
2026-08-04,MSFT,529.84,540.36,523.07,528.29,528.29,28342933
2026-08-05,MSFT,526.13,532.19,512.30,517.64,517.64,32689168
2026-08-06,MSFT,518.04,528.26,511.78,519.56,519.56,13910895
2026-08-07,MSFT,518.13,519.78,512.85,514.38,514.38,32044603
2026-08-10,MSFT,514.90,527.58,508.86,525.13,525.13,17723475
2026-08-11,MSFT,526.88,529.04,515.33,522.35,522.35,18968674
2026-08-12,MSFT,520.79,521.88,492.49,501.61,501.61,41933985
2026-08-13,MSFT,497.99,507.96,496.24,503.72,503.72,20324227
2026-08-14,MSFT,500.29,509.05,495.61,502.14,502.14,21552525
2026-08-17,MSFT,503.87,509.34,499.18,506.11,506.11,28439311
2026-08-18,MSFT,504.03,523.42,496.37,517.54,517.54,16203712
2026-08-19,MSFT,518.36,524.16,506.24,509.12,509.12,17381564
2026-08-20,MSFT,510.14,519.69,497.21,498.84,498.84,23481285
2026-08-21,MSFT,499.19,500.91,489.39,494.25,494.25,21760649
2026-08-24,MSFT,489.34,496.31,481.68,491.83,491.83,25303942
2026-08-25,MSFT,493.03,494.97,490.03,492.01,492.01,16437007
2026-08-26,MSFT,493.28,495.47,483.68,489.66,489.66,21983569
2026-08-27,MSFT,488.88,495.05,486.62,493.23,493.23,19122111
2026-08-28,MSFT,491.42,494.23,488.56,493.13,493.13,50326766
2026-08-31,MSFT,491.29,492.72,480.72,487.02,487.02,58178611
2026-09-01,MSFT,487.50,495.36,476.16,480.18,480.18,20350868
2026-09-02,MSFT,479.42,483.42,477.72,481.27,481.27,25456787
2026-09-03,MSFT,484.48,488.01,478.65,483.93,483.93,14449728
2026-09-04,MSFT,486.81,488.18,482.93,485.94,485.94,17884698
2026-09-07,MSFT,489.03,499.55,486.23,496.37,496.37,32194256
2026-09-08,MSFT,498.27,502.57,495.06,498.99,498.99,20501913
2026-09-09,MSFT,497.69,507.85,490.18,504.00,504.00,22864769
2026-09-10,MSFT,504.61,505.92,495.79,497.41,497.41,18933964
2026-09-11,MSFT,499.61,504.47,495.96,502.22,502.22,28739054
2026-09-14,MSFT,501.77,526.03,495.36,524.46,524.46,16458555
2026-09-15,MSFT,522.73,534.61,516.82,527.75,527.75,15874594
2025-10-01,NVDA,110.06,111.59,106.01,106.32,106.32,130763054
2025-10-02,NVDA,106.55,107.28,104.85,105.59,105.59,83636813
2025-10-03,NVDA,105.52,107.88,104.60,106.91,106.91,71208469
2025-10-06,NVDA,107.38,108.00,103.51,104.20,104.20,78229673
2025-10-07,NVDA,103.85,109.81,102.29,109.13,109.13,106393654
2025-10-08,NVDA,108.86,114.99,108.30,114.15,114.15,50024999
2025-10-09,NVDA,113.47,115.85,111.65,113.06,113.06,54188115
2025-10-10,NVDA,113.24,118.54,112.20,117.23,117.23,68223282
2025-10-13,NVDA,116.69,117.24,111.96,113.27,113.27,55223647
2025-10-14,NVDA,113.66,114.91,112.35,113.69,113.69,67421486
2025-10-15,NVDA,114.16,117.08,112.04,116.26,116.26,79909633
2025-10-16,NVDA,115.48,116.72,112.04,112.39,112.39,73860725
2025-10-17,NVDA,112.81,113.23,110.79,111.44,111.44,82173388
2025-10-20,NVDA,111.04,111.72,108.56,109.39,109.39,121417131
2025-10-21,NVDA,109.23,114.92,108.80,114.35,114.35,143227294
2025-10-22,NVDA,114.26,114.89,109.45,110.76,110.76,64275947
2025-10-23,NVDA,111.18,114.72,110.47,112.77,112.77,64303960
2025-10-24,NVDA,113.17,115.45,111.51,112.16,112.16,108462336
2025-10-27,NVDA,112.40,113.02,109.82,110.83,110.83,69519238
2025-10-28,NVDA,111.62,113.76,110.21,111.07,111.07,89857712
2025-10-29,NVDA,112.27,112.64,108.42,109.01,109.01,147670470
2025-10-30,NVDA,108.08,108.56,106.83,107.37,107.37,76436425
2025-10-31,NVDA,108.26,110.52,106.87,109.90,109.90,80077750
2025-11-03,NVDA,109.61,111.21,106.11,107.04,107.04,85775697
2025-11-04,NVDA,107.11,109.51,103.61,103.99,103.99,71600983
2025-11-05,NVDA,104.26,109.50,103.11,109.22,109.22,59445180
2025-11-06,NVDA,109.49,109.77,109.24,109.49,109.49,91874096
2025-11-07,NVDA,109.99,111.28,105.26,106.58,106.58,79910287
2025-11-10,NVDA,105.93,107.33,103.02,104.71,104.71,115077209
2025-11-11,NVDA,104.47,104.84,98.39,100.14,100.14,67227678
2025-11-12,NVDA,100.55,101.29,97.84,98.79,98.79,79674092
2025-11-13,NVDA,99.20,104.20,98.91,103.93,103.93,98496090
2025-11-14,NVDA,103.97,109.78,102.85,108.19,108.19,70518258
2025-11-17,NVDA,108.19,111.22,107.95,110.34,110.34,60406061
2025-11-18,NVDA,109.84,116.65,108.83,115.11,115.11,76258869
2025-11-19,NVDA,115.02,117.39,114.13,115.87,115.87,143987273
2025-11-20,NVDA,116.22,118.12,113.07,114.66,114.66,60038478
2025-11-21,NVDA,114.46,116.30,111.35,113.00,113.00,52865357
2025-11-24,NVDA,114.38,118.07,113.27,116.46,116.46,95588372
2025-11-25,NVDA,116.97,118.35,116.44,117.46,117.46,61501022
2025-11-26,NVDA,116.94,117.48,114.39,115.45,115.45,117602519
2025-11-27,NVDA,114.59,116.60,114.18,115.14,115.14,70927804
2025-11-28,NVDA,114.84,121.31,114.31,120.11,120.11,58314947
2025-12-01,NVDA,120.21,122.30,118.21,118.62,118.62,60732817
2025-12-02,NVDA,119.29,123.47,117.30,122.75,122.75,81431807
2025-12-03,NVDA,123.72,127.80,122.07,125.43,125.43,93809035
2025-12-04,NVDA,126.17,126.94,121.61,123.70,123.70,64128157
2025-12-05,NVDA,123.56,125.53,121.97,124.55,124.55,137445450
2025-12-08,NVDA,125.90,127.93,125.14,127.59,127.59,118443646
2025-12-09,NVDA,128.06,128.42,126.57,127.50,127.50,85659212
2025-12-10,NVDA,128.10,129.41,125.12,125.48,125.48,132218235
2025-12-11,NVDA,125.85,129.07,125.51,127.25,127.25,96394196
2025-12-12,NVDA,126.71,127.02,124.39,126.15,126.15,96709694
2025-12-15,NVDA,126.34,126.83,122.19,122.55,122.55,150842015
2025-12-16,NVDA,122.30,128.70,120.20,127.49,127.49,51569773
2025-12-17,NVDA,127.35,130.17,126.15,129.42,129.42,54239663
2025-12-18,NVDA,129.75,135.17,129.21,133.67,133.67,47829502
2025-12-19,NVDA,134.24,141.74,133.33,138.71,138.71,85802244
2025-12-22,NVDA,138.84,141.38,137.24,139.93,139.93,78629142
2025-12-23,NVDA,139.75,142.74,137.27,142.20,142.20,49382920
2025-12-24,NVDA,141.84,145.52,140.24,144.34,144.34,62787991
2025-12-25,NVDA,143.90,144.38,139.28,140.29,140.29,134340058
2025-12-26,NVDA,140.90,145.55,139.01,142.99,142.99,57568391
2025-12-29,NVDA,143.03,143.66,141.20,141.93,141.93,102777558
2025-12-30,NVDA,142.15,144.78,139.68,144.17,144.17,106886989
2025-12-31,NVDA,143.99,144.42,139.92,140.98,140.98,136610724
2026-01-01,NVDA,140.87,143.41,140.20,142.09,142.09,30899338
2026-01-02,NVDA,142.85,144.05,138.62,139.66,139.66,51831637
2026-01-05,NVDA,139.69,141.03,138.95,139.61,139.61,71887025
2026-01-06,NVDA,139.47,142.41,136.88,137.85,137.85,93471696
2026-01-07,NVDA,136.48,137.70,130.76,132.44,132.44,92804399
2026-01-08,NVDA,132.82,134.04,131.75,133.60,133.60,56125209
2026-01-09,NVDA,133.53,135.05,126.61,127.83,127.83,84271448
2026-01-12,NVDA,127.64,128.41,122.44,123.07,123.07,84947144
2026-01-13,NVDA,124.04,126.41,123.42,125.98,125.98,65834424
2026-01-14,NVDA,125.41,125.83,125.14,125.46,125.46,137598751
2026-01-15,NVDA,125.63,132.03,123.98,130.35,130.35,82392988
2026-01-16,NVDA,130.75,132.50,130.27,130.75,130.75,82553531
2026-01-19,NVDA,131.18,133.64,125.33,126.50,126.50,74363173
2026-01-20,NVDA,125.30,127.06,119.88,120.62,120.62,105525065
2026-01-21,NVDA,119.59,121.01,114.74,115.87,115.87,72920741
2026-01-22,NVDA,116.10,122.46,114.40,121.90,121.90,96630506
2026-01-23,NVDA,122.71,123.97,119.72,120.95,120.95,81516728
2026-01-26,NVDA,120.94,126.24,120.02,123.68,123.68,42282543
2026-01-27,NVDA,124.13,127.97,123.81,127.59,127.59,46842023
2026-01-28,NVDA,127.42,128.38,121.77,122.44,122.44,85589125
2026-01-29,NVDA,122.18,124.33,121.71,122.46,122.46,38671910
2026-01-30,NVDA,121.22,122.69,118.82,119.77,119.77,74911792
2026-02-02,NVDA,120.11,121.48,117.37,117.86,117.86,54106246
2026-02-03,NVDA,118.07,120.25,117.64,119.86,119.86,111621827
2026-02-04,NVDA,119.90,122.63,119.42,120.97,120.97,46194545
2026-02-05,NVDA,121.76,122.22,117.41,118.52,118.52,100826499
2026-02-06,NVDA,118.90,123.21,117.75,120.24,120.24,52814153
2026-02-09,NVDA,120.21,120.51,119.16,119.86,119.86,78054245
2026-02-10,NVDA,119.13,119.72,116.26,117.19,117.19,74233817
2026-02-11,NVDA,116.53,117.36,113.85,114.18,114.18,65997199
2026-02-12,NVDA,114.96,116.22,113.10,114.09,114.09,101754361
2026-02-13,NVDA,114.15,117.18,113.64,116.91,116.91,29837135
2026-02-16,NVDA,117.24,118.29,111.26,112.14,112.14,55333177
2026-02-17,NVDA,112.20,113.52,109.34,109.86,109.86,74819253
2026-02-18,NVDA,109.79,110.58,107.57,109.92,109.92,132054832
2026-02-19,NVDA,109.62,111.18,108.01,110.54,110.54,73765565
2026-02-20,NVDA,110.62,111.58,110.32,110.61,110.61,67729017
2026-02-23,NVDA,110.72,112.06,108.79,109.12,109.12,41137208
2026-02-24,NVDA,108.71,110.32,107.92,109.28,109.28,73528095
2026-02-25,NVDA,109.74,110.06,107.09,107.65,107.65,87897804
2026-02-26,NVDA,108.11,111.25,107.89,110.62,110.62,70554984
2026-02-27,NVDA,110.67,112.42,104.86,105.60,105.60,174588470
2026-03-02,NVDA,105.69,108.72,104.75,106.73,106.73,128765718
2026-03-03,NVDA,106.46,108.10,105.39,106.39,106.39,63889986
2026-03-04,NVDA,106.33,113.15,105.98,111.72,111.72,59565059
2026-03-05,NVDA,111.94,113.24,111.49,112.59,112.59,65157743
2026-03-06,NVDA,112.14,116.26,111.16,115.69,115.69,113393253
2026-03-09,NVDA,114.86,115.67,112.04,112.64,112.64,53993872
2026-03-10,NVDA,111.77,116.66,110.78,114.92,114.92,49033399
2026-03-11,NVDA,113.88,115.81,108.82,110.18,110.18,52167008
2026-03-12,NVDA,109.74,112.26,107.88,110.07,110.07,40745409
2026-03-13,NVDA,110.18,110.43,107.37,108.11,108.11,75926764
2026-03-16,NVDA,108.16,108.85,105.21,105.82,105.82,106257937
2026-03-17,NVDA,105.87,112.15,104.81,111.49,111.49,56862356
2026-03-18,NVDA,112.48,116.42,111.32,114.83,114.83,157081549
2026-03-19,NVDA,115.07,117.35,114.16,115.34,115.34,97245084
2026-03-20,NVDA,115.84,120.00,113.82,119.64,119.64,81810864
2026-03-23,NVDA,119.67,121.21,116.23,117.96,117.96,90082229
2026-03-24,NVDA,117.29,118.16,111.07,111.52,111.52,75393433
2026-03-25,NVDA,111.48,112.97,109.59,110.06,110.06,49271824
2026-03-26,NVDA,109.54,110.51,106.94,108.48,108.48,80751850
2026-03-27,NVDA,108.32,108.90,105.68,107.04,107.04,78806206
2026-03-30,NVDA,106.95,107.66,100.05,101.65,101.65,49180372
2026-03-31,NVDA,101.75,103.45,97.36,99.23,99.23,67259887
2026-04-01,NVDA,99.60,101.16,98.78,100.41,100.41,73434829
2026-04-02,NVDA,100.05,100.54,98.00,98.95,98.95,31547642
2026-04-03,NVDA,98.78,104.19,97.95,101.23,101.23,82177708
2026-04-06,NVDA,101.86,104.96,100.85,104.07,104.07,146214988
2026-04-07,NVDA,103.54,103.97,98.26,99.87,99.87,180350546
2026-04-08,NVDA,99.86,101.52,94.94,95.23,95.23,56646975
2026-04-09,NVDA,95.21,95.41,90.05,90.36,90.36,119079226
2026-04-10,NVDA,90.65,95.30,90.22,94.31,94.31,50919808
2026-04-13,NVDA,94.20,99.40,93.87,99.12,99.12,90228049
2026-04-14,NVDA,98.83,99.44,98.37,98.79,98.79,142469206
2026-04-15,NVDA,99.28,101.05,98.87,100.50,100.50,119362077
2026-04-16,NVDA,100.71,100.96,98.89,99.98,99.98,46745700
2026-04-17,NVDA,100.70,101.94,99.26,99.87,99.87,83896565
2026-04-20,NVDA,99.71,101.28,99.18,100.59,100.59,69012183
2026-04-21,NVDA,100.71,103.10,99.92,102.12,102.12,56262133
2026-04-22,NVDA,101.95,102.17,98.02,99.10,99.10,44110877
2026-04-23,NVDA,99.02,101.66,98.28,100.54,100.54,71163727
2026-04-24,NVDA,99.86,100.68,97.19,97.67,97.67,115600172
2026-04-27,NVDA,97.65,98.66,94.57,95.20,95.20,116275082
2026-04-28,NVDA,95.44,96.23,93.48,94.26,94.26,96051002
2026-04-29,NVDA,94.86,95.69,91.90,92.95,92.95,59284480
2026-04-30,NVDA,92.37,92.64,88.78,89.33,89.33,51441686
2026-05-01,NVDA,89.67,90.75,89.20,90.29,90.29,57691088
2026-05-04,NVDA,90.37,91.41,89.44,89.76,89.76,56810397
2026-05-05,NVDA,90.20,91.02,85.71,86.93,86.93,117261450
2026-05-06,NVDA,86.67,88.91,84.74,86.13,86.13,76800955
2026-05-07,NVDA,86.56,88.85,85.76,88.38,88.38,114589431
2026-05-08,NVDA,88.20,88.51,83.52,84.00,84.00,71516014
2026-05-11,NVDA,84.06,85.28,83.71,85.00,85.00,90494722
2026-05-12,NVDA,85.01,85.29,80.45,80.91,80.91,51090993
2026-05-13,NVDA,80.99,81.88,80.68,81.68,81.68,88059670
2026-05-14,NVDA,81.47,85.46,81.24,84.40,84.40,113299422
2026-05-15,NVDA,84.00,87.84,83.46,87.62,87.62,133676106
2026-05-18,NVDA,87.83,88.13,86.86,87.32,87.32,86455662
2026-05-19,NVDA,87.98,89.49,84.16,85.19,85.19,39758607
2026-05-20,NVDA,84.78,88.19,84.48,87.79,87.79,67988605
2026-05-21,NVDA,88.02,92.15,87.45,91.78,91.78,90001986
2026-05-22,NVDA,91.36,92.84,90.18,90.65,90.65,93265174
2026-05-25,NVDA,90.69,91.03,88.11,89.44,89.44,88342864
2026-05-26,NVDA,89.88,94.40,89.51,93.64,93.64,76502944
2026-05-27,NVDA,92.86,95.23,92.18,94.26,94.26,75850929
2026-05-28,NVDA,93.68,94.97,92.99,94.14,94.14,74416239
2026-05-29,NVDA,93.73,94.48,93.09,94.23,94.23,64764099
2026-06-01,NVDA,94.87,95.39,93.97,94.99,94.99,69833983
2026-06-02,NVDA,95.22,97.54,94.32,96.81,96.81,93234332
2026-06-03,NVDA,97.09,98.20,95.89,96.17,96.17,95853900
2026-06-04,NVDA,96.02,97.42,95.29,97.11,97.11,121134816
2026-06-05,NVDA,97.03,100.19,96.77,99.74,99.74,66219848
2026-06-08,NVDA,99.59,106.05,98.81,105.40,105.40,80309287
2026-06-09,NVDA,104.89,105.42,99.84,100.59,100.59,61062151
2026-06-10,NVDA,100.50,104.91,100.28,104.11,104.11,31655792
2026-06-11,NVDA,104.78,107.84,104.34,106.53,106.53,115352849
2026-06-12,NVDA,106.76,115.20,106.39,114.52,114.52,47339498
2026-06-15,NVDA,114.67,115.35,112.76,114.19,114.19,76346706
2026-06-16,NVDA,114.12,115.53,111.19,111.60,111.60,75605947
2026-06-17,NVDA,110.94,116.10,110.50,115.30,115.30,46649479
2026-06-18,NVDA,115.82,116.28,112.67,113.86,113.86,85882034
2026-06-19,NVDA,113.14,115.03,110.09,111.05,111.05,92067079
2026-06-22,NVDA,110.95,111.52,109.04,109.62,109.62,59950296
2026-06-23,NVDA,109.34,112.91,109.01,112.32,112.32,58222962
2026-06-24,NVDA,112.05,113.86,109.26,110.28,110.28,93616239
2026-06-25,NVDA,110.48,114.02,109.64,113.53,113.53,90643638
2026-06-26,NVDA,114.28,118.65,112.85,117.16,117.16,59302492
2026-06-29,NVDA,117.80,121.38,114.18,121.13,121.13,99109966
2026-06-30,NVDA,121.69,127.06,121.44,125.00,125.00,39072972
2026-07-01,NVDA,125.02,126.74,121.66,122.80,122.80,96216567
2026-07-02,NVDA,122.32,123.41,121.40,122.32,122.32,97670972
2026-07-03,NVDA,122.19,128.99,120.24,127.25,127.25,118820723
2026-07-06,NVDA,127.80,130.19,127.23,129.83,129.83,56880025
2026-07-07,NVDA,129.54,130.88,121.44,122.47,122.47,67077655
2026-07-08,NVDA,121.72,124.93,120.37,123.91,123.91,56163059
2026-07-09,NVDA,124.73,133.21,124.43,131.38,131.38,103379738
2026-07-10,NVDA,131.94,140.11,130.26,138.36,138.36,63497448
2026-07-13,NVDA,137.80,138.93,134.57,134.95,134.95,94583161
2026-07-14,NVDA,134.26,135.55,131.26,133.88,133.88,76151582
2026-07-15,NVDA,133.50,134.13,132.49,133.47,133.47,83628819
2026-07-16,NVDA,134.81,136.86,133.81,136.17,136.17,87389168
2026-07-17,NVDA,136.48,144.51,135.80,143.48,143.48,60400677
2026-07-20,NVDA,143.57,144.56,134.80,136.48,136.48,149544749
2026-07-21,NVDA,136.83,137.87,132.84,134.64,134.64,75515451
2026-07-22,NVDA,134.79,144.07,134.42,143.34,143.34,78986432
2026-07-23,NVDA,143.06,143.68,140.83,141.54,141.54,77581176
2026-07-24,NVDA,141.22,142.64,137.12,139.15,139.15,108658624
2026-07-27,NVDA,139.63,141.24,138.85,140.37,140.37,83153502
2026-07-28,NVDA,141.13,145.01,139.43,143.42,143.42,50100345
2026-07-29,NVDA,143.34,146.43,141.67,143.72,143.72,62283374
2026-07-30,NVDA,143.94,149.83,142.58,148.82,148.82,53953811
2026-07-31,NVDA,148.72,150.15,147.10,149.34,149.34,65099767
2026-08-03,NVDA,149.26,149.86,148.18,149.18,149.18,55236170
2026-08-04,NVDA,147.87,151.73,146.49,151.30,151.30,62068631
2026-08-05,NVDA,151.47,152.52,146.58,147.96,147.96,45809511
2026-08-06,NVDA,148.51,148.89,145.97,146.39,146.39,128531984
2026-08-07,NVDA,146.21,151.25,145.72,150.40,150.40,62938284
2026-08-10,NVDA,149.97,155.58,149.22,154.74,154.74,116171375
2026-08-11,NVDA,154.68,158.14,152.89,157.82,157.82,72779841
2026-08-12,NVDA,157.26,161.75,156.91,160.18,160.18,56357697
2026-08-13,NVDA,160.58,163.89,158.14,159.48,159.48,92579243
2026-08-14,NVDA,159.39,165.40,158.39,164.38,164.38,93921099
2026-08-17,NVDA,164.91,165.89,162.73,164.46,164.46,110871643
2026-08-18,NVDA,163.27,165.45,161.48,164.46,164.46,73379271
2026-08-19,NVDA,163.15,164.14,162.03,163.29,163.29,68997306
2026-08-20,NVDA,162.98,168.51,160.57,165.87,165.87,75507003
2026-08-21,NVDA,166.23,167.79,163.25,164.17,164.17,60986640
2026-08-24,NVDA,164.15,167.32,155.90,158.08,158.08,81435847
2026-08-25,NVDA,158.50,164.25,157.77,163.78,163.78,132075610
2026-08-26,NVDA,164.18,164.53,161.50,162.93,162.93,109447323
2026-08-27,NVDA,162.94,163.57,154.71,155.22,155.22,80692157
2026-08-28,NVDA,155.78,156.36,151.11,151.90,151.90,109885670
2026-08-31,NVDA,152.17,155.26,151.81,154.67,154.67,92157329
2026-09-01,NVDA,155.17,156.63,148.76,150.18,150.18,103101207
2026-09-02,NVDA,148.52,150.02,146.02,147.99,147.99,116193155
2026-09-03,NVDA,148.39,150.77,143.46,146.14,146.14,63285470
2026-09-04,NVDA,145.94,149.33,144.98,149.00,149.00,65203010
2026-09-07,NVDA,149.63,155.72,148.55,153.90,153.90,119206487
2026-09-08,NVDA,153.46,156.26,149.83,151.45,151.45,100855412
2026-09-09,NVDA,151.75,153.68,146.62,147.68,147.68,88088007
2026-09-10,NVDA,148.64,152.04,147.28,149.01,149.01,72441792
2026-09-11,NVDA,149.07,149.68,145.46,146.04,146.04,124070263
2026-09-14,NVDA,144.85,145.44,140.66,141.17,141.17,89006417
2026-09-15,NVDA,140.88,144.14,140.40,142.98,142.98,44901319
2025-10-01,GOOGL,159.59,161.51,159.13,160.01,160.01,16639909
2025-10-02,GOOGL,160.99,163.03,159.82,161.28,161.28,28210923
2025-10-03,GOOGL,161.41,163.67,160.54,162.19,162.19,20300215
2025-10-06,GOOGL,162.02,166.99,161.15,165.58,165.58,25447117
2025-10-07,GOOGL,165.67,169.23,164.35,167.02,167.02,47899420
2025-10-08,GOOGL,167.18,167.69,165.04,166.04,166.04,50750781
2025-10-09,GOOGL,166.24,168.72,165.76,167.94,167.94,24345383
2025-10-10,GOOGL,167.59,170.51,167.08,169.59,169.59,30683664
2025-10-13,GOOGL,169.91,178.49,167.88,176.81,176.81,17248382
2025-10-14,GOOGL,177.18,180.81,175.86,179.73,179.73,42081522
2025-10-15,GOOGL,179.75,181.61,177.27,178.59,178.59,33022651
2025-10-16,GOOGL,177.99,180.65,177.31,179.14,179.14,21892015
2025-10-17,GOOGL,178.92,190.31,175.67,187.96,187.96,33234677
2025-10-20,GOOGL,188.08,196.11,186.73,194.72,194.72,14451172
2025-10-21,GOOGL,193.79,195.67,191.85,194.76,194.76,36695897
2025-10-22,GOOGL,195.24,199.47,192.39,197.89,197.89,21438680
2025-10-23,GOOGL,198.28,200.51,197.00,199.33,199.33,32620186
2025-10-24,GOOGL,199.55,200.94,194.40,197.69,197.69,19733093
2025-10-27,GOOGL,197.55,198.88,193.03,195.51,195.51,62608171
2025-10-28,GOOGL,195.45,198.24,193.60,194.79,194.79,50543701
2025-10-29,GOOGL,193.75,194.15,188.69,190.82,190.82,16147539
2025-10-30,GOOGL,191.54,193.71,186.02,187.27,187.27,24608754
2025-10-31,GOOGL,187.71,189.83,179.09,182.15,182.15,35369836
2025-11-03,GOOGL,181.39,183.69,177.86,180.67,180.67,23473915
2025-11-04,GOOGL,181.77,188.32,181.01,186.65,186.65,11606979
2025-11-05,GOOGL,186.56,188.66,182.44,185.36,185.36,16638726
2025-11-06,GOOGL,183.22,186.16,181.71,185.62,185.62,24744373
2025-11-07,GOOGL,186.35,187.98,181.49,182.18,182.18,17476566
2025-11-10,GOOGL,182.01,183.01,177.53,179.02,179.02,19982482
2025-11-11,GOOGL,177.84,180.76,177.41,179.26,179.26,34620194
2025-11-12,GOOGL,178.70,179.72,172.21,174.10,174.10,29186960
2025-11-13,GOOGL,174.81,176.69,172.20,174.14,174.14,35055098
2025-11-14,GOOGL,174.86,175.81,173.93,175.37,175.37,21565127
2025-11-17,GOOGL,176.26,177.64,175.08,175.87,175.87,31585498
2025-11-18,GOOGL,176.44,178.93,175.62,176.03,176.03,25366884
2025-11-19,GOOGL,176.15,181.57,175.53,179.60,179.60,36936690
2025-11-20,GOOGL,178.35,181.41,175.39,180.93,180.93,29002423
2025-11-21,GOOGL,181.41,184.31,179.73,182.66,182.66,32506381
2025-11-24,GOOGL,182.45,187.14,181.59,185.91,185.91,29233222
2025-11-25,GOOGL,186.83,190.48,185.33,188.54,188.54,29400478
2025-11-26,GOOGL,189.03,189.88,184.44,185.19,185.19,17088199
2025-11-27,GOOGL,185.20,188.66,183.42,187.04,187.04,17049998
2025-11-28,GOOGL,186.66,188.13,185.87,186.89,186.89,35344012
2025-12-01,GOOGL,185.85,186.66,180.43,183.17,183.17,13249153
2025-12-02,GOOGL,183.81,186.38,181.46,183.94,183.94,34824183
2025-12-03,GOOGL,183.44,184.11,181.23,182.47,182.47,46442894
2025-12-04,GOOGL,181.88,183.40,178.01,182.32,182.32,30337864
2025-12-05,GOOGL,183.02,187.79,181.00,185.57,185.57,31399525
2025-12-08,GOOGL,186.09,187.62,183.62,184.36,184.36,15720788
2025-12-09,GOOGL,183.52,184.58,182.00,183.59,183.59,44530185
2025-12-10,GOOGL,183.22,186.19,181.83,185.27,185.27,25160892
2025-12-11,GOOGL,184.98,185.90,181.57,182.10,182.10,38940435
2025-12-12,GOOGL,182.72,184.22,182.32,183.17,183.17,22152126
2025-12-15,GOOGL,182.82,188.01,182.28,185.62,185.62,19544566
2025-12-16,GOOGL,186.12,191.12,184.24,188.97,188.97,17613964
2025-12-17,GOOGL,188.26,188.77,185.08,186.80,186.80,17008637
2025-12-18,GOOGL,186.09,186.70,182.43,183.01,183.01,23726476
2025-12-19,GOOGL,182.68,184.34,182.20,183.22,183.22,22019946
2025-12-22,GOOGL,184.02,185.99,178.62,181.30,181.30,29356348
2025-12-23,GOOGL,182.76,187.70,181.43,184.78,184.78,31873000
2025-12-24,GOOGL,184.15,186.24,179.42,181.54,181.54,22670986
2025-12-25,GOOGL,180.23,181.33,174.06,174.58,174.58,26665256
2025-12-26,GOOGL,175.07,179.70,172.66,177.97,177.97,15443612
2025-12-29,GOOGL,176.30,179.57,175.00,178.34,178.34,41217969
2025-12-30,GOOGL,179.31,186.46,177.15,184.42,184.42,20599413
2025-12-31,GOOGL,184.07,184.83,183.16,183.75,183.75,28442604
2026-01-01,GOOGL,183.08,189.52,182.01,188.36,188.36,26289343
2026-01-02,GOOGL,187.50,188.05,185.81,186.94,186.94,26023886
2026-01-05,GOOGL,186.91,188.76,182.05,182.91,182.91,19947871
2026-01-06,GOOGL,182.84,187.39,181.79,185.35,185.35,29780142
2026-01-07,GOOGL,185.09,185.48,182.23,184.64,184.64,25034551
2026-01-08,GOOGL,184.01,186.92,182.09,185.52,185.52,37494807
2026-01-09,GOOGL,185.79,189.37,184.93,188.09,188.09,16732574
2026-01-12,GOOGL,188.08,188.71,186.79,188.18,188.18,12280486
2026-01-13,GOOGL,187.29,191.67,184.59,190.01,190.01,16165242
2026-01-14,GOOGL,190.02,190.89,188.61,189.71,189.71,33193967
2026-01-15,GOOGL,190.39,194.19,189.94,191.93,191.93,16410939
2026-01-16,GOOGL,191.97,194.08,189.48,190.32,190.32,14289608
2026-01-19,GOOGL,190.94,191.96,190.08,191.09,191.09,32586945
2026-01-20,GOOGL,191.32,192.67,190.62,191.60,191.60,35647551
2026-01-21,GOOGL,190.91,192.53,189.04,190.20,190.20,24867371
2026-01-22,GOOGL,191.03,200.97,190.60,197.89,197.89,37199055
2026-01-23,GOOGL,197.20,199.72,196.07,198.10,198.10,24097088
2026-01-26,GOOGL,199.82,200.87,199.22,199.78,199.78,30532332
2026-01-27,GOOGL,201.25,203.73,200.49,202.18,202.18,48315164
2026-01-28,GOOGL,203.36,207.09,202.72,204.17,204.17,15277848
2026-01-29,GOOGL,203.75,210.64,201.60,208.11,208.11,12177563
2026-01-30,GOOGL,209.20,210.28,204.41,205.43,205.43,33052534
2026-02-02,GOOGL,204.87,214.82,203.84,211.35,211.35,29319003
2026-02-03,GOOGL,211.36,215.23,209.85,211.19,211.19,24222607
2026-02-04,GOOGL,210.47,211.98,207.55,209.96,209.96,40667608
2026-02-05,GOOGL,209.49,210.91,203.86,204.66,204.66,9448270
2026-02-06,GOOGL,205.31,206.05,203.32,203.99,203.99,16443743
2026-02-09,GOOGL,203.71,204.69,199.54,201.29,201.29,28498914
2026-02-10,GOOGL,201.86,203.97,199.44,200.68,200.68,33446545
2026-02-11,GOOGL,200.24,202.38,198.76,199.24,199.24,16185442
2026-02-12,GOOGL,198.98,200.14,197.89,198.88,198.88,18883119
2026-02-13,GOOGL,197.94,198.81,195.19,196.29,196.29,29723071
2026-02-16,GOOGL,196.47,198.17,195.39,196.15,196.15,19012147
2026-02-17,GOOGL,195.23,197.43,190.48,192.76,192.76,49318958
2026-02-18,GOOGL,193.00,196.92,192.40,195.52,195.52,24050047
2026-02-19,GOOGL,194.18,196.35,192.69,194.94,194.94,35855100
2026-02-20,GOOGL,194.67,196.08,193.54,194.68,194.68,21251905
2026-02-23,GOOGL,195.08,201.97,193.00,198.16,198.16,44802013
2026-02-24,GOOGL,197.70,203.06,196.14,200.47,200.47,26364927
2026-02-25,GOOGL,200.57,202.78,197.56,198.79,198.79,37879064
2026-02-26,GOOGL,198.39,204.30,194.96,201.86,201.86,36182364
2026-02-27,GOOGL,202.16,203.14,197.68,200.37,200.37,15980205
2026-03-02,GOOGL,200.76,201.87,198.07,200.83,200.83,17943780
2026-03-03,GOOGL,200.27,201.05,195.43,198.39,198.39,32412805
2026-03-04,GOOGL,198.25,199.27,194.77,198.71,198.71,22363657
2026-03-05,GOOGL,199.35,203.48,196.61,201.99,201.99,21563846
2026-03-06,GOOGL,202.76,205.22,197.92,200.57,200.57,21149116
2026-03-09,GOOGL,201.28,204.19,198.68,200.41,200.41,27189030
2026-03-10,GOOGL,199.52,201.99,196.64,197.16,197.16,39901798
2026-03-11,GOOGL,197.09,202.15,193.55,199.69,199.69,50188225
2026-03-12,GOOGL,199.76,202.00,199.34,200.50,200.50,39509521
2026-03-13,GOOGL,201.04,206.88,199.26,205.28,205.28,16219020
2026-03-16,GOOGL,205.61,211.63,203.66,209.12,209.12,38181588
2026-03-17,GOOGL,209.46,210.94,207.78,209.45,209.45,31490440
2026-03-18,GOOGL,207.91,210.47,204.26,206.27,206.27,30197827
2026-03-19,GOOGL,206.93,208.06,203.70,205.26,205.26,44712522
2026-03-20,GOOGL,204.88,207.13,203.20,206.20,206.20,22674179
2026-03-23,GOOGL,206.04,210.19,200.57,201.73,201.73,36799611
2026-03-24,GOOGL,201.48,203.13,199.83,200.46,200.46,21443360
2026-03-25,GOOGL,200.90,201.51,195.87,197.76,197.76,30788391
2026-03-26,GOOGL,197.39,198.81,191.20,192.57,192.57,27951875
2026-03-27,GOOGL,193.00,200.51,192.29,196.89,196.89,33346885
2026-03-30,GOOGL,196.80,200.79,194.70,198.59,198.59,20845061
2026-03-31,GOOGL,197.82,198.93,193.88,195.80,195.80,17720911
2026-04-01,GOOGL,195.46,196.52,193.45,194.69,194.69,21151329
2026-04-02,GOOGL,195.74,196.44,193.75,195.70,195.70,24166254
2026-04-03,GOOGL,195.09,196.50,188.05,189.43,189.43,26257053
2026-04-06,GOOGL,188.54,190.42,183.11,183.63,183.63,23419409
2026-04-07,GOOGL,183.01,185.14,182.43,183.93,183.93,27322567
2026-04-08,GOOGL,183.44,184.71,177.82,178.52,178.52,30483766
2026-04-09,GOOGL,178.05,178.68,172.87,174.84,174.84,36425498
2026-04-10,GOOGL,175.52,178.95,174.75,177.65,177.65,16736250
2026-04-13,GOOGL,177.20,179.41,175.42,179.05,179.05,32413535
2026-04-14,GOOGL,179.97,186.02,178.20,183.06,183.06,22357594
2026-04-15,GOOGL,183.07,185.33,176.88,177.70,177.70,17982346
2026-04-16,GOOGL,177.84,179.33,174.57,176.31,176.31,21882537
2026-04-17,GOOGL,176.29,179.91,175.34,179.42,179.42,24680472
2026-04-20,GOOGL,178.28,179.09,174.56,177.25,177.25,28184369
2026-04-21,GOOGL,177.05,180.71,175.87,179.52,179.52,17182686
2026-04-22,GOOGL,179.45,179.82,175.87,177.93,177.93,22857486
2026-04-23,GOOGL,178.00,180.20,177.52,178.68,178.68,26016064
2026-04-24,GOOGL,178.07,178.56,174.38,175.67,175.67,30111124
2026-04-27,GOOGL,176.38,181.05,175.37,178.43,178.43,21690396
2026-04-28,GOOGL,178.54,179.80,171.84,172.87,172.87,15545490
2026-04-29,GOOGL,173.04,174.49,172.63,173.37,173.37,26566164
2026-04-30,GOOGL,173.55,176.17,172.44,173.16,173.16,20975856
2026-05-01,GOOGL,172.92,174.34,170.35,173.23,173.23,21316706
2026-05-04,GOOGL,173.74,175.38,170.80,171.99,171.99,35292835
2026-05-05,GOOGL,172.85,174.98,171.08,172.32,172.32,34780127
2026-05-06,GOOGL,172.95,173.66,170.72,171.29,171.29,13503403
2026-05-07,GOOGL,171.94,173.84,166.22,168.86,168.86,42584582
2026-05-08,GOOGL,168.78,173.42,166.92,173.00,173.00,56555450
2026-05-11,GOOGL,173.14,176.04,170.58,171.07,171.07,21077942
2026-05-12,GOOGL,170.59,171.09,166.85,168.63,168.63,23652608
2026-05-13,GOOGL,168.97,173.48,167.71,172.20,172.20,21299533
2026-05-14,GOOGL,173.08,174.57,168.87,170.62,170.62,32944043
2026-05-15,GOOGL,170.03,175.25,166.42,174.81,174.81,27378500
2026-05-18,GOOGL,174.90,177.57,173.37,174.95,174.95,32263823
2026-05-19,GOOGL,174.55,175.61,173.77,174.84,174.84,27340994
2026-05-20,GOOGL,174.67,176.29,167.05,168.01,168.01,45281684
2026-05-21,GOOGL,168.32,170.86,166.76,168.55,168.55,25859216
2026-05-22,GOOGL,168.56,169.39,167.09,168.47,168.47,47128451
2026-05-25,GOOGL,167.93,170.05,165.38,166.49,166.49,25267256
2026-05-26,GOOGL,166.58,168.78,163.52,164.57,164.57,46044746
2026-05-27,GOOGL,164.67,166.56,161.02,163.23,163.23,16283990
2026-05-28,GOOGL,163.79,165.62,158.58,159.67,159.67,20573134
2026-05-29,GOOGL,160.15,160.47,154.18,155.04,155.04,19714980
2026-06-01,GOOGL,154.62,159.41,152.87,156.62,156.62,25189518
2026-06-02,GOOGL,157.28,157.75,155.58,157.04,157.04,17605770
2026-06-03,GOOGL,157.31,159.44,154.51,158.04,158.04,35733709
2026-06-04,GOOGL,157.39,159.49,154.91,158.52,158.52,13645155
2026-06-05,GOOGL,158.96,162.93,157.01,161.23,161.23,14080342
2026-06-08,GOOGL,162.10,162.75,160.00,160.64,160.64,24796545
2026-06-09,GOOGL,161.48,163.88,159.35,161.74,161.74,37291976
2026-06-10,GOOGL,162.00,169.04,160.63,165.98,165.98,20724220
2026-06-11,GOOGL,165.41,166.55,161.51,163.66,163.66,26353360
2026-06-12,GOOGL,164.72,166.41,162.98,163.67,163.67,42737703
2026-06-15,GOOGL,162.84,165.46,162.37,163.69,163.69,23789935
2026-06-16,GOOGL,164.27,169.28,162.93,168.77,168.77,28177232
2026-06-17,GOOGL,168.06,169.03,164.80,167.87,167.87,35668807
2026-06-18,GOOGL,168.33,168.97,164.37,165.33,165.33,15695757
2026-06-19,GOOGL,164.89,166.16,164.13,164.61,164.61,32280433
2026-06-22,GOOGL,163.77,164.53,156.44,158.65,158.65,13399514
2026-06-23,GOOGL,158.91,161.83,158.17,161.11,161.11,24349498
2026-06-24,GOOGL,160.19,164.73,159.63,161.62,161.62,13232593
2026-06-25,GOOGL,161.15,162.20,156.49,159.73,159.73,22745625
2026-06-26,GOOGL,159.47,161.47,157.38,160.74,160.74,31901260
2026-06-29,GOOGL,160.18,161.03,158.53,160.07,160.07,20757031
2026-06-30,GOOGL,159.68,164.93,156.66,164.15,164.15,25570251
2026-07-01,GOOGL,163.60,165.01,159.64,161.36,161.36,33629332
2026-07-02,GOOGL,161.34,162.17,156.35,159.41,159.41,20788183
2026-07-03,GOOGL,159.88,161.84,159.31,161.19,161.19,38594604
2026-07-06,GOOGL,161.30,162.18,160.76,161.35,161.35,20096795
2026-07-07,GOOGL,161.25,163.20,157.60,159.83,159.83,23397099
2026-07-08,GOOGL,159.77,161.71,156.45,157.42,157.42,38756563
2026-07-09,GOOGL,156.38,159.36,155.90,158.82,158.82,32357101
2026-07-10,GOOGL,158.35,161.88,156.96,160.05,160.05,22544334
2026-07-13,GOOGL,160.90,165.42,159.13,159.65,159.65,30962609
2026-07-14,GOOGL,160.02,160.46,157.16,157.69,157.69,19842130
2026-07-15,GOOGL,157.73,160.83,157.14,160.08,160.08,24997876
2026-07-16,GOOGL,159.25,167.03,158.75,165.17,165.17,22000099
2026-07-17,GOOGL,164.47,166.90,161.14,164.40,164.40,19810500
2026-07-20,GOOGL,164.76,165.64,157.45,158.25,158.25,21570024
2026-07-21,GOOGL,159.62,160.61,155.49,156.33,156.33,19407303
2026-07-22,GOOGL,155.76,158.72,154.59,156.31,156.31,12497219
2026-07-23,GOOGL,155.88,156.43,150.68,152.19,152.19,41942864
2026-07-24,GOOGL,151.82,155.01,151.30,153.24,153.24,19229942
2026-07-27,GOOGL,152.34,154.99,151.80,154.15,154.15,15366781
2026-07-28,GOOGL,155.51,160.86,152.82,158.35,158.35,31399548
2026-07-29,GOOGL,158.12,158.93,154.74,155.28,155.28,19768157
2026-07-30,GOOGL,155.66,157.68,154.46,156.34,156.34,38630651
2026-07-31,GOOGL,155.68,157.27,154.35,156.32,156.32,31086998
2026-08-03,GOOGL,157.42,159.16,153.96,154.75,154.75,27834242
2026-08-04,GOOGL,154.09,154.80,152.36,153.43,153.43,26594288
2026-08-05,GOOGL,153.84,157.73,152.76,157.06,157.06,29719425
2026-08-06,GOOGL,156.93,158.72,154.52,157.42,157.42,25641881
2026-08-07,GOOGL,158.46,159.88,156.89,157.83,157.83,32477688
2026-08-10,GOOGL,156.99,159.60,155.63,159.24,159.24,29831098
2026-08-11,GOOGL,159.86,160.72,154.15,155.74,155.74,22302255
2026-08-12,GOOGL,155.37,158.96,154.25,158.31,158.31,24581211
2026-08-13,GOOGL,158.60,161.67,156.46,159.84,159.84,20570406
2026-08-14,GOOGL,159.46,166.24,158.92,165.16,165.16,22920296
2026-08-17,GOOGL,165.22,167.09,164.52,166.51,166.51,39719209
2026-08-18,GOOGL,165.49,170.57,163.90,169.00,169.00,24374478
2026-08-19,GOOGL,168.66,170.85,164.68,165.03,165.03,35326067
2026-08-20,GOOGL,164.92,168.05,161.04,162.22,162.22,14717272
2026-08-21,GOOGL,162.48,163.69,159.07,160.37,160.37,19822772
2026-08-24,GOOGL,158.72,161.05,157.88,160.35,160.35,40478270
2026-08-25,GOOGL,162.06,165.22,160.19,164.49,164.49,33087147
2026-08-26,GOOGL,163.64,166.48,159.64,160.39,160.39,27000154
2026-08-27,GOOGL,160.68,161.80,158.04,158.78,158.78,25219580
2026-08-28,GOOGL,158.88,160.64,152.83,155.31,155.31,12438665
2026-08-31,GOOGL,155.08,157.60,152.48,153.08,153.08,18891434
2026-09-01,GOOGL,152.50,155.46,150.91,152.90,152.90,24809633
2026-09-02,GOOGL,152.74,154.82,151.82,152.92,152.92,49961265
2026-09-03,GOOGL,152.34,154.69,151.06,152.64,152.64,14173905
2026-09-04,GOOGL,152.58,153.11,151.06,152.42,152.42,17255317
2026-09-07,GOOGL,152.28,153.38,150.88,151.71,151.71,22765217
2026-09-08,GOOGL,150.83,153.47,149.70,151.91,151.91,22588508
2026-09-09,GOOGL,151.86,157.10,151.03,156.16,156.16,10825819
2026-09-10,GOOGL,156.89,157.48,154.02,154.81,154.81,19001410
2026-09-11,GOOGL,153.87,157.92,152.52,156.71,156.71,20917143
2026-09-14,GOOGL,155.61,158.06,153.39,156.82,156.82,19175307
2026-09-15,GOOGL,156.61,162.76,156.07,160.00,160.00,26968521
2025-10-01,AMZN,175.05,176.39,171.60,174.21,174.21,45594753
2025-10-02,AMZN,173.71,174.84,173.28,173.65,173.65,28471167
2025-10-03,AMZN,174.86,177.59,173.88,174.27,174.27,29323948
2025-10-06,AMZN,175.22,176.19,171.89,172.77,172.77,53776181
2025-10-07,AMZN,172.92,178.02,172.04,176.48,176.48,24045301
2025-10-08,AMZN,176.73,177.13,171.65,172.21,172.21,64142037
2025-10-09,AMZN,171.95,174.63,170.41,173.66,173.66,25141011
2025-10-10,AMZN,174.42,177.17,170.78,172.00,172.00,24970438
2025-10-13,AMZN,171.76,180.03,171.38,177.05,177.05,57149821
2025-10-14,AMZN,176.24,180.05,174.34,179.23,179.23,20020076
2025-10-15,AMZN,179.56,182.04,178.54,181.38,181.38,38661147
2025-10-16,AMZN,180.44,182.46,179.07,180.84,180.84,20202652
2025-10-17,AMZN,180.19,182.59,175.93,177.48,177.48,25788104
2025-10-20,AMZN,175.82,178.03,172.69,176.19,176.19,51643366
2025-10-21,AMZN,176.56,181.59,175.79,179.92,179.92,37184264
2025-10-22,AMZN,180.05,181.67,175.30,176.75,176.75,21353461
2025-10-23,AMZN,176.18,178.85,170.51,172.15,172.15,36296331
2025-10-24,AMZN,172.62,175.65,171.36,174.28,174.28,66976435
2025-10-27,AMZN,175.82,178.69,172.58,174.57,174.57,26831585
2025-10-28,AMZN,174.58,178.19,169.75,172.01,172.01,56352798
2025-10-29,AMZN,171.65,172.88,171.10,172.42,172.42,31075310
2025-10-30,AMZN,172.67,175.40,169.75,173.83,173.83,21775429
2025-10-31,AMZN,173.95,180.41,172.03,178.87,178.87,32637795
2025-11-03,AMZN,179.33,179.98,170.79,171.77,171.77,47929726
2025-11-04,AMZN,172.12,174.43,170.52,171.37,171.37,37318740
2025-11-05,AMZN,171.07,174.62,167.99,171.68,171.68,35933838
2025-11-06,AMZN,171.33,176.26,168.18,174.54,174.54,22247933
2025-11-07,AMZN,173.91,174.74,172.61,174.06,174.06,33990533
2025-11-10,AMZN,174.07,181.81,172.52,180.54,180.54,45294878
2025-11-11,AMZN,181.54,182.28,178.40,178.84,178.84,37104893
2025-11-12,AMZN,178.29,181.29,176.48,178.19,178.19,39462336
2025-11-13,AMZN,178.10,183.86,177.46,182.64,182.64,29864705
2025-11-14,AMZN,183.51,184.74,182.50,182.89,182.89,20899823
2025-11-17,AMZN,182.06,184.73,179.40,180.14,180.14,21115794
2025-11-18,AMZN,179.37,179.89,177.55,178.46,178.46,34847881
2025-11-19,AMZN,178.06,178.80,176.68,177.53,177.53,39740106
2025-11-20,AMZN,176.56,179.23,170.81,172.65,172.65,52842566
2025-11-21,AMZN,173.46,173.95,169.24,171.74,171.74,26717113
2025-11-24,AMZN,172.27,173.92,171.40,173.02,173.02,31126339
2025-11-25,AMZN,173.90,175.62,173.43,174.02,174.02,33271309
2025-11-26,AMZN,174.57,176.54,171.79,174.70,174.70,42139112
2025-11-27,AMZN,174.37,177.64,173.90,175.90,175.90,58840376
2025-11-28,AMZN,176.04,179.57,172.19,174.84,174.84,51352467
2025-12-01,AMZN,174.91,180.88,173.68,180.12,180.12,29839655
2025-12-02,AMZN,180.45,183.51,174.54,177.72,177.72,52210874
2025-12-03,AMZN,178.14,178.87,173.31,174.45,174.45,33082496
2025-12-04,AMZN,174.41,176.76,174.02,175.54,175.54,77334550
2025-12-05,AMZN,176.59,181.06,176.07,179.88,179.88,43129301
2025-12-08,AMZN,179.17,181.65,176.63,177.59,177.59,51744949
2025-12-09,AMZN,178.90,180.90,176.78,177.36,177.36,30247792
2025-12-10,AMZN,176.54,184.05,174.35,181.61,181.61,42219282
2025-12-11,AMZN,180.79,182.26,178.28,179.70,179.70,38286658
2025-12-12,AMZN,180.63,182.42,177.68,179.37,179.37,30684183
2025-12-15,AMZN,178.30,182.94,177.30,181.23,181.23,25422358
2025-12-16,AMZN,180.86,181.42,178.38,180.46,180.46,26915753
2025-12-17,AMZN,179.94,181.45,179.25,180.34,180.34,31670934
2025-12-18,AMZN,180.84,181.52,178.68,180.00,180.00,49992315
2025-12-19,AMZN,181.25,181.91,179.06,180.49,180.49,67743552
2025-12-22,AMZN,181.24,185.90,179.53,184.82,184.82,32601382
2025-12-23,AMZN,184.84,186.60,184.10,184.89,184.89,16748161
2025-12-24,AMZN,185.04,186.52,176.65,182.65,182.65,31812128
2025-12-25,AMZN,183.04,184.22,182.10,182.54,182.54,45696954
2025-12-26,AMZN,182.46,187.29,179.41,184.85,184.85,28587452
2025-12-29,AMZN,184.99,190.23,183.76,188.60,188.60,54845041
2025-12-30,AMZN,188.16,193.05,184.74,191.14,191.14,23702577
2025-12-31,AMZN,192.37,193.19,188.30,188.80,188.80,22687667
2026-01-01,AMZN,189.41,195.55,188.74,193.74,193.74,58122112
2026-01-02,AMZN,193.82,198.33,190.14,195.48,195.48,58882712
2026-01-05,AMZN,195.66,197.05,195.10,195.57,195.57,68442180
2026-01-06,AMZN,195.79,196.95,191.16,192.09,192.09,51173555
2026-01-07,AMZN,192.71,194.89,191.60,194.00,194.00,35991626
2026-01-08,AMZN,194.73,200.46,193.78,199.28,199.28,28668479
2026-01-09,AMZN,199.23,206.76,197.88,205.29,205.29,60411111
2026-01-12,AMZN,204.97,208.37,203.81,206.73,206.73,40157790
2026-01-13,AMZN,207.50,209.29,203.05,204.04,204.04,31801803
2026-01-14,AMZN,203.70,205.64,197.97,199.12,199.12,66096180
2026-01-15,AMZN,199.05,205.04,198.54,202.15,202.15,105479377
2026-01-16,AMZN,201.72,204.06,199.19,199.71,199.71,24081743
2026-01-19,AMZN,200.41,203.82,197.57,202.50,202.50,23510342
2026-01-20,AMZN,202.56,203.88,200.72,202.36,202.36,26558872
2026-01-21,AMZN,202.42,202.91,194.46,199.13,199.13,43683099
2026-01-22,AMZN,199.68,200.54,197.41,199.24,199.24,49458501
2026-01-23,AMZN,200.19,201.44,196.99,199.33,199.33,44079033
2026-01-26,AMZN,198.72,199.66,193.94,195.16,195.16,33607005
2026-01-27,AMZN,195.97,197.79,193.15,196.33,196.33,40062816
2026-01-28,AMZN,197.44,199.45,194.73,195.56,195.56,62198961
2026-01-29,AMZN,195.89,204.85,195.16,203.37,203.37,31631346
2026-01-30,AMZN,203.67,206.13,196.90,198.46,198.46,32776883
2026-02-02,AMZN,199.38,200.22,193.27,195.75,195.75,25556546
2026-02-03,AMZN,196.36,198.73,194.59,198.07,198.07,34676342
2026-02-04,AMZN,198.08,203.03,194.95,201.56,201.56,34575874
2026-02-05,AMZN,201.27,203.48,199.14,200.24,200.24,25735463
2026-02-06,AMZN,200.08,202.72,198.32,199.53,199.53,16592022
2026-02-09,AMZN,198.98,202.97,198.00,199.95,199.95,76319374
2026-02-10,AMZN,198.76,208.77,197.19,206.80,206.80,33990100
2026-02-11,AMZN,207.14,212.56,202.16,204.82,204.82,42692633
2026-02-12,AMZN,205.76,206.76,200.34,201.35,201.35,24792247
2026-02-13,AMZN,200.57,202.73,198.94,201.37,201.37,36972049
2026-02-16,AMZN,201.87,203.59,201.07,203.10,203.10,31636929
2026-02-17,AMZN,203.90,205.95,202.25,202.74,202.74,29758194
2026-02-18,AMZN,204.10,208.78,202.67,208.33,208.33,29347694
2026-02-19,AMZN,207.70,210.38,204.66,205.48,205.48,31453684
2026-02-20,AMZN,205.13,208.85,202.20,203.89,203.89,25953716
2026-02-23,AMZN,203.30,207.60,200.45,205.16,205.16,15230581
2026-02-24,AMZN,205.76,208.79,201.53,201.96,201.96,49645930
2026-02-25,AMZN,202.56,204.55,201.83,203.53,203.53,64300593
2026-02-26,AMZN,203.47,206.72,198.41,204.87,204.87,60345230
2026-02-27,AMZN,203.96,206.94,200.69,202.98,202.98,63447958
2026-03-02,AMZN,203.81,205.74,201.23,204.21,204.21,58565204
2026-03-03,AMZN,203.75,208.10,202.61,206.20,206.20,33157484
2026-03-04,AMZN,206.52,211.05,205.86,210.54,210.54,35157862
2026-03-05,AMZN,210.16,213.71,204.51,208.24,208.24,47937349
2026-03-06,AMZN,206.89,209.82,205.83,208.34,208.34,59462134
2026-03-09,AMZN,208.75,214.27,207.75,213.35,213.35,19458799
2026-03-10,AMZN,213.05,215.11,212.29,213.79,213.79,36477348
2026-03-11,AMZN,212.91,215.25,209.38,210.10,210.10,31114652
2026-03-12,AMZN,208.73,211.12,205.79,207.72,207.72,34655450
2026-03-13,AMZN,208.31,210.06,207.09,208.71,208.71,35693244
2026-03-16,AMZN,210.09,212.27,206.06,211.74,211.74,27103903
2026-03-17,AMZN,211.70,214.73,210.79,213.43,213.43,40095116
2026-03-18,AMZN,211.35,219.57,210.60,216.49,216.49,43952872
2026-03-19,AMZN,216.66,220.03,215.53,218.84,218.84,30161827
2026-03-20,AMZN,220.03,221.48,217.64,219.76,219.76,34244024
2026-03-23,AMZN,221.59,226.05,219.00,224.04,224.04,17810562
2026-03-24,AMZN,224.24,234.96,222.42,234.05,234.05,31903919
2026-03-25,AMZN,233.16,239.91,232.56,239.19,239.19,20855789
2026-03-26,AMZN,239.98,242.25,239.13,239.67,239.67,21078026
2026-03-27,AMZN,238.86,247.58,234.55,244.03,244.03,33881100
2026-03-30,AMZN,243.79,246.25,240.05,242.05,242.05,47726762
2026-03-31,AMZN,241.09,244.76,239.81,241.76,241.76,39038217
2026-04-01,AMZN,240.54,243.59,239.45,242.84,242.84,35147851
2026-04-02,AMZN,242.48,245.71,236.23,239.74,239.74,16389112
2026-04-03,AMZN,239.51,247.44,237.29,245.95,245.95,39834654
2026-04-06,AMZN,246.98,248.58,241.77,244.99,244.99,30250662
2026-04-07,AMZN,244.56,246.43,237.87,240.11,240.11,33261750
2026-04-08,AMZN,240.11,241.75,236.33,239.48,239.48,21736860
2026-04-09,AMZN,240.38,242.75,232.15,234.88,234.88,49599817
2026-04-10,AMZN,235.61,241.59,234.91,239.49,239.49,36171453
2026-04-13,AMZN,239.25,247.08,236.60,244.58,244.58,49599096
2026-04-14,AMZN,245.65,247.31,241.94,243.49,243.49,40225714
2026-04-15,AMZN,243.17,245.89,237.15,239.94,239.94,80936812
2026-04-16,AMZN,238.56,241.51,237.04,237.72,237.72,41248392
2026-04-17,AMZN,239.27,242.05,234.98,240.62,240.62,39473136
2026-04-20,AMZN,240.24,243.73,234.83,239.25,239.25,43842043
2026-04-21,AMZN,240.07,243.39,238.64,240.50,240.50,28943096
2026-04-22,AMZN,241.38,244.92,240.50,243.69,243.69,29928230
2026-04-23,AMZN,243.57,246.26,242.57,245.40,245.40,24420282
2026-04-24,AMZN,245.81,246.57,243.60,244.31,244.31,41454976
2026-04-27,AMZN,244.53,245.18,242.03,242.62,242.62,47245977
2026-04-28,AMZN,243.29,249.84,241.94,248.91,248.91,34055776
2026-04-29,AMZN,249.80,257.42,248.75,254.75,254.75,49085178
2026-04-30,AMZN,253.61,264.42,252.30,261.39,261.39,30619171
2026-05-01,AMZN,263.51,265.77,256.87,259.09,259.09,73385962
2026-05-04,AMZN,260.19,269.29,257.55,267.17,267.17,39260617
2026-05-05,AMZN,266.39,271.99,263.36,271.05,271.05,25888454
2026-05-06,AMZN,269.63,272.10,266.46,268.13,268.13,41610424
2026-05-07,AMZN,267.34,271.60,263.98,265.55,265.55,20463813
2026-05-08,AMZN,266.85,275.21,265.21,272.89,272.89,26696979
2026-05-11,AMZN,274.86,279.31,270.49,274.75,274.75,45551778
2026-05-12,AMZN,273.83,278.57,271.63,273.23,273.23,40500629
2026-05-13,AMZN,273.89,275.60,270.45,273.37,273.37,56566888
2026-05-14,AMZN,273.69,275.44,272.57,274.80,274.80,33599682
2026-05-15,AMZN,274.79,280.68,273.30,278.92,278.92,23515007
2026-05-18,AMZN,278.03,280.15,272.72,273.72,273.72,34625576
2026-05-19,AMZN,274.03,284.72,271.74,281.62,281.62,63951976
2026-05-20,AMZN,282.26,285.26,279.99,284.16,284.16,56470876
2026-05-21,AMZN,281.80,284.88,272.98,275.14,275.14,42516563
2026-05-22,AMZN,275.04,279.64,272.48,274.45,274.45,51769508
2026-05-25,AMZN,275.79,277.64,264.96,265.57,265.57,37844416
2026-05-26,AMZN,266.07,271.87,263.61,270.12,270.12,29808115
2026-05-27,AMZN,270.20,276.02,268.42,273.95,273.95,41901309
2026-05-28,AMZN,272.68,273.33,263.74,264.59,264.59,54804251
2026-05-29,AMZN,265.39,266.81,261.82,262.41,262.41,39360634
2026-06-01,AMZN,260.23,261.97,255.34,256.52,256.52,55761971
2026-06-02,AMZN,256.27,263.88,254.25,262.52,262.52,29763106
2026-06-03,AMZN,261.47,274.25,259.76,267.74,267.74,35557280
2026-06-04,AMZN,266.94,272.05,264.61,269.20,269.20,47185988
2026-06-05,AMZN,268.58,271.02,262.34,263.58,263.58,77453943
2026-06-08,AMZN,261.72,262.70,258.63,261.60,261.60,15017976
2026-06-09,AMZN,262.08,265.25,256.40,262.72,262.72,47220397
2026-06-10,AMZN,262.72,264.90,259.26,261.49,261.49,27046683
2026-06-11,AMZN,261.08,270.84,259.18,266.40,266.40,48680143
2026-06-12,AMZN,267.86,280.77,265.47,277.89,277.89,65804720
2026-06-15,AMZN,278.79,283.90,278.11,282.52,282.52,84830731
2026-06-16,AMZN,280.10,283.90,274.31,280.52,280.52,73385674
2026-06-17,AMZN,280.17,281.70,272.27,273.54,273.54,37141035
2026-06-18,AMZN,275.74,287.68,274.16,284.83,284.83,23445796
2026-06-19,AMZN,282.10,283.23,271.84,278.01,278.01,31472692
2026-06-22,AMZN,278.83,280.63,274.44,276.10,276.10,37357090
2026-06-23,AMZN,278.27,280.37,273.46,276.19,276.19,32336225
2026-06-24,AMZN,276.52,282.66,272.70,280.81,280.81,34141079
2026-06-25,AMZN,281.52,282.46,270.11,271.65,271.65,52129297
2026-06-26,AMZN,272.53,283.28,268.64,277.02,277.02,46851494
2026-06-29,AMZN,278.91,287.26,275.74,285.48,285.48,28772844
2026-06-30,AMZN,287.55,301.28,286.54,299.32,299.32,30690463
2026-07-01,AMZN,299.14,301.10,295.36,298.72,298.72,93063948
2026-07-02,AMZN,299.85,303.50,296.62,299.11,299.11,24106836
2026-07-03,AMZN,299.44,300.24,293.18,295.04,295.04,25173625
2026-07-06,AMZN,297.74,304.58,293.44,301.13,301.13,37132527
2026-07-07,AMZN,300.81,304.51,299.23,300.44,300.44,28853760
2026-07-08,AMZN,299.92,300.59,296.95,299.87,299.87,47954155
2026-07-09,AMZN,300.40,304.90,299.77,302.16,302.16,31532086
2026-07-10,AMZN,303.74,308.43,300.54,304.37,304.37,42922137
2026-07-13,AMZN,304.19,315.76,301.42,312.23,312.23,37045292
2026-07-14,AMZN,312.40,313.88,310.75,312.91,312.91,38662967
2026-07-15,AMZN,311.33,317.23,310.64,314.82,314.82,39097995
2026-07-16,AMZN,314.45,318.55,312.47,316.02,316.02,50856183
2026-07-17,AMZN,314.60,321.86,311.74,319.17,319.17,96611429
2026-07-20,AMZN,319.66,322.27,318.66,319.74,319.74,25735104
2026-07-21,AMZN,321.93,324.29,313.17,314.83,314.83,56286224
2026-07-22,AMZN,313.79,326.82,312.03,324.88,324.88,33499111
2026-07-23,AMZN,327.95,339.90,326.52,333.03,333.03,15838153
2026-07-24,AMZN,333.03,335.42,328.36,330.74,330.74,46049305
2026-07-27,AMZN,329.63,338.91,328.27,334.80,334.80,28905062
2026-07-28,AMZN,337.59,345.61,335.44,342.98,342.98,35901332
2026-07-29,AMZN,343.10,346.54,337.60,342.11,342.11,24867396
2026-07-30,AMZN,344.78,348.87,342.29,346.94,346.94,34814334
2026-07-31,AMZN,346.76,351.44,341.72,349.84,349.84,44039723
2026-08-03,AMZN,351.41,353.03,337.80,340.25,340.25,30648048
2026-08-04,AMZN,341.61,345.86,338.61,344.18,344.18,35791583
2026-08-05,AMZN,347.00,350.60,337.54,339.86,339.86,42971880
2026-08-06,AMZN,338.11,343.39,335.21,341.56,341.56,37008300
2026-08-07,AMZN,342.38,344.70,330.91,333.69,333.69,31587689
2026-08-10,AMZN,332.15,337.81,330.52,334.99,334.99,28507077
2026-08-11,AMZN,334.58,341.23,332.29,339.09,339.09,44782249
2026-08-12,AMZN,339.09,340.20,323.59,328.62,328.62,54602771
2026-08-13,AMZN,328.08,339.74,322.86,337.79,337.79,53796351
2026-08-14,AMZN,337.85,343.80,336.15,339.35,339.35,78924017
2026-08-17,AMZN,340.20,342.03,335.14,341.21,341.21,21974988
2026-08-18,AMZN,340.20,351.73,337.62,347.52,347.52,33898947
2026-08-19,AMZN,347.25,350.41,343.27,345.58,345.58,24423492
2026-08-20,AMZN,344.61,353.29,341.07,351.66,351.66,75031361
2026-08-21,AMZN,351.35,359.55,350.25,356.97,356.97,46431831
2026-08-24,AMZN,358.94,364.71,357.01,361.38,361.38,18729733
2026-08-25,AMZN,362.07,365.45,353.68,359.16,359.16,40747408
2026-08-26,AMZN,360.62,368.27,358.43,365.02,365.02,62450557
2026-08-27,AMZN,364.94,366.45,354.59,357.86,357.86,50952418
2026-08-28,AMZN,359.36,362.42,342.00,344.64,344.64,24455414
2026-08-31,AMZN,345.05,348.16,343.09,347.45,347.45,53231626
2026-09-01,AMZN,347.56,350.42,346.10,348.24,348.24,36139889
2026-09-02,AMZN,346.51,356.33,344.68,352.32,352.32,31568745
2026-09-03,AMZN,350.57,353.75,347.97,348.91,348.91,58605895
2026-09-04,AMZN,347.54,355.01,346.79,352.85,352.85,59106880
2026-09-07,AMZN,353.93,360.16,350.24,359.31,359.31,41973175
2026-09-08,AMZN,359.52,378.89,354.28,374.42,374.42,27631183
2026-09-09,AMZN,376.41,381.92,370.49,379.34,379.34,20141236
2026-09-10,AMZN,378.41,385.13,372.41,381.94,381.94,75957127
2026-09-11,AMZN,381.49,391.72,372.47,373.94,373.94,48582041
2026-09-14,AMZN,374.74,380.07,363.67,364.93,364.93,53311334
2026-09-15,AMZN,364.74,374.01,362.59,367.03,367.03,38866710
2025-10-01,TSLA,214.74,219.32,213.72,215.51,215.51,82091099
2025-10-02,TSLA,215.19,217.07,204.26,205.32,205.32,68783812
2025-10-03,TSLA,205.48,210.40,203.36,208.29,208.29,77772429
2025-10-06,TSLA,209.59,214.77,208.22,214.08,214.08,118362206
2025-10-07,TSLA,215.13,216.48,209.42,209.92,209.92,56689755
2025-10-08,TSLA,209.24,217.93,207.28,216.53,216.53,70304023
2025-10-09,TSLA,216.87,224.22,215.64,223.68,223.68,75316708
2025-10-10,TSLA,224.02,225.69,219.49,220.75,220.75,91773322
2025-10-13,TSLA,220.90,223.48,217.18,220.21,220.21,70606307
2025-10-14,TSLA,220.51,223.40,216.61,221.02,221.02,76348513
2025-10-15,TSLA,220.80,222.43,219.25,219.92,219.92,69131169
2025-10-16,TSLA,220.11,224.79,219.33,224.25,224.25,50645259
2025-10-17,TSLA,225.38,228.73,223.41,228.25,228.25,69365918
2025-10-20,TSLA,229.29,247.54,228.41,245.54,245.54,69180886
2025-10-21,TSLA,245.38,257.45,241.09,256.47,256.47,143114188
2025-10-22,TSLA,254.00,256.10,243.04,243.77,243.77,45293341
2025-10-23,TSLA,243.27,243.93,234.30,235.39,235.39,64951027
2025-10-24,TSLA,234.98,243.10,233.88,241.76,241.76,112111791
2025-10-27,TSLA,242.25,242.94,237.76,239.88,239.88,112099952
2025-10-28,TSLA,240.39,243.17,237.25,240.00,240.00,42438340
2025-10-29,TSLA,241.23,244.68,236.61,240.17,240.17,64019866
2025-10-30,TSLA,241.07,247.31,239.19,244.19,244.19,46850858
2025-10-31,TSLA,244.76,245.48,235.71,238.66,238.66,121767701
2025-11-03,TSLA,238.04,245.00,237.28,244.02,244.02,59666574
2025-11-04,TSLA,243.65,246.53,231.66,233.59,233.59,49582131
2025-11-05,TSLA,234.58,241.05,231.81,238.65,238.65,73770474
2025-11-06,TSLA,238.35,239.62,230.99,232.33,232.33,56431482
2025-11-07,TSLA,232.97,247.38,227.99,243.30,243.30,107681559
2025-11-10,TSLA,244.76,255.73,240.03,253.32,253.32,105043999
2025-11-11,TSLA,253.20,258.15,249.13,256.86,256.86,78504349
2025-11-12,TSLA,255.78,263.41,254.46,258.23,258.23,71756868
2025-11-13,TSLA,258.00,274.45,256.17,272.14,272.14,64964180
2025-11-14,TSLA,272.83,284.81,266.70,282.82,282.82,51958796
2025-11-17,TSLA,284.39,285.24,277.61,280.87,280.87,64656019
2025-11-18,TSLA,280.76,281.77,271.58,274.77,274.77,55947602
2025-11-19,TSLA,274.31,280.66,271.81,279.17,279.17,52553199
2025-11-20,TSLA,280.14,298.52,278.88,295.55,295.55,91829369
2025-11-21,TSLA,295.48,317.45,290.83,316.49,316.49,90910145
2025-11-24,TSLA,316.41,324.60,314.96,322.22,322.22,69143691
2025-11-25,TSLA,320.80,321.85,313.74,315.00,315.00,66075182
2025-11-26,TSLA,315.22,316.83,302.85,305.93,305.93,53589761
2025-11-27,TSLA,306.89,311.90,292.41,293.88,293.88,46688912
2025-11-28,TSLA,292.88,294.51,288.61,293.33,293.33,54221133
2025-12-01,TSLA,295.09,296.55,293.55,294.92,294.92,94425805
2025-12-02,TSLA,294.75,305.60,292.98,303.89,303.89,89709573
2025-12-03,TSLA,305.50,306.36,300.69,304.79,304.79,51209438
2025-12-04,TSLA,305.60,314.62,290.19,292.70,292.70,45223897
2025-12-05,TSLA,295.27,297.21,281.23,282.03,282.03,56288062
2025-12-08,TSLA,280.51,283.71,268.49,270.00,270.00,55740747
2025-12-09,TSLA,268.07,269.88,261.00,262.23,262.23,44912818
2025-12-10,TSLA,261.56,262.51,246.77,247.68,247.68,67102644
2025-12-11,TSLA,247.68,255.79,247.01,254.31,254.31,46230998
2025-12-12,TSLA,253.80,259.46,239.01,242.25,242.25,53755090
2025-12-15,TSLA,242.58,254.41,238.44,253.68,253.68,59800845
2025-12-16,TSLA,252.76,269.02,249.74,264.31,264.31,54413227
2025-12-17,TSLA,262.99,266.00,256.97,261.25,261.25,43589757
2025-12-18,TSLA,259.71,260.68,256.14,257.70,257.70,51754763
2025-12-19,TSLA,257.62,270.00,256.97,267.35,267.35,49495811
2025-12-22,TSLA,265.16,271.92,263.94,269.36,269.36,97644568
2025-12-23,TSLA,268.16,269.52,264.58,267.42,267.42,39401526
2025-12-24,TSLA,267.02,282.80,265.24,282.00,282.00,56988208
2025-12-25,TSLA,282.21,285.09,265.64,267.24,267.24,79539748
2025-12-26,TSLA,267.14,274.62,266.06,272.38,272.38,26762395
2025-12-29,TSLA,272.60,274.96,265.71,266.54,266.54,69711958
2025-12-30,TSLA,265.73,267.80,257.34,259.76,259.76,104570976
2025-12-31,TSLA,260.69,261.91,252.37,256.16,256.16,23639558
2026-01-01,TSLA,256.48,262.82,254.90,260.08,260.08,95163075
2026-01-02,TSLA,258.84,260.11,254.94,257.49,257.49,45341068
2026-01-05,TSLA,260.33,270.92,256.89,266.42,266.42,203981262
2026-01-06,TSLA,266.55,276.89,265.27,273.22,273.22,40258858
2026-01-07,TSLA,273.88,277.33,271.60,273.83,273.83,65792493
2026-01-08,TSLA,272.91,284.81,271.08,283.91,283.91,60060852
2026-01-09,TSLA,284.21,287.76,263.67,266.33,266.33,62930996
2026-01-12,TSLA,265.46,276.61,261.84,275.49,275.49,91677805
2026-01-13,TSLA,276.79,279.31,271.93,273.48,273.48,34591886
2026-01-14,TSLA,273.58,285.59,272.67,281.73,281.73,69207947
2026-01-15,TSLA,281.29,291.94,279.78,290.60,290.60,106198446
2026-01-16,TSLA,289.89,293.78,282.48,285.90,285.90,52786996
2026-01-19,TSLA,285.85,289.86,272.38,278.02,278.02,119266464
2026-01-20,TSLA,277.46,278.32,273.72,275.10,275.10,85635854
2026-01-21,TSLA,277.66,280.65,263.29,265.47,265.47,83867966
2026-01-22,TSLA,265.90,277.81,263.94,276.51,276.51,93300926
2026-01-23,TSLA,278.20,281.83,275.61,279.31,279.31,57054861
2026-01-26,TSLA,281.99,295.46,280.64,293.71,293.71,52011687
2026-01-27,TSLA,294.81,302.98,292.03,299.90,299.90,64313761
2026-01-28,TSLA,300.96,309.58,299.00,305.93,305.93,66106441
2026-01-29,TSLA,306.09,329.32,303.76,324.11,324.11,69266622
2026-01-30,TSLA,324.10,331.26,321.61,328.42,328.42,69678380
2026-02-02,TSLA,325.80,327.03,313.99,314.82,314.82,169124069
2026-02-03,TSLA,315.97,335.91,313.51,330.94,330.94,75975993
2026-02-04,TSLA,332.70,336.76,327.29,331.86,331.86,60276495
2026-02-05,TSLA,332.82,336.32,326.20,328.65,328.65,54814264
2026-02-06,TSLA,328.67,330.38,318.12,324.02,324.02,74923527
2026-02-09,TSLA,323.48,326.80,313.72,320.61,320.61,90823613
2026-02-10,TSLA,319.98,330.59,318.31,325.87,325.87,69692524
2026-02-11,TSLA,326.16,329.65,318.15,320.96,320.96,38969559
2026-02-12,TSLA,323.19,325.11,311.38,315.38,315.38,92705295
2026-02-13,TSLA,314.43,318.47,308.27,310.36,310.36,47306066
2026-02-16,TSLA,308.91,312.47,304.39,311.25,311.25,82314145
2026-02-17,TSLA,309.56,312.48,304.83,307.62,307.62,101848443
2026-02-18,TSLA,307.76,308.84,299.06,300.21,300.21,89834348
2026-02-19,TSLA,299.26,301.30,284.69,285.81,285.81,45445751
2026-02-20,TSLA,284.10,286.00,280.69,285.40,285.40,81144615
2026-02-23,TSLA,286.14,293.35,282.37,290.92,290.92,49764176
2026-02-24,TSLA,291.07,297.31,289.65,296.70,296.70,39959471
2026-02-25,TSLA,296.43,301.25,295.76,298.07,298.07,51550266
2026-02-26,TSLA,296.78,297.50,290.53,293.30,293.30,33292189
2026-02-27,TSLA,293.22,294.34,277.83,282.63,282.63,47084649
2026-03-02,TSLA,282.62,283.96,263.42,266.54,266.54,67742371
2026-03-03,TSLA,266.39,281.18,264.62,278.06,278.06,57810297
2026-03-04,TSLA,275.85,277.14,267.30,270.94,270.94,38410282
2026-03-05,TSLA,270.91,279.33,267.85,276.31,276.31,160728095
2026-03-06,TSLA,275.34,277.10,272.15,273.28,273.28,60750580
2026-03-09,TSLA,273.53,282.62,272.46,279.05,279.05,63380547
2026-03-10,TSLA,278.41,281.48,274.87,279.01,279.01,87049769
2026-03-11,TSLA,279.92,290.26,279.16,287.39,287.39,55040404
2026-03-12,TSLA,289.30,313.77,287.37,312.98,312.98,94817804
2026-03-13,TSLA,310.20,328.67,308.81,324.90,324.90,136341850
2026-03-16,TSLA,325.54,332.98,323.76,331.14,331.14,60920601
2026-03-17,TSLA,328.30,333.22,327.40,329.98,329.98,54911862
2026-03-18,TSLA,331.26,333.92,328.43,331.85,331.85,78266319
2026-03-19,TSLA,330.58,333.33,315.53,320.61,320.61,153618360
2026-03-20,TSLA,320.24,323.90,317.83,319.79,319.79,105309644
2026-03-23,TSLA,320.30,328.67,318.97,326.01,326.01,73693432
2026-03-24,TSLA,324.40,335.30,323.67,331.30,331.30,79013202
2026-03-25,TSLA,331.15,332.24,316.84,318.48,318.48,53055577
2026-03-26,TSLA,317.96,337.35,314.18,334.51,334.51,48929694
2026-03-27,TSLA,333.79,345.84,331.82,344.32,344.32,43809369
2026-03-30,TSLA,342.82,343.96,324.86,329.66,329.66,77308751
2026-03-31,TSLA,329.36,330.81,321.46,322.89,322.89,65078333
2026-04-01,TSLA,323.49,327.41,318.77,325.93,325.93,70367602
2026-04-02,TSLA,324.24,327.45,314.08,318.65,318.65,81402808
2026-04-03,TSLA,319.65,337.54,318.50,333.03,333.03,107589744
2026-04-06,TSLA,333.87,335.45,331.64,333.52,333.52,52349801
2026-04-07,TSLA,333.16,352.76,331.37,344.54,344.54,125179451
2026-04-08,TSLA,346.58,347.88,327.30,330.17,330.17,71979104
2026-04-09,TSLA,327.91,332.52,326.83,331.32,331.32,66169486
2026-04-10,TSLA,332.09,339.10,328.44,336.73,336.73,57691437
2026-04-13,TSLA,335.35,341.92,333.16,339.32,339.32,83772375
2026-04-14,TSLA,336.87,354.43,335.13,351.89,351.89,55868202
2026-04-15,TSLA,351.38,357.10,344.36,345.81,345.81,32117197
2026-04-16,TSLA,345.06,349.64,338.53,339.60,339.60,51556348
2026-04-17,TSLA,337.70,342.91,336.65,341.36,341.36,31283734
2026-04-20,TSLA,340.13,351.79,337.31,348.86,348.86,77057370
2026-04-21,TSLA,347.70,353.71,328.68,331.22,331.22,62470503
2026-04-22,TSLA,331.50,337.00,320.22,322.78,322.78,133686017
2026-04-23,TSLA,321.31,333.87,316.71,330.80,330.80,54572757
2026-04-24,TSLA,332.52,334.53,305.40,309.05,309.05,95976114
2026-04-27,TSLA,309.59,314.50,307.49,309.09,309.09,52505821
2026-04-28,TSLA,309.11,310.12,296.76,299.30,299.30,77064319
2026-04-29,TSLA,300.10,306.07,284.40,288.85,288.85,82796487
2026-04-30,TSLA,287.37,287.97,279.03,281.50,281.50,96334766
2026-05-01,TSLA,281.32,293.59,279.95,288.50,288.50,44533111
2026-05-04,TSLA,289.06,289.79,278.02,279.90,279.90,138380575
2026-05-05,TSLA,278.87,280.73,274.38,278.22,278.22,67804327
2026-05-06,TSLA,277.12,278.24,264.18,266.59,266.59,91575425
2026-05-07,TSLA,265.71,268.24,253.81,254.76,254.76,53012924
2026-05-08,TSLA,254.49,260.00,252.35,257.04,257.04,67179508
2026-05-11,TSLA,258.03,260.46,249.51,250.25,250.25,73244753
2026-05-12,TSLA,249.46,253.47,247.36,251.67,251.67,151933028
2026-05-13,TSLA,252.42,257.07,251.37,255.42,255.42,53462325
2026-05-14,TSLA,254.40,255.93,238.33,244.00,244.00,100642724
2026-05-15,TSLA,245.01,256.57,241.42,254.58,254.58,101000878
2026-05-18,TSLA,254.61,263.69,252.24,262.13,262.13,53484245
2026-05-19,TSLA,262.28,276.38,261.56,274.09,274.09,91404407
2026-05-20,TSLA,273.79,286.63,270.28,283.24,283.24,115485481
2026-05-21,TSLA,285.35,286.91,269.52,270.65,270.65,95821288
2026-05-22,TSLA,270.97,284.47,268.29,279.27,279.27,56324815
2026-05-25,TSLA,277.72,279.97,268.98,269.82,269.82,100024621
2026-05-26,TSLA,268.55,274.64,266.71,269.78,269.78,80822662
2026-05-27,TSLA,268.81,269.65,262.53,264.14,264.14,53778538
2026-05-28,TSLA,263.42,276.76,262.87,273.60,273.60,49494588
2026-05-29,TSLA,274.88,289.01,272.92,285.92,285.92,58306663
2026-06-01,TSLA,287.58,303.79,286.42,300.38,300.38,29851999
2026-06-02,TSLA,298.80,299.44,296.31,297.48,297.48,133728875
2026-06-03,TSLA,297.83,305.69,296.51,300.94,300.94,80757292
2026-06-04,TSLA,300.18,302.68,288.34,290.21,290.21,53245143
2026-06-05,TSLA,289.12,290.37,284.48,286.83,286.83,73805534
2026-06-08,TSLA,285.10,290.39,283.82,288.04,288.04,30135689
2026-06-09,TSLA,289.02,292.91,270.70,274.14,274.14,90317716
2026-06-10,TSLA,273.61,277.20,270.97,276.16,276.16,56254481
2026-06-11,TSLA,276.79,285.45,275.66,280.57,280.57,78533972
2026-06-12,TSLA,279.80,291.29,278.44,290.07,290.07,88611606
2026-06-15,TSLA,288.88,290.96,284.03,285.48,285.48,79974753
2026-06-16,TSLA,285.31,287.28,283.07,285.22,285.22,29288194
2026-06-17,TSLA,286.93,290.25,283.43,288.63,288.63,97624406
2026-06-18,TSLA,287.67,293.85,282.77,292.55,292.55,44164347
2026-06-19,TSLA,292.77,296.00,285.66,286.50,286.50,56407325
2026-06-22,TSLA,286.43,288.63,281.68,286.68,286.68,104338367
2026-06-23,TSLA,286.85,302.20,285.68,300.90,300.90,68778110
2026-06-24,TSLA,300.56,302.32,294.06,295.60,295.60,74469475
2026-06-25,TSLA,292.41,293.89,285.20,286.90,286.90,33246347
2026-06-26,TSLA,288.30,294.29,282.11,283.69,283.69,69914223
2026-06-29,TSLA,283.11,288.37,276.51,278.33,278.33,68125346
2026-06-30,TSLA,276.91,278.61,275.75,277.75,277.75,70653472
2026-07-01,TSLA,277.21,279.55,272.34,273.25,273.25,101023687
2026-07-02,TSLA,273.33,280.99,271.23,276.91,276.91,83256174
2026-07-03,TSLA,276.24,277.91,269.74,272.08,272.08,33669204
2026-07-06,TSLA,274.04,275.08,266.56,272.63,272.63,72321835
2026-07-07,TSLA,272.32,276.87,269.09,269.99,269.99,80135964
2026-07-08,TSLA,268.15,274.80,264.47,273.57,273.57,65738792
2026-07-09,TSLA,274.16,291.96,272.42,286.93,286.93,59952532
2026-07-10,TSLA,286.53,290.53,284.67,289.45,289.45,95780448
2026-07-13,TSLA,290.12,303.74,287.51,303.01,303.01,86394064
2026-07-14,TSLA,301.61,308.41,300.53,307.13,307.13,73061420
2026-07-15,TSLA,304.38,319.29,301.31,316.12,316.12,58275574
2026-07-16,TSLA,314.13,317.21,313.05,315.87,315.87,68938723
2026-07-17,TSLA,317.07,321.03,312.24,313.25,313.25,104204903
2026-07-20,TSLA,313.08,313.89,296.15,297.39,297.39,74922651
2026-07-21,TSLA,298.10,299.31,293.28,296.60,296.60,50222030
2026-07-22,TSLA,297.13,300.77,289.75,298.88,298.88,32756355
2026-07-23,TSLA,298.71,299.70,293.83,296.39,296.39,39975392
2026-07-24,TSLA,294.44,297.20,284.60,285.84,285.84,52210891
2026-07-27,TSLA,284.25,285.10,278.11,279.13,279.13,89925997
2026-07-28,TSLA,277.44,286.10,274.95,281.87,281.87,67537508
2026-07-29,TSLA,281.01,287.93,279.37,287.22,287.22,55231582
2026-07-30,TSLA,289.24,291.83,283.88,285.16,285.16,93601632
2026-07-31,TSLA,284.81,293.83,279.20,289.44,289.44,55328313
2026-08-03,TSLA,290.08,295.44,274.14,277.67,277.67,48047484
2026-08-04,TSLA,277.61,278.66,271.70,275.95,275.95,42170734
2026-08-05,TSLA,276.18,277.19,273.61,274.33,274.33,60137492
2026-08-06,TSLA,272.88,275.92,271.47,274.64,274.64,77074091
2026-08-07,TSLA,273.95,275.07,266.18,269.42,269.42,76692946
2026-08-10,TSLA,269.95,272.28,265.37,267.55,267.55,87245151
2026-08-11,TSLA,267.56,274.72,263.66,272.71,272.71,98354653
2026-08-12,TSLA,272.80,273.35,265.45,266.37,266.37,71997228
2026-08-13,TSLA,265.83,269.26,257.44,259.75,259.75,71905183
2026-08-14,TSLA,258.76,262.43,245.95,247.36,247.36,44041481
2026-08-17,TSLA,247.88,252.81,241.49,244.59,244.59,114282128
2026-08-18,TSLA,244.03,245.53,238.33,240.28,240.28,123740988
2026-08-19,TSLA,239.59,245.84,237.37,243.57,243.57,72872184
2026-08-20,TSLA,242.95,246.21,240.56,243.34,243.34,53429437
2026-08-21,TSLA,242.08,244.62,239.20,243.52,243.52,60305887
2026-08-24,TSLA,244.26,245.94,239.06,242.58,242.58,92535757
2026-08-25,TSLA,243.49,251.40,239.52,249.04,249.04,84171436
2026-08-26,TSLA,246.55,248.31,244.27,245.81,245.81,82325370
2026-08-27,TSLA,246.04,247.72,243.92,245.18,245.18,66575285
2026-08-28,TSLA,245.61,250.86,241.05,248.31,248.31,81570758
2026-08-31,TSLA,248.82,255.97,248.06,255.14,255.14,67925578
2026-09-01,TSLA,255.24,274.13,251.68,268.84,268.84,75214632
2026-09-02,TSLA,267.41,271.21,263.35,268.74,268.74,93433214
2026-09-03,TSLA,269.01,272.35,261.88,262.65,262.65,67077094
2026-09-04,TSLA,262.77,265.26,255.88,260.72,260.72,75747143
2026-09-07,TSLA,260.00,263.76,255.73,257.63,257.63,64776550
2026-09-08,TSLA,257.03,265.23,251.78,261.55,261.55,89230260
2026-09-09,TSLA,261.72,262.46,256.54,258.24,258.24,157209125
2026-09-10,TSLA,259.22,260.73,253.85,254.62,254.62,93666899
2026-09-11,TSLA,254.40,255.05,238.06,240.17,240.17,66511407
2026-09-14,TSLA,239.72,243.47,235.76,242.65,242.65,80419383
2026-09-15,TSLA,242.74,245.02,236.60,240.36,240.36,66173651
2025-10-01,META,519.72,526.39,504.39,511.91,511.91,19962953
2025-10-02,META,508.47,518.40,505.97,512.05,512.05,11337379
2025-10-03,META,513.47,519.06,508.91,515.35,515.35,12223678
2025-10-06,META,510.04,521.95,505.87,519.51,519.51,13975928
2025-10-07,META,518.65,524.68,510.60,512.04,512.04,23608749
2025-10-08,META,511.11,517.38,505.48,513.92,513.92,29185869
2025-10-09,META,511.69,513.30,505.89,511.28,511.28,15781732
2025-10-10,META,511.40,521.50,495.07,506.54,506.54,22757200
2025-10-13,META,506.67,511.43,481.25,490.20,490.20,20042917
2025-10-14,META,488.58,491.09,484.76,487.43,487.43,21373127
2025-10-15,META,489.78,500.94,487.43,497.62,497.62,13003549
2025-10-16,META,499.90,517.65,498.38,510.86,510.86,10565344
2025-10-17,META,508.94,511.85,506.67,509.12,509.12,17944350
2025-10-20,META,509.55,517.40,508.05,515.14,515.14,28281626
2025-10-21,META,515.22,522.21,503.46,510.64,510.64,18624916
2025-10-22,META,512.26,519.11,509.42,511.85,511.85,20173092
2025-10-23,META,507.74,528.92,503.15,525.55,525.55,30794513
2025-10-24,META,528.75,531.75,522.13,523.20,523.20,17431787
2025-10-27,META,522.45,524.80,520.81,523.00,523.00,20549551
2025-10-28,META,522.94,533.69,521.25,529.15,529.15,10191045
2025-10-29,META,526.13,528.82,518.34,522.58,522.58,16842278
2025-10-30,META,522.13,537.91,517.44,531.46,531.46,15129246
2025-10-31,META,530.26,535.44,508.28,517.20,517.20,14717663
2025-11-03,META,518.01,520.54,492.63,498.97,498.97,12033845
2025-11-04,META,496.96,500.21,494.41,495.45,495.45,9128487
2025-11-05,META,497.47,501.02,487.72,494.76,494.76,7543736
2025-11-06,META,495.83,525.37,494.46,519.05,519.05,25778720
2025-11-07,META,518.53,529.32,516.50,526.59,526.59,20134971
2025-11-10,META,525.48,547.31,516.79,536.30,536.30,11489751
2025-11-11,META,538.66,547.81,528.41,536.42,536.42,28499413
2025-11-12,META,537.04,553.35,533.53,543.68,543.68,17575058
2025-11-13,META,541.15,546.20,535.80,541.95,541.95,17672562
2025-11-14,META,540.67,544.10,529.91,531.75,531.75,19993448
2025-11-17,META,531.31,538.08,518.50,523.12,523.12,17263538
2025-11-18,META,523.80,544.28,520.18,538.50,538.50,17365649
2025-11-19,META,539.22,552.33,537.59,549.55,549.55,17093217
2025-11-20,META,547.50,560.71,546.27,559.40,559.40,18948095
2025-11-21,META,560.76,570.00,558.94,567.80,567.80,20180139
2025-11-24,META,566.03,594.88,560.23,581.36,581.36,13232069
2025-11-25,META,579.32,586.01,569.82,576.60,576.60,13763542
2025-11-26,META,576.49,580.74,554.90,558.42,558.42,12269280
2025-11-27,META,555.95,562.62,551.01,557.66,557.66,15795573
2025-11-28,META,559.50,564.58,552.87,554.44,554.44,23540470
2025-12-01,META,551.22,562.97,534.28,542.49,542.49,15816882
2025-12-02,META,549.24,556.39,516.28,518.21,518.21,23255907
2025-12-03,META,516.31,540.74,505.56,530.30,530.30,8409615
2025-12-04,META,531.56,533.03,507.43,511.49,511.49,16820998
2025-12-05,META,512.71,533.40,508.49,529.73,529.73,12854961
2025-12-08,META,527.35,529.65,497.87,504.27,504.27,24032542
2025-12-09,META,506.40,520.56,502.82,518.61,518.61,13321303
2025-12-10,META,519.65,528.25,518.42,523.63,523.63,17804259
2025-12-11,META,522.79,527.58,513.57,515.50,515.50,24060440
2025-12-12,META,517.64,541.57,512.68,529.17,529.17,31973018
2025-12-15,META,530.14,531.66,515.73,519.42,519.42,23574176
2025-12-16,META,518.90,527.08,507.64,511.03,511.03,22159756
2025-12-17,META,511.00,531.71,506.67,526.13,526.13,12776159
2025-12-18,META,527.32,543.76,516.96,535.51,535.51,13472899
2025-12-19,META,535.28,544.64,532.94,536.35,536.35,16610383
2025-12-22,META,540.62,541.98,531.64,533.92,533.92,13313511
2025-12-23,META,532.48,536.52,520.68,525.08,525.08,34960367
2025-12-24,META,524.50,533.26,523.19,531.68,531.68,13982830
2025-12-25,META,528.67,539.18,527.05,537.01,537.01,35765865
2025-12-26,META,537.62,539.44,530.06,537.80,537.80,19853267
2025-12-29,META,539.74,559.87,535.35,551.74,551.74,20108348
2025-12-30,META,552.81,570.14,548.04,562.59,562.59,15265981
2025-12-31,META,563.73,567.99,550.75,561.13,561.13,21866416
2026-01-01,META,567.77,583.04,565.67,577.67,577.67,22885414
2026-01-02,META,579.59,588.22,557.81,565.54,565.54,30450475
2026-01-05,META,566.16,567.87,559.13,563.89,563.89,12506473
2026-01-06,META,562.25,563.39,548.39,550.53,550.53,13815013
2026-01-07,META,549.12,552.68,530.80,533.49,533.49,13541754
2026-01-08,META,534.93,547.76,533.26,544.16,544.16,12725597
2026-01-09,META,544.14,561.04,540.30,557.52,557.52,10755654
2026-01-12,META,559.68,565.54,557.94,562.52,562.52,19396924
2026-01-13,META,563.12,566.14,538.98,547.52,547.52,26347280
2026-01-14,META,544.99,573.48,540.94,567.59,567.59,34054425
2026-01-15,META,568.12,574.96,551.79,559.55,559.55,16087862
2026-01-16,META,562.06,565.79,557.12,562.71,562.71,20881924
2026-01-19,META,564.81,577.67,563.63,564.86,564.86,15472181
2026-01-20,META,562.21,572.24,555.53,569.08,569.08,15270070
2026-01-21,META,568.56,570.90,563.30,567.51,567.51,11954132
2026-01-22,META,571.53,579.75,569.26,571.58,571.58,11533158
2026-01-23,META,577.28,581.42,572.94,580.00,580.00,14298731
2026-01-26,META,573.29,593.38,566.48,590.93,590.93,12504696
2026-01-27,META,589.56,607.73,584.97,600.83,600.83,14041800
2026-01-28,META,602.23,609.41,591.80,594.06,594.06,19878331
2026-01-29,META,597.06,608.03,591.33,604.20,604.20,16496925
2026-01-30,META,603.15,606.66,586.34,598.84,598.84,16975980
2026-02-02,META,600.98,605.80,599.19,601.52,601.52,16490590
2026-02-03,META,598.83,602.30,572.48,579.18,579.18,13134932
2026-02-04,META,579.12,582.22,576.74,578.98,578.98,19539137
2026-02-05,META,582.84,592.72,578.55,587.98,587.98,21340338
2026-02-06,META,588.05,590.73,582.71,585.33,585.33,18357791
2026-02-09,META,579.75,598.73,574.20,587.50,587.50,14156270
2026-02-10,META,585.87,587.64,572.20,576.12,576.12,13158338
2026-02-11,META,578.27,579.67,565.51,570.16,570.16,9110409
2026-02-12,META,569.72,571.17,558.59,565.39,565.39,17312120
2026-02-13,META,561.24,583.91,556.97,581.93,581.93,34419304
2026-02-16,META,583.13,593.87,580.10,592.64,592.64,15107564
2026-02-17,META,590.16,598.80,575.20,580.14,580.14,20130888
2026-02-18,META,583.58,601.00,580.70,595.55,595.55,32801715
2026-02-19,META,590.79,613.22,585.20,601.15,601.15,12946006
2026-02-20,META,604.63,606.21,598.65,601.48,601.48,28682211
2026-02-23,META,601.87,615.18,594.30,607.86,607.86,12117914
2026-02-24,META,604.87,606.81,594.53,597.99,597.99,28818674
2026-02-25,META,597.15,608.98,578.78,605.93,605.93,10765933
2026-02-26,META,602.74,606.60,595.78,598.99,598.99,13369196
2026-02-27,META,599.38,617.47,591.09,607.28,607.28,11070300
2026-03-02,META,606.42,625.65,605.08,623.02,623.02,8185055
2026-03-03,META,627.83,629.32,621.10,624.94,624.94,19299479
2026-03-04,META,625.83,630.54,597.55,604.79,604.79,17473344
2026-03-05,META,606.57,617.89,585.10,589.47,589.47,14563171
2026-03-06,META,590.21,595.92,588.68,594.24,594.24,16507457
2026-03-09,META,597.84,599.17,567.27,577.89,577.89,15518151
2026-03-10,META,579.79,589.47,572.54,585.43,585.43,24647884
2026-03-11,META,586.75,607.52,579.84,604.17,604.17,12426997
2026-03-12,META,602.81,620.32,597.12,614.96,614.96,19633526
2026-03-13,META,619.16,635.70,610.18,631.86,631.86,23119981
2026-03-16,META,633.05,634.63,629.74,631.65,631.65,23921573
2026-03-17,META,629.72,641.96,625.56,636.80,636.80,13291917
2026-03-18,META,632.15,635.55,622.49,627.45,627.45,8895417
2026-03-19,META,623.43,628.92,613.21,617.28,617.28,20141719
2026-03-20,META,617.69,642.92,612.18,632.79,632.79,14455317
2026-03-23,META,633.84,635.29,624.51,629.10,629.10,12265738
2026-03-24,META,628.67,632.37,616.10,624.45,624.45,11615971
2026-03-25,META,626.64,635.67,619.58,631.15,631.15,16892679
2026-03-26,META,631.47,641.11,630.16,638.73,638.73,13915277
2026-03-27,META,641.45,660.07,632.82,654.57,654.57,15750229
2026-03-30,META,653.70,664.67,625.81,631.61,631.61,24683153
2026-03-31,META,631.06,640.09,622.23,633.81,633.81,9376001
2026-04-01,META,635.69,641.41,614.10,627.51,627.51,14805524
2026-04-02,META,620.64,640.57,610.31,634.53,634.53,15748058
2026-04-03,META,636.99,639.51,627.68,629.36,629.36,19683805
2026-04-06,META,627.37,637.20,618.01,633.37,633.37,11221134
2026-04-07,META,628.62,635.55,626.05,632.74,632.74,21421738
2026-04-08,META,633.76,637.04,625.84,633.53,633.53,24554604
2026-04-09,META,639.75,642.46,625.43,629.56,629.56,11764826
2026-04-10,META,628.42,634.22,606.86,612.60,612.60,20204929
2026-04-13,META,610.50,613.91,593.12,596.58,596.58,28660845
2026-04-14,META,596.02,607.84,593.00,605.17,605.17,37522629
2026-04-15,META,605.28,622.38,598.58,621.09,621.09,15310785
2026-04-16,META,626.52,633.57,609.92,611.70,611.70,24181921
2026-04-17,META,611.35,616.78,597.13,605.20,605.20,20477861
2026-04-20,META,605.86,619.06,600.70,613.96,613.96,22025651
2026-04-21,META,611.59,624.97,600.69,606.14,606.14,17799608
2026-04-22,META,602.13,612.99,591.76,610.20,610.20,16885628
2026-04-23,META,610.21,612.66,594.84,600.15,600.15,30521991
2026-04-24,META,599.89,609.96,585.47,590.86,590.86,20273414
2026-04-27,META,590.41,591.89,580.97,585.05,585.05,15181306
2026-04-28,META,581.98,594.66,575.59,588.53,588.53,20316805
2026-04-29,META,588.27,593.45,578.77,588.64,588.64,32471082
2026-04-30,META,590.65,597.03,580.85,588.74,588.74,16520135
2026-05-01,META,587.09,600.87,583.23,594.71,594.71,8264798
2026-05-04,META,593.63,596.89,575.96,578.11,578.11,16092704
2026-05-05,META,575.96,610.86,566.57,605.12,605.12,44796104
2026-05-06,META,603.09,605.83,591.75,593.84,593.84,8396347
2026-05-07,META,594.18,597.17,584.02,592.88,592.88,13822292
2026-05-08,META,591.51,602.57,576.80,582.99,582.99,12765973
2026-05-11,META,585.65,596.63,575.09,593.16,593.16,9745903
2026-05-12,META,591.65,596.99,572.33,577.08,577.08,17149789
2026-05-13,META,579.64,586.86,578.11,579.95,579.95,11525416
2026-05-14,META,581.78,588.91,580.47,585.21,585.21,20711377
2026-05-15,META,580.09,584.64,578.25,582.55,582.55,35946341
2026-05-18,META,580.32,591.89,575.79,589.80,589.80,13798775
2026-05-19,META,586.50,611.65,584.73,610.21,610.21,19680489
2026-05-20,META,611.84,622.70,597.54,602.28,602.28,28071063
2026-05-21,META,601.22,603.19,594.82,596.62,596.62,24996494
2026-05-22,META,598.67,618.50,594.72,616.82,616.82,25741248
2026-05-25,META,614.48,616.08,595.27,599.65,599.65,18200847
2026-05-26,META,598.84,608.18,597.36,605.94,605.94,13328708
2026-05-27,META,605.80,608.73,592.34,602.26,602.26,24529873
2026-05-28,META,600.52,614.60,595.16,612.24,612.24,11148035
2026-05-29,META,606.49,610.97,594.26,595.89,595.89,35759544
2026-06-01,META,598.76,605.86,596.28,602.92,602.92,27189598
2026-06-02,META,594.35,596.99,580.92,584.96,584.96,21259482
2026-06-03,META,586.07,596.18,581.98,585.87,585.87,24575839
2026-06-04,META,586.82,597.97,580.00,590.20,590.20,16670855
2026-06-05,META,593.05,597.94,582.00,588.87,588.87,17126207
2026-06-08,META,589.23,597.77,578.16,585.38,585.38,19949271
2026-06-09,META,582.92,605.24,581.61,598.68,598.68,11473035
2026-06-10,META,601.63,616.04,600.37,610.57,610.57,21290845
2026-06-11,META,610.10,625.78,607.83,623.98,623.98,42849794
2026-06-12,META,625.95,628.31,616.85,618.68,618.68,16210895
2026-06-15,META,619.77,638.62,618.05,627.13,627.13,25214050
2026-06-16,META,622.08,648.13,615.99,644.12,644.12,12127674
2026-06-17,META,641.03,657.30,628.87,647.17,647.17,23248808
2026-06-18,META,644.50,656.27,637.86,643.95,643.95,18479813
2026-06-19,META,644.92,650.62,642.49,646.57,646.57,19583086
2026-06-22,META,646.44,650.60,643.69,645.94,645.94,9573247
2026-06-23,META,644.18,675.21,642.48,665.64,665.64,23435550
2026-06-24,META,664.29,673.46,662.67,667.26,667.26,41024952
2026-06-25,META,668.94,671.66,659.15,660.70,660.70,9865769
2026-06-26,META,665.99,673.76,653.54,659.56,659.56,21348120
2026-06-29,META,658.37,673.67,647.04,649.63,649.63,20431958
2026-06-30,META,648.75,656.88,638.78,655.39,655.39,14487273
2026-07-01,META,652.55,654.16,643.33,648.45,648.45,20285559
2026-07-02,META,649.35,659.67,633.84,635.85,635.85,31548188
2026-07-03,META,634.84,638.35,613.08,616.69,616.69,39110684
2026-07-06,META,615.45,622.21,603.03,610.04,610.04,16699969
2026-07-07,META,609.41,619.01,606.98,614.55,614.55,12694650
2026-07-08,META,614.07,624.10,608.43,616.91,616.91,22541789
2026-07-09,META,615.92,623.14,606.50,618.97,618.97,19890045
2026-07-10,META,620.65,626.53,613.17,623.07,623.07,21980015
2026-07-13,META,619.75,636.81,617.67,626.41,626.41,23980360
2026-07-14,META,630.52,639.98,625.50,627.88,627.88,12377926
2026-07-15,META,621.80,628.40,614.63,624.97,624.97,24673004
2026-07-16,META,626.46,633.72,614.15,623.05,623.05,10985078
2026-07-17,META,622.25,638.06,613.52,618.01,618.01,17487218
2026-07-20,META,622.88,629.17,615.96,625.39,625.39,22775851
2026-07-21,META,626.96,635.55,625.43,630.08,630.08,25234202
2026-07-22,META,630.44,634.50,624.61,630.11,630.11,17973502
2026-07-23,META,629.80,643.09,611.60,621.64,621.64,15756310
2026-07-24,META,624.39,652.01,622.12,639.38,639.38,10344517
2026-07-27,META,638.70,648.74,600.16,610.58,610.58,23164457
2026-07-28,META,611.04,630.33,608.47,624.18,624.18,11332576
2026-07-29,META,625.33,632.47,617.88,620.07,620.07,25640293
2026-07-30,META,620.61,623.65,613.53,618.41,618.41,17236251
2026-07-31,META,619.41,632.86,609.95,626.17,626.17,17571685
2026-08-03,META,626.73,634.85,597.94,601.00,601.00,8323504
2026-08-04,META,604.96,621.12,602.01,612.88,612.88,16338473
2026-08-05,META,613.41,624.21,611.80,622.82,622.82,15155844
2026-08-06,META,622.19,635.36,606.68,632.55,632.55,17437766
2026-08-07,META,635.86,640.30,631.78,634.31,634.31,20091577
2026-08-10,META,632.05,639.44,609.10,624.61,624.61,15028207
2026-08-11,META,625.99,627.39,607.58,614.69,614.69,33357272
2026-08-12,META,614.54,622.06,605.42,618.06,618.06,22637111
2026-08-13,META,617.77,625.33,613.79,623.31,623.31,11266167
2026-08-14,META,624.96,626.58,620.05,621.92,621.92,25554559
2026-08-17,META,620.98,637.25,619.06,632.39,632.39,17123962
2026-08-18,META,630.52,635.45,615.12,627.03,627.03,18332061
2026-08-19,META,625.33,630.00,620.64,626.20,626.20,21807584
2026-08-20,META,628.56,633.43,607.37,615.21,615.21,16108503
2026-08-21,META,612.75,638.62,606.51,632.48,632.48,23506734
2026-08-24,META,630.35,634.44,620.80,629.69,629.69,16513905
2026-08-25,META,628.17,630.09,610.21,616.11,616.11,16442318
2026-08-26,META,616.52,625.37,604.80,606.69,606.69,18642398
2026-08-27,META,607.97,621.82,600.44,609.39,609.39,22317322
2026-08-28,META,609.43,620.93,605.49,612.37,612.37,20019457
2026-08-31,META,613.14,618.39,600.20,610.97,610.97,23338107
2026-09-01,META,605.73,612.16,600.25,605.28,605.28,9453091
2026-09-02,META,606.46,615.78,583.25,586.98,586.98,17452409
2026-09-03,META,586.98,605.92,582.19,599.84,599.84,16951092
2026-09-04,META,598.34,601.36,589.10,595.58,595.58,23444920
2026-09-07,META,596.54,600.96,579.25,582.94,582.94,13787133
2026-09-08,META,583.90,588.81,574.92,581.99,581.99,21245838
2026-09-09,META,583.83,590.88,580.21,582.47,582.47,27009501
2026-09-10,META,583.57,585.00,561.61,565.25,565.25,16321691
2026-09-11,META,568.55,573.74,542.19,549.30,549.30,17186642
2026-09-14,META,550.10,558.23,546.60,554.32,554.32,13364924
2026-09-15,META,553.62,571.18,540.59,569.28,569.28,21148321
