Date,Symbol,Series,Prev Close,Open,High,Low,Last,Close,VWAP,Volume,Turnover,Trades,Deliverable Volume,%Deliverble
2025-10-01,RELIANCE,EQ,1284.78,1284.78,1295.83,1278.02,1289.66,1289.66,1287.84,13354248,17198134744.32,202464,8008543,0.5997
2025-10-02,RELIANCE,EQ,1289.66,1280.67,1306.82,1263.02,1294.99,1294.99,1288.28,10670366,13746419110.48,118585,4698162,0.4403
2025-10-03,RELIANCE,EQ,1294.99,1293.90,1312.10,1272.78,1307.88,1307.88,1297.59,7242660,9398003189.4,134422,3952320,0.5457
2025-10-06,RELIANCE,EQ,1307.88,1307.45,1342.89,1300.13,1326.23,1326.23,1323.08,7179424,9498952305.92,138643,3479867,0.4847
2025-10-07,RELIANCE,EQ,1326.23,1330.49,1335.73,1317.36,1323.97,1323.97,1325.69,6820991,9042519558.79,124049,3643773,0.5342
2025-10-08,RELIANCE,EQ,1323.97,1325.85,1362.15,1320.59,1351.65,1351.65,1344.80,5238253,7044402634.4,117426,2853276,0.5447
2025-10-09,RELIANCE,EQ,1351.65,1351.15,1354.88,1323.57,1344.35,1344.35,1340.93,8011873,10743360861.89,101957,3717509,0.464
2025-10-10,RELIANCE,EQ,1344.35,1353.23,1363.82,1343.20,1350.31,1350.31,1352.44,8603372,11635544427.68,200890,5156001,0.5993
2025-10-13,RELIANCE,EQ,1350.31,1349.85,1370.14,1346.39,1364.58,1364.58,1360.37,17693520,24069733802.4,64904,9144011,0.5168
2025-10-14,RELIANCE,EQ,1364.58,1356.59,1378.05,1343.23,1346.86,1346.86,1356.05,8974941,12170468743.05,60414,3694983,0.4117
2025-10-15,RELIANCE,EQ,1346.86,1343.91,1357.66,1306.99,1330.09,1330.09,1331.58,12957661,17254162234.38,122377,8020792,0.619
2025-10-16,RELIANCE,EQ,1330.09,1329.86,1344.78,1316.57,1338.96,1338.96,1333.44,10380200,13841373888.0,178272,5511886,0.531
2025-10-17,RELIANCE,EQ,1338.96,1335.14,1356.35,1294.56,1324.03,1324.03,1324.98,9276032,12290556879.36,60825,5444103,0.5869
2025-10-20,RELIANCE,EQ,1324.03,1331.63,1366.63,1327.33,1340.27,1340.27,1344.74,10144725,13642017496.5,175460,5441630,0.5364
2025-10-21,RELIANCE,EQ,1340.27,1334.05,1359.86,1329.89,1353.78,1353.78,1347.84,6706292,9039008609.28,123083,3968784,0.5918
2025-10-22,RELIANCE,EQ,1353.78,1353.47,1359.70,1316.39,1332.40,1332.40,1336.16,9503706,12698471808.96,91364,5394304,0.5676
2025-10-23,RELIANCE,EQ,1332.40,1324.07,1356.60,1312.67,1348.55,1348.55,1339.27,12859588,17222460420.76,130581,6454227,0.5019
2025-10-24,RELIANCE,EQ,1348.55,1346.77,1357.09,1322.95,1351.80,1351.80,1343.95,5425552,7291670610.4,208122,2773000,0.5111
2025-10-27,RELIANCE,EQ,1351.80,1349.81,1363.29,1347.06,1352.82,1352.82,1354.39,4642975,6288398910.25,195828,1857654,0.4001
2025-10-28,RELIANCE,EQ,1352.82,1351.55,1389.27,1337.62,1377.46,1377.46,1368.12,8558203,11708648688.36,219851,4149017,0.4848
2025-10-29,RELIANCE,EQ,1377.46,1378.70,1390.02,1362.03,1384.25,1384.25,1378.77,13812264,19043935235.28,65899,6852264,0.4961
2025-10-30,RELIANCE,EQ,1384.25,1386.17,1392.22,1362.38,1367.45,1367.45,1374.02,6990070,9604495981.4,213506,3552354,0.5082
2025-10-31,RELIANCE,EQ,1367.45,1366.24,1391.85,1355.80,1366.54,1366.54,1371.40,16325785,22389181549.0,168433,10430544,0.6389
2025-11-03,RELIANCE,EQ,1366.54,1371.36,1387.72,1361.10,1363.95,1363.95,1370.92,6546472,8974689394.24,112255,2662450,0.4067
2025-11-04,RELIANCE,EQ,1363.95,1357.73,1383.15,1340.43,1376.26,1376.26,1366.61,7718200,10547769302.0,158906,3256309,0.4219
2025-11-05,RELIANCE,EQ,1376.26,1376.36,1379.72,1330.76,1339.06,1339.06,1349.85,14309224,19315306016.4,204959,7828576,0.5471
2025-11-06,RELIANCE,EQ,1339.06,1341.02,1359.27,1327.74,1354.68,1354.68,1347.23,11731068,15804446741.64,165060,5857322,0.4993
2025-11-07,RELIANCE,EQ,1354.68,1353.63,1387.74,1329.30,1368.58,1368.58,1361.87,5439301,7407620852.87,127841,2672329,0.4913
2025-11-10,RELIANCE,EQ,1368.58,1369.86,1383.46,1360.93,1368.96,1368.96,1371.12,7873643,10795709390.16,105176,4227359,0.5369
2025-11-11,RELIANCE,EQ,1368.96,1371.39,1382.18,1353.69,1370.70,1370.70,1368.86,15347376,21008409111.36,73555,7414317,0.4831
2025-11-12,RELIANCE,EQ,1370.70,1368.34,1385.97,1343.74,1359.90,1359.90,1363.20,9889987,13482030278.4,126438,5536415,0.5598
2025-11-13,RELIANCE,EQ,1359.90,1360.52,1392.66,1347.19,1384.07,1384.07,1374.64,15671487,21542652889.68,107438,6989483,0.446
2025-11-14,RELIANCE,EQ,1384.07,1387.02,1401.27,1369.30,1395.92,1395.92,1388.83,9901581,13751612740.23,170229,5486466,0.5541
2025-11-17,RELIANCE,EQ,1395.92,1395.54,1412.11,1384.88,1405.59,1405.59,1400.86,7329356,10267401646.16,129487,3917541,0.5345
2025-11-18,RELIANCE,EQ,1405.59,1406.12,1437.78,1402.78,1423.74,1423.74,1421.43,6511941,9256268295.63,183433,2990283,0.4592
2025-11-19,RELIANCE,EQ,1423.74,1422.66,1432.06,1419.51,1427.99,1427.99,1426.52,4322101,6165563518.52,98370,1661416,0.3844
2025-11-20,RELIANCE,EQ,1427.99,1426.22,1443.04,1401.37,1408.96,1408.96,1417.79,25952830,36795662845.7,181156,13472114,0.5191
2025-11-21,RELIANCE,EQ,1408.96,1407.76,1425.06,1394.08,1401.78,1401.78,1406.97,11563257,16269155701.29,194332,7163438,0.6195
2025-11-24,RELIANCE,EQ,1401.78,1400.37,1407.45,1356.02,1378.43,1378.43,1380.63,8052179,11117079892.77,73335,4959337,0.6159
2025-11-25,RELIANCE,EQ,1378.43,1376.57,1389.33,1336.66,1351.68,1351.68,1359.22,6207070,8436773685.4,140925,2525036,0.4068
2025-11-26,RELIANCE,EQ,1351.68,1353.24,1377.17,1326.60,1370.85,1370.85,1358.21,7165829,9732700606.09,181911,4590430,0.6406
2025-11-27,RELIANCE,EQ,1370.85,1370.87,1396.12,1349.95,1373.86,1373.86,1373.31,10168037,13963866892.47,103126,6461788,0.6355
2025-11-28,RELIANCE,EQ,1373.86,1368.86,1372.09,1346.42,1359.12,1359.12,1359.21,8787604,11944199232.84,124841,4831425,0.5498
2025-12-01,RELIANCE,EQ,1359.12,1348.87,1395.15,1335.75,1380.35,1380.35,1370.42,9769113,13387787837.46,211357,5122923,0.5244
2025-12-02,RELIANCE,EQ,1380.35,1385.30,1409.75,1373.54,1402.86,1402.86,1395.38,6933566,9674959325.08,217623,3054929,0.4406
2025-12-03,RELIANCE,EQ,1402.86,1402.76,1417.74,1391.15,1402.07,1402.07,1403.65,8068642,11325549343.3,64324,3904416,0.4839
2025-12-04,RELIANCE,EQ,1402.07,1399.25,1410.07,1378.45,1387.78,1387.78,1392.10,11116472,15475240671.2,138418,6685446,0.6014
2025-12-05,RELIANCE,EQ,1387.78,1380.61,1402.21,1374.00,1387.35,1387.35,1387.85,8663399,12023498302.15,75258,4906949,0.5664
2025-12-08,RELIANCE,EQ,1387.35,1395.06,1404.98,1392.04,1396.17,1396.17,1397.73,6254561,8742187546.53,195507,3681435,0.5886
2025-12-09,RELIANCE,EQ,1396.17,1398.02,1431.16,1387.57,1421.09,1421.09,1413.27,11475640,16218177742.8,138554,5458962,0.4757
2025-12-10,RELIANCE,EQ,1421.09,1426.55,1448.53,1380.12,1404.74,1404.74,1411.13,4569717,6448464750.21,219993,2110295,0.4618
2025-12-11,RELIANCE,EQ,1404.74,1400.14,1407.10,1372.41,1391.27,1391.27,1390.26,3277715,4556876055.9,219512,2107243,0.6429
2025-12-12,RELIANCE,EQ,1391.27,1391.23,1398.02,1387.33,1394.96,1394.96,1393.44,14912985,20780349818.4,150947,8297585,0.5564
2025-12-15,RELIANCE,EQ,1394.96,1389.46,1397.55,1370.27,1393.76,1393.76,1387.19,10388323,14410577782.37,98800,5587879,0.5379
2025-12-16,RELIANCE,EQ,1393.76,1397.19,1445.48,1391.79,1434.89,1434.89,1424.05,10964695,15614273914.75,149331,4632584,0.4225
2025-12-17,RELIANCE,EQ,1434.89,1431.45,1445.62,1405.18,1437.46,1437.46,1429.42,7385642,10557184387.64,174529,3384840,0.4583
2025-12-18,RELIANCE,EQ,1437.46,1432.32,1438.06,1395.28,1421.51,1421.51,1418.28,9956441,14121021141.48,99035,5050903,0.5073
2025-12-19,RELIANCE,EQ,1421.51,1417.16,1441.00,1401.77,1431.51,1431.51,1424.76,8055851,11477654270.76,115778,4862512,0.6036
2025-12-22,RELIANCE,EQ,1431.51,1437.05,1450.21,1423.23,1447.09,1447.09,1440.18,13731826,19776301168.68,176788,8765025,0.6383
2025-12-23,RELIANCE,EQ,1447.09,1448.46,1474.01,1443.96,1458.58,1458.58,1458.85,23209629,33859367266.65,143990,14789176,0.6372
2025-12-24,RELIANCE,EQ,1458.58,1456.16,1466.88,1449.54,1457.86,1457.86,1458.09,9732465,14190809891.85,108925,6255055,0.6427
2025-12-25,RELIANCE,EQ,1457.86,1456.13,1470.74,1430.83,1437.99,1437.99,1446.52,8178837,11830851297.24,134521,4084511,0.4994
2025-12-26,RELIANCE,EQ,1437.99,1444.93,1473.81,1437.59,1469.87,1469.87,1460.42,7948941,11608792415.22,132244,3451430,0.4342
2025-12-29,RELIANCE,EQ,1469.87,1468.61,1499.16,1443.98,1493.12,1493.12,1478.75,8007865,11841630368.75,97671,4090417,0.5108
2025-12-30,RELIANCE,EQ,1493.12,1491.83,1513.05,1483.28,1503.66,1503.66,1500.00,5693757,8540635500.0,162899,2731865,0.4798
2025-12-31,RELIANCE,EQ,1503.66,1514.15,1523.33,1486.25,1508.18,1508.18,1505.92,14029798,21127753404.16,69490,8542744,0.6089
2026-01-01,RELIANCE,EQ,1508.18,1506.03,1518.13,1501.76,1508.17,1508.17,1509.35,5814963,8776814404.05,124004,3406405,0.5858
2026-01-02,RELIANCE,EQ,1508.17,1513.09,1525.24,1500.86,1512.77,1512.77,1512.96,9879783,14947716487.68,93259,5824132,0.5895
2026-01-05,RELIANCE,EQ,1512.77,1515.81,1592.28,1509.60,1548.59,1548.59,1550.16,7243454,11228512652.64,63484,2756859,0.3806
2026-01-06,RELIANCE,EQ,1548.59,1543.60,1568.45,1530.24,1559.24,1559.24,1552.64,5474594,8500073628.16,197821,2594410,0.4739
2026-01-07,RELIANCE,EQ,1559.24,1564.12,1587.35,1552.36,1575.74,1575.74,1571.82,12576266,19767626424.12,95621,4902228,0.3898
2026-01-08,RELIANCE,EQ,1575.74,1574.05,1590.29,1535.75,1567.87,1567.87,1564.64,8489658,13283258493.12,113822,4430753,0.5219
2026-01-09,RELIANCE,EQ,1567.87,1581.20,1588.38,1566.73,1571.24,1571.24,1575.45,8802223,13867462225.35,88835,3987407,0.453
2026-01-12,RELIANCE,EQ,1571.24,1566.76,1582.60,1551.08,1570.84,1570.84,1568.17,6591975,10337337435.75,140022,3305875,0.5015
2026-01-13,RELIANCE,EQ,1570.84,1574.36,1596.21,1554.00,1564.78,1564.78,1571.66,7147815,11233934922.9,219542,3282991,0.4593
2026-01-14,RELIANCE,EQ,1564.78,1574.02,1578.24,1533.47,1548.28,1548.28,1553.33,5620480,8730460198.4,104348,2251564,0.4006
2026-01-15,RELIANCE,EQ,1548.28,1545.02,1565.09,1536.86,1549.79,1549.79,1550.58,17263394,26768273468.52,192134,9748639,0.5647
2026-01-16,RELIANCE,EQ,1549.79,1550.20,1564.56,1511.29,1515.61,1515.61,1530.49,11729234,17951475344.66,134753,5596018,0.4771
2026-01-19,RELIANCE,EQ,1515.61,1511.94,1524.85,1494.00,1497.09,1497.09,1505.31,6396787,9629147438.97,167863,3796493,0.5935
2026-01-20,RELIANCE,EQ,1497.09,1494.68,1509.36,1477.17,1501.56,1501.56,1496.03,10123348,15144832308.44,197964,5821937,0.5751
2026-01-21,RELIANCE,EQ,1501.56,1498.69,1530.59,1488.19,1518.91,1518.91,1512.56,5886062,8903021938.72,134058,3079588,0.5232
2026-01-22,RELIANCE,EQ,1518.91,1515.59,1519.94,1493.66,1504.93,1504.93,1506.18,7888937,11882159130.66,182217,3991013,0.5059
2026-01-23,RELIANCE,EQ,1504.93,1501.99,1515.38,1468.14,1509.98,1509.98,1497.83,10865841,16275182625.03,162410,5996858,0.5519
2026-01-26,RELIANCE,EQ,1509.98,1507.07,1518.29,1477.90,1487.06,1487.06,1494.42,12967369,19378695580.98,160796,5360710,0.4134
2026-01-27,RELIANCE,EQ,1487.06,1483.98,1502.25,1474.30,1494.97,1494.97,1490.51,8643959,12883907329.09,127776,5470762,0.6329
2026-01-28,RELIANCE,EQ,1494.97,1498.02,1505.88,1458.05,1469.21,1469.21,1477.71,5140966,7596856867.86,143590,2306751,0.4487
2026-01-29,RELIANCE,EQ,1469.21,1466.33,1491.31,1450.42,1479.95,1479.95,1473.89,4332196,6385180362.44,66488,2481915,0.5729
2026-01-30,RELIANCE,EQ,1479.95,1481.62,1521.13,1461.58,1513.45,1513.45,1498.72,4350887,6520761364.64,173621,2554841,0.5872
2026-02-02,RELIANCE,EQ,1513.45,1513.11,1538.98,1488.37,1533.45,1533.45,1520.27,5502196,8364823512.92,122690,2164564,0.3934
2026-02-03,RELIANCE,EQ,1533.45,1528.29,1566.82,1524.05,1547.08,1547.08,1545.98,6111685,9448542776.3,184691,3523998,0.5766
2026-02-04,RELIANCE,EQ,1547.08,1546.87,1568.18,1541.79,1545.24,1545.24,1551.74,4330296,6719493515.04,101721,2269941,0.5242
2026-02-05,RELIANCE,EQ,1545.24,1551.27,1571.86,1539.62,1561.26,1561.26,1557.58,8036485,12517468306.3,87854,4985032,0.6203
2026-02-06,RELIANCE,EQ,1561.26,1564.26,1588.01,1547.07,1580.57,1580.57,1571.88,10731536,16868686807.68,177372,6955108,0.6481
2026-02-09,RELIANCE,EQ,1580.57,1580.41,1623.56,1565.07,1606.30,1606.30,1598.31,8420981,13459338142.11,83225,5051747,0.5999
2026-02-10,RELIANCE,EQ,1606.30,1602.34,1620.03,1596.90,1602.69,1602.69,1606.54,9010300,14475407362.0,102316,4577232,0.508
2026-02-11,RELIANCE,EQ,1602.69,1607.80,1618.04,1567.96,1610.20,1610.20,1598.73,6925951,11072725642.23,215242,4345342,0.6274
2026-02-12,RELIANCE,EQ,1610.20,1605.25,1623.70,1575.99,1617.70,1617.70,1605.80,11752741,18872551497.8,154404,5068957,0.4313
2026-02-13,RELIANCE,EQ,1617.70,1628.06,1659.79,1600.42,1639.50,1639.50,1633.24,4956991,8095955980.84,62371,2653973,0.5354
2026-02-16,RELIANCE,EQ,1639.50,1650.25,1654.06,1604.58,1611.56,1611.56,1623.40,9900879,16073086968.6,176383,4844500,0.4893
2026-02-17,RELIANCE,EQ,1611.56,1618.51,1625.74,1578.75,1598.84,1598.84,1601.11,9103243,14575293399.73,209150,4323130,0.4749
2026-02-18,RELIANCE,EQ,1598.84,1593.44,1634.24,1573.53,1616.16,1616.16,1607.98,7008936,11270228909.28,96968,3931312,0.5609
2026-02-19,RELIANCE,EQ,1616.16,1612.47,1637.32,1585.12,1633.69,1633.69,1618.71,9180767,14860999350.57,162890,4339749,0.4727
2026-02-20,RELIANCE,EQ,1633.69,1636.15,1660.19,1600.23,1631.64,1631.64,1630.69,13615389,22202478688.41,175087,8489195,0.6235
2026-02-23,RELIANCE,EQ,1631.64,1636.60,1668.75,1623.41,1655.88,1655.88,1649.35,15787322,26038819540.7,135595,10234921,0.6483
2026-02-24,RELIANCE,EQ,1655.88,1650.83,1663.46,1604.99,1635.80,1635.80,1634.75,9516327,15556815563.25,63908,5824944,0.6121
2026-02-25,RELIANCE,EQ,1635.80,1638.87,1645.44,1600.90,1616.92,1616.92,1621.09,6276575,10174892966.75,72912,3405042,0.5425
2026-02-26,RELIANCE,EQ,1616.92,1619.44,1627.41,1570.14,1584.88,1584.88,1594.14,14359108,22890428427.12,132753,9162547,0.6381
2026-02-27,RELIANCE,EQ,1584.88,1578.04,1604.58,1573.49,1594.93,1594.93,1591.00,9041297,14384703527.0,189736,5284638,0.5845
2026-03-02,RELIANCE,EQ,1594.93,1596.01,1613.18,1557.10,1568.56,1568.56,1579.61,11266744,17797061489.84,76413,6073902,0.5391
2026-03-03,RELIANCE,EQ,1568.56,1570.85,1586.61,1560.10,1581.52,1581.52,1576.08,6081298,9584612151.84,215201,2958551,0.4865
2026-03-04,RELIANCE,EQ,1581.52,1588.30,1597.99,1561.23,1574.36,1574.36,1577.86,6884814,10863272618.04,186327,3914705,0.5686
2026-03-05,RELIANCE,EQ,1574.36,1575.89,1597.64,1571.33,1579.45,1579.45,1582.81,9677461,15317582045.41,200955,4754537,0.4913
2026-03-06,RELIANCE,EQ,1579.45,1583.07,1597.98,1568.72,1574.18,1574.18,1580.29,10812975,17087636262.75,184279,4460352,0.4125
2026-03-09,RELIANCE,EQ,1574.18,1572.26,1611.64,1558.43,1602.25,1602.25,1590.77,11804656,18778492625.12,126372,5858651,0.4963
2026-03-10,RELIANCE,EQ,1602.25,1603.32,1609.74,1578.22,1589.63,1589.63,1592.53,17729189,28234265358.17,218867,9642906,0.5439
2026-03-11,RELIANCE,EQ,1589.63,1580.60,1595.20,1573.28,1578.78,1578.78,1582.42,10362633,16398037711.86,171280,6252813,0.6034
2026-03-12,RELIANCE,EQ,1578.78,1577.08,1591.13,1543.44,1560.36,1560.36,1564.98,6009461,9404686275.78,175019,3530558,0.5875
2026-03-13,RELIANCE,EQ,1560.36,1567.52,1571.39,1532.82,1552.83,1552.83,1552.35,6338436,9839471124.6,184080,3564736,0.5624
2026-03-16,RELIANCE,EQ,1552.83,1554.13,1618.86,1547.76,1584.04,1584.04,1583.55,6114829,9683137462.95,192518,3036624,0.4966
2026-03-17,RELIANCE,EQ,1584.04,1579.48,1631.09,1570.21,1621.68,1621.68,1607.66,9600531,15434389667.46,140608,3918937,0.4082
2026-03-18,RELIANCE,EQ,1621.68,1621.84,1631.62,1589.23,1601.82,1601.82,1607.56,4395425,7065909413.0,163176,2503195,0.5695
2026-03-19,RELIANCE,EQ,1601.82,1588.49,1595.92,1580.06,1583.93,1583.93,1586.64,10625129,16858254676.56,178612,6760770,0.6363
2026-03-20,RELIANCE,EQ,1583.93,1584.34,1605.43,1580.58,1593.10,1593.10,1593.04,12599912,20072163812.48,173031,5610741,0.4453
2026-03-23,RELIANCE,EQ,1593.10,1588.60,1612.48,1557.90,1602.06,1602.06,1590.81,7818799,12438223637.19,119909,3488748,0.4462
2026-03-24,RELIANCE,EQ,1602.06,1586.70,1604.80,1536.69,1558.39,1558.39,1566.63,7339574,11498396815.62,135087,3258771,0.444
2026-03-25,RELIANCE,EQ,1558.39,1551.32,1566.13,1543.55,1557.46,1557.46,1555.71,5047954,7853152517.34,201624,2023220,0.4008
2026-03-26,RELIANCE,EQ,1557.46,1568.67,1610.97,1558.67,1603.59,1603.59,1591.08,4950655,7876888157.4,66247,2633253,0.5319
2026-03-27,RELIANCE,EQ,1603.59,1595.45,1615.68,1551.16,1569.40,1569.40,1578.75,7353972,11610083295.0,137413,3999825,0.5439
2026-03-30,RELIANCE,EQ,1569.40,1581.53,1590.33,1571.35,1578.42,1578.42,1580.03,5418503,8561397295.09,203125,3123225,0.5764
2026-03-31,RELIANCE,EQ,1578.42,1571.09,1588.46,1565.32,1570.10,1570.10,1574.63,9646912,15190317042.56,161318,5347283,0.5543
2026-04-01,RELIANCE,EQ,1570.10,1568.16,1582.05,1554.40,1567.93,1567.93,1568.13,6145487,9636922529.31,197772,2954750,0.4808
2026-04-02,RELIANCE,EQ,1567.93,1570.52,1587.72,1545.72,1564.69,1564.69,1566.04,9375072,14681737754.88,89839,5331603,0.5687
2026-04-03,RELIANCE,EQ,1564.69,1567.49,1576.84,1529.99,1542.10,1542.10,1549.64,8742389,13547555689.96,137949,3543290,0.4053
2026-04-06,RELIANCE,EQ,1542.10,1544.13,1548.07,1517.26,1523.69,1523.69,1529.67,6601387,10097943652.29,65939,2605567,0.3947
2026-04-07,RELIANCE,EQ,1523.69,1521.20,1529.17,1502.61,1509.59,1509.59,1513.79,7797271,11803430867.09,142786,3228070,0.414
2026-04-08,RELIANCE,EQ,1509.59,1501.34,1512.14,1485.70,1503.96,1503.96,1500.60,7163989,10750281893.4,202208,3317643,0.4631
2026-04-09,RELIANCE,EQ,1503.96,1511.24,1515.53,1503.22,1509.48,1509.48,1509.41,12998754,19620449275.14,116988,8419293,0.6477
2026-04-10,RELIANCE,EQ,1509.48,1499.49,1559.99,1476.11,1527.35,1527.35,1521.15,13772345,20949802596.75,147309,5360197,0.3892
2026-04-13,RELIANCE,EQ,1527.35,1528.58,1542.47,1523.04,1533.79,1533.79,1533.10,7016463,10756939425.3,206476,3367201,0.4799
2026-04-14,RELIANCE,EQ,1533.79,1541.55,1551.69,1527.76,1540.53,1540.53,1539.99,7142895,10999986871.05,171565,3208588,0.4492
2026-04-15,RELIANCE,EQ,1540.53,1549.65,1572.36,1542.01,1557.29,1557.29,1557.22,3131401,4876280265.22,154499,2020380,0.6452
2026-04-16,RELIANCE,EQ,1557.29,1563.80,1585.21,1532.60,1545.29,1545.29,1554.37,9136803,14201972479.11,195620,5909684,0.6468
2026-04-17,RELIANCE,EQ,1545.29,1538.29,1557.95,1521.41,1536.10,1536.10,1538.49,15131569,23279767590.81,87489,7325193,0.4841
2026-04-20,RELIANCE,EQ,1536.10,1533.72,1537.61,1503.37,1523.81,1523.81,1521.60,9871628,15020669164.8,135128,4626832,0.4687
2026-04-21,RELIANCE,EQ,1523.81,1525.88,1533.34,1510.78,1518.50,1518.50,1520.87,7554166,11488904444.42,209432,4627682,0.6126
2026-04-22,RELIANCE,EQ,1518.50,1523.24,1586.22,1519.91,1568.67,1568.67,1558.27,9349758,14569447398.66,77132,4342963,0.4645
2026-04-23,RELIANCE,EQ,1568.67,1570.40,1590.86,1562.41,1565.80,1565.80,1573.02,7501151,11799460546.02,155535,4784234,0.6378
2026-04-24,RELIANCE,EQ,1565.80,1564.36,1593.59,1552.44,1585.83,1585.83,1577.29,9922098,15650025954.42,181591,5670479,0.5715
2026-04-27,RELIANCE,EQ,1585.83,1582.81,1601.54,1550.67,1559.81,1559.81,1570.67,13850748,21754954361.16,60009,8821541,0.6369
2026-04-28,RELIANCE,EQ,1559.81,1557.83,1563.75,1536.30,1558.26,1558.26,1552.77,9946619,15444811584.63,113018,3995557,0.4017
2026-04-29,RELIANCE,EQ,1558.26,1563.50,1575.21,1525.93,1534.08,1534.08,1545.07,5885269,9093152573.83,121930,2751363,0.4675
2026-04-30,RELIANCE,EQ,1534.08,1528.92,1550.22,1513.19,1545.70,1545.70,1536.37,6422215,9866898459.55,75815,2523288,0.3929
2026-05-01,RELIANCE,EQ,1545.70,1553.49,1572.45,1534.46,1538.84,1538.84,1548.58,13257366,20530091840.28,84935,7605751,0.5737
2026-05-04,RELIANCE,EQ,1538.84,1547.27,1574.53,1538.79,1564.66,1564.66,1559.33,6170884,9622444547.72,123578,2757768,0.4469
2026-05-05,RELIANCE,EQ,1564.66,1563.12,1604.36,1558.31,1590.26,1590.26,1584.31,7782642,12330117547.02,209365,2980752,0.383
2026-05-06,RELIANCE,EQ,1590.26,1585.94,1608.64,1550.49,1599.06,1599.06,1586.06,10009970,15876413018.2,219347,4562544,0.4558
2026-05-07,RELIANCE,EQ,1599.06,1593.74,1597.00,1573.39,1578.27,1578.27,1582.89,10332384,16355027309.76,218596,4388163,0.4247
2026-05-08,RELIANCE,EQ,1578.27,1577.33,1593.75,1558.54,1567.31,1567.31,1573.20,15986158,25149423765.6,101744,8891501,0.5562
2026-05-11,RELIANCE,EQ,1567.31,1574.18,1625.06,1566.24,1609.10,1609.10,1600.13,13670295,21874249138.35,94713,5269899,0.3855
2026-05-12,RELIANCE,EQ,1609.10,1610.82,1623.98,1566.89,1589.29,1589.29,1593.39,10390933,16556808732.87,199677,3978688,0.3829
2026-05-13,RELIANCE,EQ,1589.29,1590.54,1600.73,1578.44,1587.81,1587.81,1588.99,20830742,33099840730.58,153592,12504694,0.6003
2026-05-14,RELIANCE,EQ,1587.81,1582.51,1599.05,1568.92,1585.10,1585.10,1584.36,14450293,22894466217.48,148935,5595153,0.3872
2026-05-15,RELIANCE,EQ,1585.10,1587.68,1617.88,1563.88,1583.21,1583.21,1588.32,5212138,8278543028.16,60601,2937561,0.5636
2026-05-18,RELIANCE,EQ,1583.21,1581.30,1597.13,1561.63,1592.01,1592.01,1583.59,5067067,8024156630.53,218250,2353146,0.4644
2026-05-19,RELIANCE,EQ,1592.01,1592.15,1608.52,1564.81,1581.98,1581.98,1585.10,6212744,9847820514.4,159848,3392158,0.546
2026-05-20,RELIANCE,EQ,1581.98,1579.43,1597.15,1543.36,1565.49,1565.49,1568.67,7558435,11856690231.45,114080,4062659,0.5375
2026-05-21,RELIANCE,EQ,1565.49,1565.84,1608.12,1551.37,1593.76,1593.76,1584.42,10632697,16846657780.74,137236,6467870,0.6083
2026-05-22,RELIANCE,EQ,1593.76,1599.88,1619.85,1592.06,1601.91,1601.91,1604.61,11952937,19179802239.57,61257,6970953,0.5832
2026-05-25,RELIANCE,EQ,1601.91,1602.59,1647.42,1597.12,1635.72,1635.72,1626.75,7494356,12191443623.0,119721,3653499,0.4875
2026-05-26,RELIANCE,EQ,1635.72,1635.79,1653.85,1583.95,1599.87,1599.87,1612.56,5628071,9075602171.76,81802,3313808,0.5888
2026-05-27,RELIANCE,EQ,1599.87,1593.50,1620.95,1565.44,1571.56,1571.56,1585.98,10849160,17206550776.8,180134,4540373,0.4185
2026-05-28,RELIANCE,EQ,1571.56,1569.75,1594.16,1564.42,1582.75,1582.75,1580.44,8195886,12953106069.84,82609,4034015,0.4922
2026-05-29,RELIANCE,EQ,1582.75,1588.15,1617.58,1582.59,1612.88,1612.88,1604.35,10115348,16228558563.8,168960,4326334,0.4277
2026-06-01,RELIANCE,EQ,1612.88,1608.34,1630.49,1601.89,1616.14,1616.14,1616.17,5789232,9356383081.44,77265,2562893,0.4427
2026-06-02,RELIANCE,EQ,1616.14,1611.55,1623.33,1598.99,1616.43,1616.43,1612.92,10221722,16486819848.24,88928,5030109,0.4921
2026-06-03,RELIANCE,EQ,1616.43,1611.35,1635.13,1588.38,1603.03,1603.03,1608.85,8119931,13063750989.35,136729,4465150,0.5499
2026-06-04,RELIANCE,EQ,1603.03,1600.93,1632.04,1575.92,1608.70,1608.70,1605.55,7447342,11957079948.1,153283,4226367,0.5675
2026-06-05,RELIANCE,EQ,1608.70,1605.51,1610.06,1570.47,1588.40,1588.40,1589.64,6786636,10788308051.04,195078,3225009,0.4752
2026-06-08,RELIANCE,EQ,1588.40,1588.93,1599.49,1579.82,1591.62,1591.62,1590.31,8347584,13275246311.04,104640,3818185,0.4574
2026-06-09,RELIANCE,EQ,1591.62,1593.91,1625.45,1579.99,1615.07,1615.07,1606.84,6396061,10277446657.24,108370,3407821,0.5328
2026-06-10,RELIANCE,EQ,1615.07,1610.37,1622.06,1557.22,1569.41,1569.41,1582.90,12004046,19001204413.4,123234,6239703,0.5198
2026-06-11,RELIANCE,EQ,1569.41,1577.14,1602.37,1553.14,1567.78,1567.78,1574.43,9681565,15242946382.95,151729,5992889,0.619
2026-06-12,RELIANCE,EQ,1567.78,1561.33,1582.22,1555.40,1576.63,1576.63,1571.42,9809112,15414234779.04,147521,4686794,0.4778
2026-06-15,RELIANCE,EQ,1576.63,1568.06,1582.33,1529.99,1575.65,1575.65,1562.66,17731713,27708638636.58,157815,7926076,0.447
2026-06-16,RELIANCE,EQ,1575.65,1585.62,1591.47,1555.79,1564.34,1564.34,1570.53,12456568,19563413741.04,212345,5919361,0.4752
2026-06-17,RELIANCE,EQ,1564.34,1563.98,1574.92,1554.24,1561.57,1561.57,1563.58,9931610,15528866763.8,215033,4855564,0.4889
2026-06-18,RELIANCE,EQ,1561.57,1557.74,1575.39,1534.11,1537.41,1537.41,1548.97,8954875,13870832728.75,178972,5580678,0.6232
2026-06-19,RELIANCE,EQ,1537.41,1541.84,1565.91,1524.54,1537.36,1537.36,1542.60,6601920,10184121792.0,125326,3394707,0.5142
2026-06-22,RELIANCE,EQ,1537.36,1529.10,1545.99,1522.62,1527.10,1527.10,1531.90,9085053,13917392690.7,161788,3859331,0.4248
2026-06-23,RELIANCE,EQ,1527.10,1534.10,1552.65,1505.56,1523.15,1523.15,1527.12,9047672,13816880864.64,200796,4161929,0.46
2026-06-24,RELIANCE,EQ,1523.15,1523.45,1540.31,1495.09,1532.79,1532.79,1522.73,3860696,5878797620.08,194327,2166237,0.5611
2026-06-25,RELIANCE,EQ,1532.79,1526.36,1539.81,1487.76,1509.40,1509.40,1512.32,3956169,5982993502.08,130366,2332953,0.5897
2026-06-26,RELIANCE,EQ,1509.40,1505.63,1536.61,1480.99,1485.26,1485.26,1500.95,10311541,15477107463.95,174921,6253950,0.6065
2026-06-29,RELIANCE,EQ,1485.26,1481.25,1512.00,1449.27,1456.07,1456.07,1472.45,9651028,14210656178.6,70035,5757803,0.5966
2026-06-30,RELIANCE,EQ,1456.07,1457.00,1483.53,1453.05,1470.93,1470.93,1469.17,9916737,14569372498.29,66982,6303078,0.6356
2026-07-01,RELIANCE,EQ,1470.93,1467.55,1476.73,1428.05,1451.93,1451.93,1452.24,8046848,11685954539.52,145144,3330590,0.4139
2026-07-02,RELIANCE,EQ,1451.93,1461.99,1474.91,1438.80,1447.48,1447.48,1453.73,6096988,8863374365.24,126713,2638167,0.4327
2026-07-03,RELIANCE,EQ,1447.48,1456.07,1477.47,1446.82,1467.86,1467.86,1464.05,11190296,16383152858.8,172904,6737677,0.6021
2026-07-06,RELIANCE,EQ,1467.86,1480.16,1484.85,1470.76,1475.28,1475.28,1476.96,12690248,18742988686.08,156929,6722024,0.5297
2026-07-07,RELIANCE,EQ,1475.28,1461.14,1480.28,1452.67,1473.42,1473.42,1468.79,7180636,10546846350.44,170515,3995306,0.5564
2026-07-08,RELIANCE,EQ,1473.42,1467.21,1496.47,1449.87,1457.80,1457.80,1468.05,6272196,9207897337.8,72868,3823531,0.6096
2026-07-09,RELIANCE,EQ,1457.80,1464.60,1470.93,1450.06,1462.15,1462.15,1461.05,8616158,12588637645.9,201204,5586717,0.6484
2026-07-10,RELIANCE,EQ,1462.15,1466.33,1475.89,1444.19,1459.38,1459.38,1459.82,10935040,15963190092.8,144513,7038885,0.6437
2026-07-13,RELIANCE,EQ,1459.38,1462.22,1486.72,1455.87,1478.07,1478.07,1473.55,6541478,9639194906.9,199496,4091040,0.6254
2026-07-14,RELIANCE,EQ,1478.07,1482.24,1497.21,1469.47,1485.34,1485.34,1484.01,14017707,20802417365.07,175598,6992032,0.4988
2026-07-15,RELIANCE,EQ,1485.34,1501.19,1509.05,1482.17,1505.69,1505.69,1498.97,14542203,21798326030.91,141590,6190616,0.4257
2026-07-16,RELIANCE,EQ,1505.69,1506.74,1511.01,1465.09,1481.75,1481.75,1485.95,17961897,26690480847.15,202386,7671526,0.4271
2026-07-17,RELIANCE,EQ,1481.75,1485.65,1503.20,1465.32,1480.80,1480.80,1483.11,14387698,21338538780.78,138881,7493113,0.5208
2026-07-20,RELIANCE,EQ,1480.80,1475.42,1486.59,1448.08,1458.76,1458.76,1464.48,8381705,12274839338.4,76000,3250425,0.3878
2026-07-21,RELIANCE,EQ,1458.76,1462.34,1471.42,1438.76,1445.69,1445.69,1451.96,12222660,17746813413.6,66817,7535270,0.6165
2026-07-22,RELIANCE,EQ,1445.69,1441.67,1494.58,1437.85,1485.16,1485.16,1472.53,10978489,16166154407.17,126724,4540703,0.4136
2026-07-23,RELIANCE,EQ,1485.16,1482.46,1497.72,1416.42,1426.92,1426.92,1447.02,5579875,8074190722.5,185500,2894281,0.5187
2026-07-24,RELIANCE,EQ,1426.92,1409.78,1430.55,1344.57,1359.27,1359.27,1378.13,9464201,13042899324.13,85582,5237489,0.5534
2026-07-27,RELIANCE,EQ,1359.27,1361.12,1406.47,1357.64,1383.86,1383.86,1382.66,6096766,8429754477.56,71607,2888038,0.4737
2026-07-28,RELIANCE,EQ,1383.86,1377.04,1386.25,1367.90,1377.95,1377.95,1377.37,10549800,14530978026.0,157660,5271735,0.4997
2026-07-29,RELIANCE,EQ,1377.95,1370.69,1437.32,1364.91,1413.26,1413.26,1405.16,10744994,15098435769.04,189510,5544417,0.516
2026-07-30,RELIANCE,EQ,1413.26,1401.20,1419.85,1385.31,1412.45,1412.45,1405.87,17329115,24362482905.05,60761,8825718,0.5093
2026-07-31,RELIANCE,EQ,1412.45,1410.05,1473.17,1407.06,1453.10,1453.10,1444.44,6745327,9743220131.88,116433,3081940,0.4569
2026-08-03,RELIANCE,EQ,1453.10,1459.98,1492.27,1456.45,1476.40,1476.40,1475.04,16985410,25054159166.4,170736,9156835,0.5391
2026-08-04,RELIANCE,EQ,1476.40,1471.66,1487.23,1466.66,1476.24,1476.24,1476.71,7809299,11532069926.29,132340,4586401,0.5873
2026-08-05,RELIANCE,EQ,1476.24,1480.40,1523.23,1473.69,1511.31,1511.31,1502.74,7216438,10844430040.12,181048,4009453,0.5556
2026-08-06,RELIANCE,EQ,1511.31,1501.46,1519.67,1489.55,1499.14,1499.14,1502.79,7610203,11436536966.37,83863,3006030,0.395
2026-08-07,RELIANCE,EQ,1499.14,1511.82,1528.02,1470.17,1493.91,1493.91,1497.37,6182876,9258053036.12,86548,2498500,0.4041
2026-08-10,RELIANCE,EQ,1493.91,1484.12,1500.47,1435.02,1451.81,1451.81,1462.43,15998356,23396475765.08,62548,7071273,0.442
2026-08-11,RELIANCE,EQ,1451.81,1454.38,1477.77,1433.46,1464.37,1464.37,1458.53,3998809,5832382890.77,87629,2182950,0.5459
2026-08-12,RELIANCE,EQ,1464.37,1456.70,1473.53,1449.79,1456.83,1456.83,1460.05,6625277,9673235683.85,152318,3502121,0.5286
2026-08-13,RELIANCE,EQ,1456.83,1455.90,1474.24,1448.26,1462.47,1462.47,1461.66,8957901,13093405575.66,115918,3574202,0.399
2026-08-14,RELIANCE,EQ,1462.47,1470.81,1476.85,1449.29,1458.42,1458.42,1461.52,5865953,8573207628.56,213240,2239034,0.3817
2026-08-17,RELIANCE,EQ,1458.42,1451.43,1476.61,1428.70,1442.92,1442.92,1449.41,6351791,9206349393.31,103517,3913338,0.6161
2026-08-18,RELIANCE,EQ,1442.92,1441.18,1450.43,1422.95,1427.85,1427.85,1433.74,5323571,7632616685.54,198880,3007285,0.5649
2026-08-19,RELIANCE,EQ,1427.85,1428.12,1438.01,1420.73,1425.13,1425.13,1427.96,5297260,7564275389.6,103278,3240334,0.6117
2026-08-20,RELIANCE,EQ,1425.13,1424.30,1445.71,1413.24,1429.89,1429.89,1429.61,9322239,13327166096.79,185698,5469358,0.5867
2026-08-21,RELIANCE,EQ,1429.89,1426.68,1447.28,1423.57,1443.47,1443.47,1438.11,7817023,11241738946.53,91389,4704284,0.6018
2026-08-24,RELIANCE,EQ,1443.47,1442.51,1456.11,1408.25,1422.30,1422.30,1428.89,6865219,9809642776.91,119955,3081110,0.4488
2026-08-25,RELIANCE,EQ,1422.30,1418.54,1476.10,1393.77,1458.18,1458.18,1442.68,6538594,9433098791.92,72606,3077062,0.4706
2026-08-26,RELIANCE,EQ,1458.18,1460.14,1467.99,1430.65,1438.93,1438.93,1445.86,10077743,14571005493.98,147876,6402390,0.6353
2026-08-27,RELIANCE,EQ,1438.93,1436.96,1448.72,1422.59,1445.75,1445.75,1439.02,12234868,17606219749.36,74404,7194102,0.588
2026-08-28,RELIANCE,EQ,1445.75,1437.57,1455.09,1410.67,1417.14,1417.14,1427.63,6460410,9223075128.3,133164,2935610,0.4544
2026-08-31,RELIANCE,EQ,1417.14,1418.44,1448.25,1413.31,1423.88,1423.88,1428.48,5127163,7324049802.24,162722,3164485,0.6172
2026-09-01,RELIANCE,EQ,1423.88,1429.94,1441.69,1407.90,1417.49,1417.49,1422.36,7315382,10405106741.52,205413,2937857,0.4016
2026-09-02,RELIANCE,EQ,1417.49,1416.50,1436.11,1385.63,1396.30,1396.30,1406.01,6791227,9548533074.27,102095,3833648,0.5645
2026-09-03,RELIANCE,EQ,1396.30,1390.66,1406.89,1357.02,1365.47,1365.47,1376.46,8460410,11645415948.6,166159,4140525,0.4894
2026-09-04,RELIANCE,EQ,1365.47,1369.62,1389.13,1321.22,1345.37,1345.37,1351.91,10570221,14289987472.11,161931,4125557,0.3903
2026-09-07,RELIANCE,EQ,1345.37,1339.09,1348.08,1301.10,1327.01,1327.01,1325.40,7944343,10529432212.2,181525,4344761,0.5469
2026-09-08,RELIANCE,EQ,1327.01,1318.72,1322.17,1278.20,1289.33,1289.33,1296.57,9531804,12358651112.28,171790,4639129,0.4867
2026-09-09,RELIANCE,EQ,1289.33,1287.17,1308.18,1283.41,1297.51,1297.51,1296.37,8515364,11039062428.68,166251,4917623,0.5775
2026-09-10,RELIANCE,EQ,1297.51,1305.59,1314.37,1291.32,1294.09,1294.09,1299.93,10603152,13783355379.36,112449,5353531,0.5049
2026-09-11,RELIANCE,EQ,1294.09,1290.94,1306.07,1275.02,1282.45,1282.45,1287.85,5194986,6690362720.1,179944,2645806,0.5093
2026-09-14,RELIANCE,EQ,1282.45,1274.52,1278.82,1260.05,1268.18,1268.18,1269.02,10961567,13910447754.34,195705,6384017,0.5824
2026-09-15,RELIANCE,EQ,1268.18,1268.49,1281.94,1265.94,1275.58,1275.58,1274.49,9745403,12420418669.47,110275,4426362,0.4542
2025-10-01,TCS,EQ,3944.79,3944.79,3996.59,3867.35,3901.42,3901.42,3921.79,2781352,10907878460.08,97174,1162327,0.4179
2025-10-02,TCS,EQ,3901.42,3898.25,3910.70,3864.91,3888.97,3888.97,3888.19,2322113,9028816545.47,63872,1131333,0.4872
2025-10-03,TCS,EQ,3888.97,3878.99,3950.23,3861.66,3935.28,3935.28,3915.72,3138357,12288927272.04,155331,1879248,0.5988
2025-10-06,TCS,EQ,3935.28,3914.81,3941.46,3802.01,3871.54,3871.54,3871.67,1894699,7335649277.33,193966,1037916,0.5478
2025-10-07,TCS,EQ,3871.54,3891.34,3956.66,3865.39,3946.04,3946.04,3922.70,2861378,11224327480.6,60792,1677912,0.5864
2025-10-08,TCS,EQ,3946.04,3945.15,3990.51,3889.65,3946.08,3946.08,3942.08,2028126,7995034942.08,90597,861751,0.4249
2025-10-09,TCS,EQ,3946.08,3931.03,4001.41,3900.08,3967.51,3967.51,3956.33,1676260,6631837725.8,168160,725485,0.4328
2025-10-10,TCS,EQ,3967.51,3977.57,4079.42,3949.45,4016.52,4016.52,4015.13,3548119,14246159040.47,137766,2146612,0.605
2025-10-13,TCS,EQ,4016.52,4021.22,4054.55,3977.01,4044.06,4044.06,4025.21,1774195,7141507455.95,197822,1036840,0.5844
2025-10-14,TCS,EQ,4044.06,4035.02,4060.93,3900.73,3965.30,3965.30,3975.65,1919772,7632341551.8,154269,828574,0.4316
2025-10-15,TCS,EQ,3965.30,3986.66,4082.01,3950.62,4029.37,4029.37,4020.67,2556692,10279614823.64,149598,1380869,0.5401
2025-10-16,TCS,EQ,4029.37,4037.37,4082.44,4010.85,4025.83,4025.83,4039.71,4719987,19067378683.77,167046,2529441,0.5359
2025-10-17,TCS,EQ,4025.83,4020.93,4061.29,3918.46,3932.99,3932.99,3970.91,2619221,10400690861.11,197905,1168173,0.446
2025-10-20,TCS,EQ,3932.99,3925.16,3955.18,3871.63,3901.86,3901.86,3909.56,2255373,8817516065.88,174693,1213165,0.5379
2025-10-21,TCS,EQ,3901.86,3938.66,3976.90,3890.60,3910.79,3910.79,3926.10,1120801,4400376806.1,181554,642107,0.5729
2025-10-22,TCS,EQ,3910.79,3908.15,3935.88,3811.52,3845.77,3845.77,3864.39,2842307,10983782747.73,115638,1130385,0.3977
2025-10-23,TCS,EQ,3845.77,3858.11,3882.48,3784.44,3854.72,3854.72,3840.55,1706106,6552385398.3,155635,1019910,0.5978
2025-10-24,TCS,EQ,3854.72,3853.49,3893.45,3789.68,3877.96,3877.96,3853.70,2605105,10039293138.5,68764,1457817,0.5596
2025-10-27,TCS,EQ,3877.96,3884.22,3947.74,3854.44,3901.69,3901.69,3901.29,2325474,9072348461.46,104754,1090182,0.4688
2025-10-28,TCS,EQ,3901.69,3893.10,3966.08,3851.82,3933.03,3933.03,3916.98,2362112,9252345461.76,68332,907287,0.3841
2025-10-29,TCS,EQ,3933.03,3903.03,3951.39,3894.64,3908.61,3908.61,3918.21,1745917,6840869448.57,65188,758950,0.4347
2025-10-30,TCS,EQ,3908.61,3936.26,3944.92,3889.41,3915.24,3915.24,3916.52,2202210,8624999509.2,151638,850494,0.3862
2025-10-31,TCS,EQ,3915.24,3937.57,3951.59,3851.69,3879.79,3879.79,3894.36,2645549,10302720203.64,203491,1205048,0.4555
2025-11-03,TCS,EQ,3879.79,3875.92,3917.38,3806.93,3865.69,3865.69,3863.33,1629154,6293959522.82,71758,960386,0.5895
2025-11-04,TCS,EQ,3865.69,3849.62,3910.49,3841.22,3857.57,3857.57,3869.76,937738,3628821002.88,73525,539012,0.5748
2025-11-05,TCS,EQ,3857.57,3842.57,3878.57,3818.47,3861.06,3861.06,3852.70,2996156,11543290221.2,147027,1843535,0.6153
2025-11-06,TCS,EQ,3861.06,3862.35,3917.85,3795.36,3909.45,3909.45,3874.22,2041679,7909913615.38,109261,853830,0.4182
2025-11-07,TCS,EQ,3909.45,3900.27,3962.57,3874.94,3909.46,3909.46,3915.66,1705303,6677386744.98,112709,719808,0.4221
2025-11-10,TCS,EQ,3909.46,3909.81,3923.98,3865.79,3883.66,3883.66,3891.14,3971830,15454946586.2,136520,1893769,0.4768
2025-11-11,TCS,EQ,3883.66,3888.85,3980.08,3840.39,3914.10,3914.10,3911.52,2460033,9622468280.16,139567,1483646,0.6031
2025-11-12,TCS,EQ,3914.10,3911.84,3981.10,3878.27,3960.48,3960.48,3939.95,2175103,8569797064.85,110329,1407509,0.6471
2025-11-13,TCS,EQ,3960.48,3960.87,3970.58,3889.59,3901.58,3901.58,3920.58,1530473,6000341834.34,188289,913539,0.5969
2025-11-14,TCS,EQ,3901.58,3901.59,3989.77,3874.87,3919.90,3919.90,3928.18,3289564,12921999513.52,87229,1349379,0.4102
2025-11-17,TCS,EQ,3919.90,3904.84,3932.38,3785.45,3871.94,3871.94,3863.26,2068531,7991273071.06,151028,1123626,0.5432
2025-11-18,TCS,EQ,3871.94,3897.88,3981.65,3826.11,3886.39,3886.39,3898.05,2018075,7866557253.75,137534,1140616,0.5652
2025-11-19,TCS,EQ,3886.39,3869.58,3906.09,3846.79,3887.70,3887.70,3880.19,2421880,9397354557.2,133330,969479,0.4003
2025-11-20,TCS,EQ,3887.70,3867.03,3950.54,3817.71,3910.23,3910.23,3892.83,1831586,7130052928.38,83667,954256,0.521
2025-11-21,TCS,EQ,3910.23,3913.12,3966.28,3873.15,3915.36,3915.36,3918.26,1753685,6871393788.1,131710,1069572,0.6099
2025-11-24,TCS,EQ,3915.36,3903.19,3991.27,3891.38,3962.42,3962.42,3948.36,3097204,12228876385.44,80655,1373920,0.4436
2025-11-25,TCS,EQ,3962.42,3965.36,3990.83,3878.32,3962.36,3962.36,3943.84,3396922,13396916860.48,145511,1412100,0.4157
2025-11-26,TCS,EQ,3962.36,3955.83,4028.44,3941.21,3971.02,3971.02,3980.22,2777613,11055510814.86,179209,1597961,0.5753
2025-11-27,TCS,EQ,3971.02,3983.70,4049.75,3919.11,3942.81,3942.81,3970.56,1405046,5578819445.76,175132,673298,0.4792
2025-11-28,TCS,EQ,3942.81,3946.58,4059.33,3829.97,3875.59,3875.59,3921.63,3079047,12074883086.61,212851,1747359,0.5675
2025-12-01,TCS,EQ,3875.59,3871.57,3881.28,3757.01,3775.73,3775.73,3804.67,2238673,8517412002.91,175703,996433,0.4451
2025-12-02,TCS,EQ,3775.73,3771.59,3812.19,3735.01,3745.03,3745.03,3764.08,2263183,8518801866.64,186591,1419921,0.6274
2025-12-03,TCS,EQ,3745.03,3772.50,3815.92,3750.92,3804.78,3804.78,3790.54,1959522,7427646521.88,73679,1226465,0.6259
2025-12-04,TCS,EQ,3804.78,3800.68,3863.59,3785.15,3814.21,3814.21,3820.98,3271902,12501872103.96,163667,2006003,0.6131
2025-12-05,TCS,EQ,3814.21,3814.92,3865.85,3755.89,3856.35,3856.35,3826.03,3944513,15091825073.39,105303,1957267,0.4962
2025-12-08,TCS,EQ,3856.35,3847.69,3889.85,3793.29,3878.33,3878.33,3853.82,3761235,14495122667.7,176357,2061533,0.5481
2025-12-09,TCS,EQ,3878.33,3835.64,3891.62,3786.98,3868.57,3868.57,3849.06,1142144,4396180784.64,205824,610362,0.5344
2025-12-10,TCS,EQ,3868.57,3863.69,3931.37,3835.75,3883.44,3883.44,3883.52,2648214,10284392033.28,208718,1319870,0.4984
2025-12-11,TCS,EQ,3883.44,3862.71,3882.38,3801.26,3832.57,3832.57,3838.74,3632401,13943843014.74,111383,1966945,0.5415
2025-12-12,TCS,EQ,3832.57,3835.26,3873.07,3809.38,3847.22,3847.22,3843.22,2316413,8902484769.86,154599,1016674,0.4389
2025-12-15,TCS,EQ,3847.22,3842.29,3935.80,3796.44,3910.28,3910.28,3880.84,2115787,8211030821.08,153663,950412,0.4492
2025-12-16,TCS,EQ,3910.28,3898.80,3997.98,3852.23,3974.51,3974.51,3941.57,1562359,6158147363.63,145304,836487,0.5354
2025-12-17,TCS,EQ,3974.51,3964.43,4016.19,3828.05,3877.06,3877.06,3907.10,1373554,5366612833.4,181921,643098,0.4682
2025-12-18,TCS,EQ,3877.06,3873.95,3908.02,3822.44,3876.33,3876.33,3868.93,2232960,8639165932.8,149615,1207808,0.5409
2025-12-19,TCS,EQ,3876.33,3885.44,3916.49,3828.05,3863.54,3863.54,3869.36,3491686,13510590140.96,78456,1929157,0.5525
2025-12-22,TCS,EQ,3863.54,3861.99,3919.53,3832.29,3902.56,3902.56,3884.79,2710329,10529058995.91,136116,1245938,0.4597
2025-12-23,TCS,EQ,3902.56,3905.29,3974.41,3857.20,3925.50,3925.50,3919.04,2846011,11153630949.44,174326,1622511,0.5701
2025-12-24,TCS,EQ,3925.50,3947.40,4007.61,3931.76,3964.81,3964.81,3968.06,3259891,12935443081.46,69945,1907036,0.585
2025-12-25,TCS,EQ,3964.81,3956.94,3989.93,3906.41,3915.94,3915.94,3937.43,2679090,10548729338.7,62810,1618438,0.6041
2025-12-26,TCS,EQ,3915.94,3929.47,3976.25,3815.70,3866.10,3866.10,3886.02,3368446,13089848524.92,177271,1520180,0.4513
2025-12-29,TCS,EQ,3866.10,3881.46,3950.08,3856.81,3868.13,3868.13,3891.67,3037624,11821430192.08,182573,1405205,0.4626
2025-12-30,TCS,EQ,3868.13,3875.28,3932.41,3838.46,3867.67,3867.67,3879.51,2714784,10532031675.84,217927,1396213,0.5143
2025-12-31,TCS,EQ,3867.67,3864.36,3897.04,3840.95,3862.25,3862.25,3866.75,2370459,9165972338.25,212785,1400941,0.591
2026-01-01,TCS,EQ,3862.25,3869.95,3899.94,3813.83,3845.13,3845.13,3852.97,2772292,10681557907.24,191346,1218422,0.4395
2026-01-02,TCS,EQ,3845.13,3859.54,3931.02,3848.23,3873.56,3873.56,3884.27,3084653,11981625108.31,77015,1340899,0.4347
2026-01-05,TCS,EQ,3873.56,3861.62,3991.25,3814.45,3946.51,3946.51,3917.40,1941610,7606063014.0,122223,1086913,0.5598
2026-01-06,TCS,EQ,3946.51,3970.19,4016.20,3896.98,3959.12,3959.12,3957.43,2544095,10068077875.85,196922,1163415,0.4573
2026-01-07,TCS,EQ,3959.12,3952.64,3977.28,3865.85,3896.28,3896.28,3913.14,2192214,8578440291.96,204665,1147843,0.5236
2026-01-08,TCS,EQ,3896.28,3911.98,3992.00,3878.04,3936.66,3936.66,3935.57,1806026,7107741744.82,161832,1164345,0.6447
2026-01-09,TCS,EQ,3936.66,3911.09,3970.84,3884.31,3928.79,3928.79,3927.98,2078548,8164494973.04,197357,919965,0.4426
2026-01-12,TCS,EQ,3928.79,3917.44,4051.79,3890.54,3969.56,3969.56,3970.63,2088936,8294391949.68,207357,1311016,0.6276
2026-01-13,TCS,EQ,3969.56,3967.27,3989.29,3942.30,3976.35,3976.35,3969.31,2098286,8328747602.66,143643,1091319,0.5201
2026-01-14,TCS,EQ,3976.35,3969.15,4009.95,3939.83,3970.00,3970.00,3973.26,2750629,10928964180.54,179028,1048540,0.3812
2026-01-15,TCS,EQ,3970.00,3972.19,3998.21,3943.36,3983.59,3983.59,3975.05,2780575,11052924653.75,147048,1629973,0.5862
2026-01-16,TCS,EQ,3983.59,4007.68,4017.39,3970.76,4004.00,4004.00,3997.38,3718624,14864753205.12,203837,2149365,0.578
2026-01-19,TCS,EQ,4004.00,4003.16,4031.06,3965.39,4019.85,4019.85,4005.43,3197890,12808924542.7,121353,1492775,0.4668
2026-01-20,TCS,EQ,4019.85,4035.53,4147.93,4014.05,4113.64,4113.64,4091.87,4016720,16435896066.4,129880,2340944,0.5828
2026-01-21,TCS,EQ,4113.64,4123.71,4146.05,4052.88,4071.60,4071.60,4090.18,1875403,7670735842.54,136789,1191444,0.6353
2026-01-22,TCS,EQ,4071.60,4078.53,4133.43,4064.78,4121.46,4121.46,4106.56,2487031,10213142023.36,73901,1086833,0.437
2026-01-23,TCS,EQ,4121.46,4094.12,4108.77,4026.79,4060.91,4060.91,4065.49,3915808,15919678265.92,171004,1872931,0.4783
2026-01-26,TCS,EQ,4060.91,4073.12,4081.50,4015.53,4039.05,4039.05,4045.36,1416734,5731199054.24,167682,908126,0.641
2026-01-27,TCS,EQ,4039.05,4047.33,4062.49,4015.03,4040.34,4040.34,4039.29,2846282,11496958419.78,98535,1203977,0.423
2026-01-28,TCS,EQ,4040.34,4059.59,4101.65,4045.55,4084.19,4084.19,4077.13,2901340,11829140354.2,180968,1212760,0.418
2026-01-29,TCS,EQ,4084.19,4073.33,4110.87,4011.09,4019.73,4019.73,4047.23,3486791,14111845138.93,188175,1574286,0.4515
2026-01-30,TCS,EQ,4019.73,4018.86,4091.87,3968.07,4059.50,4059.50,4039.81,3064442,12379763436.02,107417,1495141,0.4879
2026-02-02,TCS,EQ,4059.50,4050.04,4061.82,3986.85,4015.83,4015.83,4021.50,2840578,11423384427.0,202232,1100724,0.3875
2026-02-03,TCS,EQ,4015.83,4025.47,4124.20,3965.34,4097.70,4097.70,4062.41,2003375,8138530633.75,102708,797143,0.3979
2026-02-04,TCS,EQ,4097.70,4122.52,4151.60,4060.72,4137.35,4137.35,4116.56,2597208,10691562564.48,143277,1687406,0.6497
2026-02-05,TCS,EQ,4137.35,4146.14,4175.89,4036.75,4051.17,4051.17,4087.94,2364105,9664319393.7,155003,1215623,0.5142
2026-02-06,TCS,EQ,4051.17,4067.42,4173.07,4055.72,4148.15,4148.15,4125.65,2495769,10296669374.85,104747,1154792,0.4627
2026-02-09,TCS,EQ,4148.15,4172.78,4246.17,4140.93,4193.31,4193.31,4193.47,3248854,13623971783.38,135212,2098760,0.646
2026-02-10,TCS,EQ,4193.31,4168.21,4203.76,4146.04,4167.60,4167.60,4172.47,2869859,11974400581.73,153329,1759798,0.6132
2026-02-11,TCS,EQ,4167.60,4180.84,4236.00,4162.82,4190.25,4190.25,4196.36,1498746,6289277764.56,118126,578366,0.3859
2026-02-12,TCS,EQ,4190.25,4213.86,4249.59,4195.02,4235.76,4235.76,4226.79,3753530,15865383068.7,200029,1735257,0.4623
2026-02-13,TCS,EQ,4235.76,4224.86,4255.10,4165.36,4209.42,4209.42,4209.96,2034833,8566565536.68,115680,1035730,0.509
2026-02-16,TCS,EQ,4209.42,4203.56,4243.72,4123.20,4153.54,4153.54,4173.49,1977602,8253502170.98,202101,836130,0.4228
2026-02-17,TCS,EQ,4153.54,4155.99,4200.01,4132.00,4180.21,4180.21,4170.74,2457941,10251432846.34,149328,1185711,0.4824
2026-02-18,TCS,EQ,4180.21,4184.12,4196.73,4115.88,4137.23,4137.23,4149.95,3160608,13116365169.6,140808,1308808,0.4141
2026-02-19,TCS,EQ,4137.23,4152.65,4221.36,4079.92,4123.85,4123.85,4141.71,1306656,5411790221.76,123601,811825,0.6213
2026-02-20,TCS,EQ,4123.85,4118.42,4169.61,4066.00,4133.26,4133.26,4122.96,1341401,5530542666.96,201673,822815,0.6134
2026-02-23,TCS,EQ,4133.26,4120.27,4148.83,4079.24,4091.71,4091.71,4106.59,3072086,12615797646.74,176318,1580895,0.5146
2026-02-24,TCS,EQ,4091.71,4090.56,4140.48,4055.33,4076.84,4076.84,4090.88,2994390,12249690163.2,147216,1606790,0.5366
2026-02-25,TCS,EQ,4076.84,4083.03,4099.21,4042.24,4071.10,4071.10,4070.85,3638234,14810704878.9,62295,1431645,0.3935
2026-02-26,TCS,EQ,4071.10,4062.87,4099.59,3961.54,4034.24,4034.24,4031.79,3495348,14092509112.92,144882,2163620,0.619
2026-02-27,TCS,EQ,4034.24,4037.37,4051.23,3974.60,3986.65,3986.65,4004.16,1400017,5605892070.72,90776,777569,0.5554
2026-03-02,TCS,EQ,3986.65,3998.57,4012.19,3950.88,3962.25,3962.25,3975.11,2635718,10477268978.98,66269,1695294,0.6432
2026-03-03,TCS,EQ,3962.25,3975.60,3990.88,3934.16,3959.17,3959.17,3961.40,3128830,12394547162.0,214759,1457722,0.4659
2026-03-04,TCS,EQ,3959.17,3963.77,3993.37,3942.90,3954.42,3954.42,3963.56,2167073,8589323859.88,208046,1004655,0.4636
2026-03-05,TCS,EQ,3954.42,3948.48,3990.92,3865.04,3897.20,3897.20,3917.72,2774263,10868785640.36,100473,1415706,0.5103
2026-03-06,TCS,EQ,3897.20,3911.36,3971.06,3869.03,3885.41,3885.41,3908.50,2763070,10799459095.0,139367,1688512,0.6111
2026-03-09,TCS,EQ,3885.41,3885.32,3894.19,3837.78,3877.36,3877.36,3869.78,3975379,15383842146.62,97578,2279085,0.5733
2026-03-10,TCS,EQ,3877.36,3885.32,3904.36,3844.11,3856.67,3856.67,3868.38,3185959,12324500076.42,214518,1832245,0.5751
2026-03-11,TCS,EQ,3856.67,3877.13,3918.58,3829.44,3874.62,3874.62,3874.21,2840821,11005937126.41,201235,1759320,0.6193
2026-03-12,TCS,EQ,3874.62,3882.66,3912.72,3850.04,3862.85,3862.85,3875.20,2338721,9063011619.2,123124,1498652,0.6408
2026-03-13,TCS,EQ,3862.85,3851.05,3920.51,3805.75,3887.01,3887.01,3871.09,1303062,5044270277.58,104704,677332,0.5198
2026-03-16,TCS,EQ,3887.01,3874.55,3929.32,3797.87,3894.96,3894.96,3874.05,2002120,7756312986.0,124173,1196467,0.5976
2026-03-17,TCS,EQ,3894.96,3878.27,3908.56,3818.57,3891.93,3891.93,3873.02,1685693,6528722702.86,134886,717431,0.4256
2026-03-18,TCS,EQ,3891.93,3906.47,3961.86,3897.75,3924.11,3924.11,3927.91,3559002,13979439545.82,134181,2266728,0.6369
2026-03-19,TCS,EQ,3924.11,3933.82,3974.71,3842.23,3872.14,3872.14,3896.36,2301978,8969335000.08,219603,1474417,0.6405
2026-03-20,TCS,EQ,3872.14,3892.31,3907.17,3869.15,3882.77,3882.77,3886.36,2815633,10942563465.88,96093,1144273,0.4064
2026-03-23,TCS,EQ,3882.77,3901.77,3951.65,3837.16,3909.63,3909.63,3899.48,3542317,13813194295.16,129033,2094572,0.5913
2026-03-24,TCS,EQ,3909.63,3892.11,3953.31,3874.18,3912.92,3912.92,3913.47,2429240,9506757862.8,186550,1276566,0.5255
2026-03-25,TCS,EQ,3912.92,3926.50,3973.06,3853.31,3945.83,3945.83,3924.07,1922310,7543279001.7,140987,921555,0.4794
2026-03-26,TCS,EQ,3945.83,3948.15,3983.75,3847.42,3896.49,3896.49,3909.22,1874955,7329611585.1,170020,1166972,0.6224
2026-03-27,TCS,EQ,3896.49,3897.06,3969.09,3862.09,3884.98,3884.98,3905.39,3816931,14906604158.09,158844,2335580,0.6119
2026-03-30,TCS,EQ,3884.98,3874.47,3919.26,3790.26,3845.51,3845.51,3851.68,1914887,7375531960.16,173806,1044571,0.5455
2026-03-31,TCS,EQ,3845.51,3848.22,3891.06,3799.46,3880.57,3880.57,3857.03,1677602,6470561242.06,66779,694863,0.4142
2026-04-01,TCS,EQ,3880.57,3912.32,3923.63,3844.99,3872.12,3872.12,3880.25,1551394,6019796568.5,173038,760183,0.49
2026-04-02,TCS,EQ,3872.12,3857.68,3887.26,3832.46,3873.13,3873.13,3864.28,2699834,10432914529.52,120596,1392304,0.5157
2026-04-03,TCS,EQ,3873.13,3878.92,3931.16,3813.30,3831.05,3831.05,3858.50,1956770,7550197045.0,66983,788383,0.4029
2026-04-06,TCS,EQ,3831.05,3813.67,3827.08,3715.41,3751.12,3751.12,3764.54,1507143,5673700109.22,210639,841137,0.5581
2026-04-07,TCS,EQ,3751.12,3740.56,3750.39,3676.55,3687.20,3687.20,3704.71,3056696,11324172238.16,175964,1594067,0.5215
2026-04-08,TCS,EQ,3687.20,3684.04,3705.82,3643.75,3665.46,3665.46,3671.68,2904597,10664750712.96,168716,1522880,0.5243
2026-04-09,TCS,EQ,3665.46,3670.62,3690.75,3594.34,3667.94,3667.94,3651.01,3580471,13072335425.71,176954,2163321,0.6042
2026-04-10,TCS,EQ,3667.94,3655.30,3728.24,3646.54,3689.85,3689.85,3688.21,2032628,7496758915.88,216361,1232992,0.6066
2026-04-13,TCS,EQ,3689.85,3693.39,3737.28,3638.95,3686.42,3686.42,3687.55,2882970,10631096023.5,101394,1196433,0.415
2026-04-14,TCS,EQ,3686.42,3679.13,3702.59,3594.16,3606.42,3606.42,3634.39,2381067,8653726094.13,109951,1421259,0.5969
2026-04-15,TCS,EQ,3606.42,3595.44,3648.77,3503.98,3530.06,3530.06,3560.94,2173566,7739938112.04,78959,844213,0.3884
2026-04-16,TCS,EQ,3530.06,3513.40,3627.74,3490.98,3608.10,3608.10,3575.61,2358194,8431982048.34,183809,1407370,0.5968
2026-04-17,TCS,EQ,3608.10,3615.43,3636.31,3562.04,3592.78,3592.78,3597.04,2058241,7403575206.64,183724,880721,0.4279
2026-04-20,TCS,EQ,3592.78,3606.76,3642.94,3526.17,3561.93,3561.93,3577.01,1467905,5250710864.05,131937,813219,0.554
2026-04-21,TCS,EQ,3561.93,3571.63,3586.04,3550.90,3561.45,3561.45,3566.13,1577860,5626853881.8,135919,696783,0.4416
2026-04-22,TCS,EQ,3561.45,3574.75,3670.46,3530.08,3598.64,3598.64,3599.73,1077760,3879645004.8,87132,592876,0.5501
2026-04-23,TCS,EQ,3598.64,3596.85,3702.04,3574.21,3667.36,3667.36,3647.87,2245899,8192747585.13,76007,1295884,0.577
2026-04-24,TCS,EQ,3667.36,3636.49,3674.37,3621.09,3640.59,3640.59,3645.35,2629667,9586056598.45,101331,1301948,0.4951
2026-04-27,TCS,EQ,3640.59,3639.38,3677.50,3578.51,3623.14,3623.14,3626.38,2983242,10818369123.96,143550,1849610,0.62
2026-04-28,TCS,EQ,3623.14,3615.17,3716.02,3580.26,3646.34,3646.34,3647.54,1879989,6857335077.06,152041,1146229,0.6097
2026-04-29,TCS,EQ,3646.34,3616.34,3637.77,3536.44,3555.57,3555.57,3576.59,1825041,6527423390.19,65363,780023,0.4274
2026-04-30,TCS,EQ,3555.57,3520.57,3563.82,3511.96,3542.43,3542.43,3539.40,2204655,7803155907.0,203947,899720,0.4081
2026-05-01,TCS,EQ,3542.43,3562.80,3579.22,3543.40,3568.82,3568.82,3563.81,2040680,7272595790.8,179963,876880,0.4297
2026-05-04,TCS,EQ,3568.82,3560.16,3658.25,3525.01,3640.75,3640.75,3608.00,1621745,5851255960.0,76187,651941,0.402
2026-05-05,TCS,EQ,3640.75,3655.53,3682.67,3596.72,3622.54,3622.54,3633.98,1882579,6841254434.42,66097,1012263,0.5377
2026-05-06,TCS,EQ,3622.54,3603.32,3622.14,3561.13,3582.05,3582.05,3588.44,2389493,8574552260.92,148500,1405022,0.588
2026-05-07,TCS,EQ,3582.05,3576.35,3621.21,3558.99,3593.51,3593.51,3591.24,2802644,10064967238.56,134359,1596386,0.5696
2026-05-08,TCS,EQ,3593.51,3597.37,3668.07,3578.27,3650.24,3650.24,3632.19,5155188,18724622301.72,214288,2887936,0.5602
2026-05-11,TCS,EQ,3650.24,3670.34,3697.50,3621.59,3633.00,3633.00,3650.70,1766450,6448779015.0,88856,729367,0.4129
2026-05-12,TCS,EQ,3633.00,3618.64,3687.02,3602.79,3613.84,3613.84,3634.55,4563385,16585850951.75,184320,1965450,0.4307
2026-05-13,TCS,EQ,3613.84,3638.29,3735.03,3597.01,3714.94,3714.94,3682.33,2322200,8551106726.0,119196,1235178,0.5319
2026-05-14,TCS,EQ,3714.94,3743.96,3790.52,3735.11,3775.61,3775.61,3767.08,2704838,10189341133.04,95029,1362156,0.5036
2026-05-15,TCS,EQ,3775.61,3770.47,3835.36,3665.23,3716.62,3716.62,3739.07,3000649,11219636656.43,88700,1509627,0.5031
2026-05-18,TCS,EQ,3716.62,3719.57,3734.22,3697.74,3706.16,3706.16,3712.71,2182182,8101808933.22,117840,1023007,0.4688
2026-05-19,TCS,EQ,3706.16,3690.38,3825.48,3681.59,3771.18,3771.18,3759.42,1886279,7091314998.18,124492,1119507,0.5935
2026-05-20,TCS,EQ,3771.18,3766.65,3879.06,3747.55,3828.76,3828.76,3818.46,4939780,18862352338.8,75952,3121941,0.632
2026-05-21,TCS,EQ,3828.76,3817.47,3829.21,3795.25,3816.15,3816.15,3813.54,2266031,8641599859.74,128443,992522,0.438
2026-05-22,TCS,EQ,3816.15,3818.29,3843.74,3753.99,3819.42,3819.42,3805.72,2044420,7780490082.4,171342,1113596,0.5447
2026-05-25,TCS,EQ,3819.42,3820.77,3900.61,3776.89,3865.76,3865.76,3847.75,2681181,10316514192.75,64403,1584578,0.591
2026-05-26,TCS,EQ,3865.76,3884.12,3939.66,3851.23,3881.84,3881.84,3890.91,1590855,6189873628.05,202445,909492,0.5717
2026-05-27,TCS,EQ,3881.84,3867.54,3894.88,3845.43,3884.94,3884.94,3875.08,3095686,11996030904.88,164836,1583753,0.5116
2026-05-28,TCS,EQ,3884.94,3877.55,3888.05,3839.48,3876.06,3876.06,3867.86,1461103,5651341849.58,106850,708635,0.485
2026-05-29,TCS,EQ,3876.06,3867.72,3933.46,3804.57,3904.39,3904.39,3880.81,3904958,15154400055.98,152074,1836111,0.4702
2026-06-01,TCS,EQ,3904.39,3906.64,3973.77,3839.73,3868.14,3868.14,3893.88,1250713,4870126336.44,77214,621104,0.4966
2026-06-02,TCS,EQ,3868.14,3868.99,3883.38,3823.34,3861.25,3861.25,3855.99,2018141,7781931514.59,95490,1047415,0.519
2026-06-03,TCS,EQ,3861.25,3875.55,3903.18,3793.63,3842.08,3842.08,3846.30,2384755,9172483156.5,204621,972742,0.4079
2026-06-04,TCS,EQ,3842.08,3873.22,3953.38,3852.32,3895.83,3895.83,3900.51,2063156,8047360609.56,120720,1227578,0.595
2026-06-05,TCS,EQ,3895.83,3882.01,3925.81,3855.98,3908.11,3908.11,3896.63,3034826,11825594036.38,76038,1940468,0.6394
2026-06-08,TCS,EQ,3908.11,3892.47,3964.92,3862.85,3919.24,3919.24,3915.67,2259731,8848360884.77,142727,1021172,0.4519
2026-06-09,TCS,EQ,3919.24,3917.28,3999.59,3902.33,3953.22,3953.22,3951.71,4539500,17938787545.0,216119,2804503,0.6178
2026-06-10,TCS,EQ,3953.22,3946.60,3989.87,3873.30,3943.11,3943.11,3935.43,2025158,7969867547.94,100484,1159808,0.5727
2026-06-11,TCS,EQ,3943.11,3909.18,3973.60,3879.72,3936.84,3936.84,3930.05,2421140,9515201257.0,192210,1397240,0.5771
2026-06-12,TCS,EQ,3936.84,3919.34,4016.93,3903.68,3965.28,3965.28,3961.96,3656782,14488024012.72,201716,1996603,0.546
2026-06-15,TCS,EQ,3965.28,3962.81,4037.34,3933.02,4017.24,4017.24,3995.87,1766424,7058400668.88,165335,768924,0.4353
2026-06-16,TCS,EQ,4017.24,4005.54,4025.55,3934.16,3969.09,3969.09,3976.27,1985103,7893305505.81,104765,1207538,0.6083
2026-06-17,TCS,EQ,3969.09,3996.42,4043.69,3963.71,3983.81,3983.81,3997.07,3671460,14675082622.2,135365,2248769,0.6125
2026-06-18,TCS,EQ,3983.81,3978.30,4099.64,3943.32,4052.86,4052.86,4031.94,2274118,9169107328.92,129364,1333998,0.5866
2026-06-19,TCS,EQ,4052.86,4036.79,4049.84,3963.07,3975.91,3975.91,3996.27,2247036,8979762555.72,131999,1175200,0.523
2026-06-22,TCS,EQ,3975.91,3980.34,4038.47,3950.04,4015.85,4015.85,4001.45,1600935,6406061355.75,80007,646297,0.4037
2026-06-23,TCS,EQ,4015.85,4045.01,4100.62,3924.76,3943.74,3943.74,3989.71,2473389,9868104827.19,188368,983172,0.3975
2026-06-24,TCS,EQ,3943.74,3913.07,3941.84,3873.28,3890.99,3890.99,3902.04,3203886,12501691327.44,163495,1724331,0.5382
2026-06-25,TCS,EQ,3890.99,3895.59,3945.05,3880.29,3923.50,3923.50,3916.28,2801835,10972770373.8,140422,1333113,0.4758
2026-06-26,TCS,EQ,3923.50,3923.57,3955.36,3883.42,3896.32,3896.32,3911.70,3569920,13964456064.0,113035,2282250,0.6393
2026-06-29,TCS,EQ,3896.32,3888.35,3925.03,3842.57,3861.30,3861.30,3876.30,1651384,6401259799.2,158466,939307,0.5688
2026-06-30,TCS,EQ,3861.30,3882.42,3939.33,3851.53,3887.96,3887.96,3892.94,3617018,14080834052.92,129821,1688786,0.4669
2026-07-01,TCS,EQ,3887.96,3898.65,3961.01,3853.71,3921.68,3921.68,3912.13,4221778,16516144367.14,115207,2403036,0.5692
2026-07-02,TCS,EQ,3921.68,3935.62,3989.45,3919.63,3934.33,3934.33,3947.80,2593198,10237427064.4,169347,1187944,0.4581
2026-07-03,TCS,EQ,3934.33,3935.06,3968.97,3910.12,3946.86,3946.86,3941.98,4216193,16620148482.14,67629,2101351,0.4984
2026-07-06,TCS,EQ,3946.86,3929.32,3959.40,3896.08,3908.91,3908.91,3921.46,3159613,12390295994.98,115848,1934631,0.6123
2026-07-07,TCS,EQ,3908.91,3902.68,3970.48,3850.68,3958.42,3958.42,3926.53,1886946,7409150077.38,207303,857051,0.4542
2026-07-08,TCS,EQ,3958.42,3987.28,4009.96,3951.01,3992.18,3992.18,3984.38,1490364,5938176514.32,105248,886319,0.5947
2026-07-09,TCS,EQ,3992.18,3974.29,4005.29,3915.99,3956.82,3956.82,3959.37,2771746,10974367960.02,106777,1793042,0.6469
2026-07-10,TCS,EQ,3956.82,3959.26,4027.49,3922.74,4002.00,4002.00,3984.08,2373748,9457201931.84,104812,970626,0.4089
2026-07-13,TCS,EQ,4002.00,3984.16,4140.87,3962.69,4075.10,4075.10,4059.55,2979825,12096748578.75,85866,1469948,0.4933
2026-07-14,TCS,EQ,4075.10,4091.40,4111.71,3993.99,4053.17,4053.17,4052.96,1835952,7441040017.92,192707,763205,0.4157
2026-07-15,TCS,EQ,4053.17,4058.48,4080.15,4036.61,4044.98,4044.98,4053.91,2778730,11264721334.3,179365,1258765,0.453
2026-07-16,TCS,EQ,4044.98,4034.39,4087.17,3947.60,3976.84,3976.84,4003.87,3177231,12721219883.97,215909,2017542,0.635
2026-07-17,TCS,EQ,3976.84,3965.61,4081.94,3909.54,4049.06,4049.06,4013.51,1668573,6696834421.23,67441,943578,0.5655
2026-07-20,TCS,EQ,4049.06,4038.29,4054.15,3983.53,4012.53,4012.53,4016.74,4212684,16921256330.16,187528,1691393,0.4015
2026-07-21,TCS,EQ,4012.53,3996.28,4072.19,3987.11,4031.50,4031.50,4030.27,2640222,10640807519.94,212240,1184140,0.4485
2026-07-22,TCS,EQ,4031.50,4040.42,4097.45,3992.19,4031.46,4031.46,4040.37,4630781,18710068628.97,129451,2068107,0.4466
2026-07-23,TCS,EQ,4031.46,4046.42,4075.20,3930.03,3994.45,3994.45,3999.89,2365923,9463431748.47,145895,1031306,0.4359
2026-07-24,TCS,EQ,3994.45,3997.87,4068.59,3978.24,4035.82,4035.82,4027.55,2248149,9054532504.95,120369,959960,0.427
2026-07-27,TCS,EQ,4035.82,4050.75,4092.95,4013.72,4065.47,4065.47,4057.38,2465556,10003697603.28,202413,1377013,0.5585
2026-07-28,TCS,EQ,4065.47,4053.45,4100.23,3966.00,4076.82,4076.82,4047.68,1213228,4910758711.04,182415,591449,0.4875
2026-07-29,TCS,EQ,4076.82,4103.75,4146.46,4062.92,4077.73,4077.73,4095.70,1555246,6369821042.2,110132,795508,0.5115
2026-07-30,TCS,EQ,4077.73,4106.23,4198.90,4092.26,4151.86,4151.86,4147.67,3830972,15889607635.24,132675,2393208,0.6247
2026-07-31,TCS,EQ,4151.86,4134.01,4159.95,4075.89,4148.71,4148.71,4128.18,2148446,8869171808.28,136473,1076801,0.5012
2026-08-03,TCS,EQ,4148.71,4154.28,4183.34,4078.81,4120.31,4120.31,4127.49,4109717,16962815820.33,103310,2217192,0.5395
2026-08-04,TCS,EQ,4120.31,4136.50,4215.07,4086.54,4172.18,4172.18,4157.93,2807653,11674024638.29,155228,1460541,0.5202
2026-08-05,TCS,EQ,4172.18,4205.05,4235.31,4162.57,4219.23,4219.23,4205.70,1194618,5024204922.6,114085,454672,0.3806
2026-08-06,TCS,EQ,4219.23,4231.05,4257.22,4217.45,4246.62,4246.62,4240.43,1927795,8174679751.85,160064,955801,0.4958
2026-08-07,TCS,EQ,4246.62,4204.98,4267.58,4179.49,4245.54,4245.54,4230.87,1488391,6297188830.17,122523,889611,0.5977
2026-08-10,TCS,EQ,4245.54,4205.34,4279.08,4133.25,4250.19,4250.19,4220.84,2493927,10526466838.68,73947,1324774,0.5312
2026-08-11,TCS,EQ,4250.19,4273.56,4300.03,4164.97,4235.55,4235.55,4233.52,3549728,15027844482.56,116115,1665887,0.4693
2026-08-12,TCS,EQ,4235.55,4236.32,4270.33,4174.12,4211.84,4211.84,4218.76,2471521,10426753933.96,174260,1060530,0.4291
2026-08-13,TCS,EQ,4211.84,4208.31,4229.95,4159.52,4188.98,4188.98,4192.82,2234102,9367187547.64,177976,1064326,0.4764
2026-08-14,TCS,EQ,4188.98,4214.96,4305.69,4183.00,4251.45,4251.45,4246.71,2489116,10570553808.36,165854,1272934,0.5114
2026-08-17,TCS,EQ,4251.45,4283.85,4302.59,4201.17,4275.44,4275.44,4259.73,2793719,11900488635.87,62393,1786304,0.6394
2026-08-18,TCS,EQ,4275.44,4268.15,4315.49,4198.38,4303.72,4303.72,4272.53,2260433,9657767805.49,208771,1147170,0.5075
2026-08-19,TCS,EQ,4303.72,4321.37,4332.53,4256.43,4283.27,4283.27,4290.74,1617818,6941636405.32,173356,930245,0.575
2026-08-20,TCS,EQ,4283.27,4303.27,4343.13,4265.64,4324.35,4324.35,4311.04,1971725,8500185344.0,199370,1223258,0.6204
2026-08-21,TCS,EQ,4324.35,4298.69,4336.15,4260.68,4308.62,4308.62,4301.82,1734097,7459773156.54,111909,1110863,0.6406
2026-08-24,TCS,EQ,4308.62,4298.64,4331.15,4257.11,4273.83,4273.83,4287.36,2115399,9069477056.64,111974,1294201,0.6118
2026-08-25,TCS,EQ,4273.83,4272.74,4354.23,4260.29,4274.20,4274.20,4296.24,1985566,8530468071.84,103411,916736,0.4617
2026-08-26,TCS,EQ,4274.20,4274.63,4364.16,4226.23,4335.62,4335.62,4308.67,1917342,8261193955.14,118411,1038816,0.5418
2026-08-27,TCS,EQ,4335.62,4349.60,4378.71,4223.40,4318.87,4318.87,4306.99,1746567,7522446603.33,137900,1099464,0.6295
2026-08-28,TCS,EQ,4318.87,4306.20,4336.44,4247.18,4271.31,4271.31,4284.98,1947385,8344505777.3,211998,780901,0.401
2026-08-31,TCS,EQ,4271.31,4254.31,4295.16,4132.07,4147.52,4147.52,4191.58,2736416,11469906577.28,206340,1237407,0.4522
2026-09-01,TCS,EQ,4147.52,4145.55,4171.93,4055.37,4071.29,4071.29,4099.53,1316020,5395063470.6,67766,687357,0.5223
2026-09-02,TCS,EQ,4071.29,4061.58,4095.19,3989.16,4068.17,4068.17,4050.84,1466284,5939681878.56,171707,619505,0.4225
2026-09-03,TCS,EQ,4068.17,4073.91,4165.16,4045.60,4123.28,4123.28,4111.35,1962640,8069099964.0,149753,1011348,0.5153
2026-09-04,TCS,EQ,4123.28,4145.09,4169.35,4095.91,4126.76,4126.76,4130.67,3082547,12732984416.49,70440,1471300,0.4773
2026-09-07,TCS,EQ,4126.76,4136.47,4170.38,4091.68,4136.70,4136.70,4132.92,2432141,10051844181.72,85140,1327949,0.546
2026-09-08,TCS,EQ,4136.70,4119.87,4182.47,4085.22,4173.00,4173.00,4146.90,2851256,11823873506.4,76658,1454996,0.5103
2026-09-09,TCS,EQ,4173.00,4197.47,4257.13,4183.09,4239.15,4239.15,4226.46,2749244,11619569796.24,159564,1519782,0.5528
2026-09-10,TCS,EQ,4239.15,4248.92,4281.57,4200.33,4219.05,4219.05,4233.65,1631305,6906374413.25,74351,648933,0.3978
2026-09-11,TCS,EQ,4219.05,4224.35,4275.69,4128.30,4178.07,4178.07,4194.02,3453535,14484194860.7,154721,2228911,0.6454
2026-09-14,TCS,EQ,4178.07,4175.89,4205.93,4110.17,4127.25,4127.25,4147.78,3358243,13929253150.54,125107,1313409,0.3911
2026-09-15,TCS,EQ,4127.25,4119.77,4185.93,4062.17,4137.13,4137.13,4128.41,2349593,9700083237.13,101493,1222258,0.5202
2025-10-01,INFY,EQ,1667.46,1667.46,1677.56,1642.94,1649.62,1649.62,1656.71,6982868,11568587244.28,152095,3210024,0.4597
2025-10-02,INFY,EQ,1649.62,1636.91,1678.50,1624.90,1666.25,1666.25,1656.55,5089535,8431069204.25,195329,2338641,0.4595
2025-10-03,INFY,EQ,1666.25,1672.28,1706.71,1648.86,1682.70,1682.70,1679.42,5510971,9255234916.82,105079,3011195,0.5464
2025-10-06,INFY,EQ,1682.70,1678.67,1722.92,1664.97,1708.83,1708.83,1698.91,5630278,9565335596.98,160902,3196872,0.5678
2025-10-07,INFY,EQ,1708.83,1703.07,1710.75,1688.17,1692.39,1692.39,1697.10,6096395,10346191954.5,99857,2501961,0.4104
2025-10-08,INFY,EQ,1692.39,1690.22,1705.10,1682.85,1698.09,1698.09,1695.35,6393377,10839011696.95,157408,3856485,0.6032
2025-10-09,INFY,EQ,1698.09,1715.88,1744.62,1703.23,1729.90,1729.90,1725.92,6040120,10424763910.4,99058,3577563,0.5923
2025-10-10,INFY,EQ,1729.90,1740.22,1766.23,1703.49,1707.82,1707.82,1725.85,9816458,16941734039.3,178321,4509681,0.4594
2025-10-13,INFY,EQ,1707.82,1708.65,1748.99,1690.29,1699.56,1699.56,1712.95,6400923,10964461052.85,163086,2971308,0.4642
2025-10-14,INFY,EQ,1699.56,1700.80,1747.08,1689.32,1735.57,1735.57,1723.99,4952823,8538617323.77,145339,1994997,0.4028
2025-10-15,INFY,EQ,1735.57,1729.92,1822.11,1696.54,1808.10,1808.10,1775.58,2748139,4879540645.62,135858,1736549,0.6319
2025-10-16,INFY,EQ,1808.10,1805.57,1812.15,1788.04,1795.98,1795.98,1798.72,3969428,7139889532.16,171244,1901753,0.4791
2025-10-17,INFY,EQ,1795.98,1804.77,1866.02,1786.05,1848.00,1848.00,1833.36,9072826,16633756275.36,115998,4201626,0.4631
2025-10-20,INFY,EQ,1848.00,1846.72,1900.16,1830.14,1888.48,1888.48,1872.93,5354514,10028629906.02,81311,3188613,0.5955
2025-10-21,INFY,EQ,1888.48,1903.58,1936.93,1896.92,1920.05,1920.05,1917.97,5698156,10928892263.32,98441,3282708,0.5761
2025-10-22,INFY,EQ,1920.05,1918.92,1922.89,1879.16,1895.63,1895.63,1899.23,7917162,15036511585.26,175292,3830323,0.4838
2025-10-23,INFY,EQ,1895.63,1886.65,1892.57,1861.12,1881.62,1881.62,1878.44,8719054,16378219795.76,197648,5115469,0.5867
2025-10-24,INFY,EQ,1881.62,1878.41,1896.19,1835.38,1885.20,1885.20,1872.26,3977188,7446330004.88,68510,2043479,0.5138
2025-10-27,INFY,EQ,1885.20,1886.79,1924.06,1878.35,1906.85,1906.85,1903.09,7081424,13476587200.16,179186,3472022,0.4903
2025-10-28,INFY,EQ,1906.85,1899.90,1920.15,1859.45,1874.40,1874.40,1884.67,5381157,10141705163.19,188815,3194793,0.5937
2025-10-29,INFY,EQ,1874.40,1869.60,1886.60,1818.44,1852.52,1852.52,1852.52,4501549,8339209553.48,120916,1715090,0.381
2025-10-30,INFY,EQ,1852.52,1845.14,1889.07,1815.02,1858.70,1858.70,1854.26,6698062,12419948444.12,172381,2639036,0.394
2025-10-31,INFY,EQ,1858.70,1848.35,1880.83,1840.28,1869.87,1869.87,1863.66,15625703,29120997652.98,179638,6595609,0.4221
2025-11-03,INFY,EQ,1869.87,1855.56,1870.46,1800.45,1824.11,1824.11,1831.67,6182218,11323783244.06,189671,2783235,0.4502
2025-11-04,INFY,EQ,1824.11,1821.82,1857.46,1814.26,1819.88,1819.88,1830.53,5350210,9793719911.3,152013,2633373,0.4922
2025-11-05,INFY,EQ,1819.88,1810.08,1819.47,1783.83,1792.62,1792.62,1798.64,5450592,9803652794.88,136903,3236562,0.5938
2025-11-06,INFY,EQ,1792.62,1788.56,1800.37,1753.09,1763.13,1763.13,1772.20,9996157,17715189435.4,81906,5933719,0.5936
2025-11-07,INFY,EQ,1763.13,1765.49,1794.50,1754.59,1765.41,1765.41,1771.50,4412854,7817370861.0,66093,2445604,0.5542
2025-11-10,INFY,EQ,1765.41,1766.26,1774.08,1730.36,1746.37,1746.37,1750.27,3402643,5955543963.61,101837,2170206,0.6378
2025-11-11,INFY,EQ,1746.37,1739.13,1770.14,1734.98,1754.21,1754.21,1753.11,4588590,8044303014.9,205494,2703138,0.5891
2025-11-12,INFY,EQ,1754.21,1749.04,1761.40,1735.35,1745.00,1745.00,1747.25,5993766,10472607643.5,113398,2898585,0.4836
2025-11-13,INFY,EQ,1745.00,1746.26,1774.04,1696.19,1729.67,1729.67,1733.30,8449047,14644733165.1,197907,5043236,0.5969
2025-11-14,INFY,EQ,1729.67,1719.24,1741.18,1700.68,1713.62,1713.62,1718.49,4369936,7509691316.64,124264,1941563,0.4443
2025-11-17,INFY,EQ,1713.62,1708.88,1736.21,1705.44,1711.75,1711.75,1717.80,5024832,8631656409.6,175573,2684768,0.5343
2025-11-18,INFY,EQ,1711.75,1695.81,1745.26,1689.40,1741.08,1741.08,1725.25,2975674,5133781568.5,105843,1663402,0.559
2025-11-19,INFY,EQ,1741.08,1740.39,1751.55,1714.69,1731.39,1731.39,1732.54,8008149,13874438468.46,113748,3851119,0.4809
2025-11-20,INFY,EQ,1731.39,1734.52,1743.09,1715.23,1722.81,1722.81,1727.04,10470157,18082379945.28,120822,4149323,0.3963
2025-11-21,INFY,EQ,1722.81,1724.25,1759.14,1709.33,1754.86,1754.86,1741.11,6117898,10651933386.78,102377,3072408,0.5022
2025-11-24,INFY,EQ,1754.86,1748.45,1788.42,1744.43,1763.45,1763.45,1765.43,5019373,8861351675.39,187961,3101471,0.6179
2025-11-25,INFY,EQ,1763.45,1760.75,1791.77,1752.03,1780.72,1780.72,1774.84,8768963,15563506290.92,137321,4659827,0.5314
2025-11-26,INFY,EQ,1780.72,1786.74,1794.21,1773.31,1780.58,1780.58,1782.70,6149255,10962276888.5,64382,2387141,0.3882
2025-11-27,INFY,EQ,1780.58,1771.90,1782.43,1763.41,1777.81,1777.81,1774.55,5380141,9547329211.55,118856,2253203,0.4188
2025-11-28,INFY,EQ,1777.81,1765.22,1815.37,1733.35,1777.24,1777.24,1775.32,5727020,10167293146.4,64013,3022721,0.5278
2025-12-01,INFY,EQ,1777.24,1789.99,1854.69,1783.46,1844.08,1844.08,1827.41,8035170,14683550009.7,82506,3068631,0.3819
2025-12-02,INFY,EQ,1844.08,1846.89,1887.03,1840.88,1867.69,1867.69,1865.20,3684972,6873209774.4,74495,1636128,0.444
2025-12-03,INFY,EQ,1867.69,1865.94,1885.67,1856.46,1864.99,1864.99,1869.04,11807529,22068744002.16,188639,6272159,0.5312
2025-12-04,INFY,EQ,1864.99,1861.06,1903.70,1838.30,1899.48,1899.48,1880.49,5860020,11019709009.8,211211,3657238,0.6241
2025-12-05,INFY,EQ,1899.48,1885.39,1912.75,1880.23,1892.56,1892.56,1895.18,12688284,24046582071.12,195978,6987438,0.5507
2025-12-08,INFY,EQ,1892.56,1892.53,1944.26,1885.86,1921.34,1921.34,1917.15,5452548,10453352398.2,65750,2176112,0.3991
2025-12-09,INFY,EQ,1921.34,1918.27,1970.15,1912.71,1949.13,1949.13,1944.00,5135657,9983717208.0,74621,2997683,0.5837
2025-12-10,INFY,EQ,1949.13,1974.40,1993.79,1944.12,1957.34,1957.34,1965.08,4724174,9283379843.92,99637,1940218,0.4107
2025-12-11,INFY,EQ,1957.34,1959.25,2029.81,1948.49,1991.21,1991.21,1989.84,12228233,24332227152.72,125071,5554063,0.4542
2025-12-12,INFY,EQ,1991.21,1995.20,2029.64,1967.40,2015.79,2015.79,2004.28,7743239,15519619062.92,118291,3136012,0.405
2025-12-15,INFY,EQ,2015.79,2013.03,2053.70,1956.60,1984.39,1984.39,1998.23,5321147,10632875569.81,206685,2401434,0.4513
2025-12-16,INFY,EQ,1984.39,1985.10,2035.93,1975.97,2002.30,2002.30,2004.73,5370386,10766173925.78,90545,2863490,0.5332
2025-12-17,INFY,EQ,2002.30,2004.76,2063.26,1986.21,2032.88,2032.88,2027.45,7467893,15140779662.85,185910,4088671,0.5475
2025-12-18,INFY,EQ,2032.88,2037.55,2102.99,2023.71,2091.84,2091.84,2072.85,7539287,15627811057.95,91365,3399465,0.4509
2025-12-19,INFY,EQ,2091.84,2074.13,2092.74,2059.32,2078.77,2078.77,2076.94,5658433,11752225835.02,182698,2922015,0.5164
2025-12-22,INFY,EQ,2078.77,2077.14,2114.55,2064.29,2109.31,2109.31,2096.05,10239204,21461883544.2,140305,5625419,0.5494
2025-12-23,INFY,EQ,2109.31,2105.61,2116.23,2051.40,2076.02,2076.02,2081.22,6901492,14363523180.24,92995,4220262,0.6115
2025-12-24,INFY,EQ,2076.02,2052.15,2119.59,2041.09,2094.08,2094.08,2084.92,6713689,13997504469.88,83534,4200084,0.6256
2025-12-25,INFY,EQ,2094.08,2096.03,2120.88,2048.64,2068.76,2068.76,2079.43,3399512,7069047238.16,130648,1522981,0.448
2025-12-26,INFY,EQ,2068.76,2066.92,2075.95,2018.25,2055.79,2055.79,2050.00,3980991,8161031550.0,191732,2288274,0.5748
2025-12-29,INFY,EQ,2055.79,2049.90,2064.03,2037.22,2057.43,2057.43,2052.89,8760037,17983392356.93,94200,3945521,0.4504
2025-12-30,INFY,EQ,2057.43,2061.92,2096.38,2047.04,2088.78,2088.78,2077.40,6579573,13668404950.2,64446,2858824,0.4345
2025-12-31,INFY,EQ,2088.78,2087.52,2109.62,2055.95,2093.84,2093.84,2086.47,5132497,10708801015.59,107684,2331693,0.4543
2026-01-01,INFY,EQ,2093.84,2097.81,2107.47,2079.55,2086.49,2086.49,2091.17,5701288,11922362426.96,103842,3298765,0.5786
2026-01-02,INFY,EQ,2086.49,2072.22,2135.19,2052.27,2101.28,2101.28,2096.25,5698043,11944522638.75,73086,3687204,0.6471
2026-01-05,INFY,EQ,2101.28,2109.24,2166.67,2084.95,2148.65,2148.65,2133.42,8000092,17067556274.64,62963,5084858,0.6356
2026-01-06,INFY,EQ,2148.65,2158.15,2183.77,2121.90,2166.87,2166.87,2157.51,7686730,16584196842.3,80095,4318405,0.5618
2026-01-07,INFY,EQ,2166.87,2162.07,2168.27,2155.08,2160.59,2160.59,2161.31,4945311,10688350117.41,96635,2727834,0.5516
2026-01-08,INFY,EQ,2160.59,2167.61,2210.58,2159.91,2187.76,2187.76,2186.08,6834086,14939858722.88,171125,2847080,0.4166
2026-01-09,INFY,EQ,2187.76,2165.40,2192.52,2133.78,2177.72,2177.72,2168.01,5774206,12518536350.06,87075,3621005,0.6271
2026-01-12,INFY,EQ,2177.72,2179.60,2221.85,2139.24,2151.21,2151.21,2170.77,6478565,14063474545.05,117010,3120725,0.4817
2026-01-13,INFY,EQ,2151.21,2128.70,2155.35,2101.04,2145.34,2145.34,2133.91,8049653,17177235033.23,124525,3982968,0.4948
2026-01-14,INFY,EQ,2145.34,2160.83,2215.04,2150.96,2207.76,2207.76,2191.25,6872338,15059010642.5,157294,3214192,0.4677
2026-01-15,INFY,EQ,2207.76,2222.27,2254.39,2211.18,2247.15,2247.15,2237.57,4517740,10108759491.8,210976,2015816,0.4462
2026-01-16,INFY,EQ,2247.15,2252.92,2295.15,2248.16,2286.32,2286.32,2276.54,3153144,7178258441.76,79710,1345762,0.4268
2026-01-19,INFY,EQ,2286.32,2283.48,2293.63,2276.04,2286.90,2286.90,2285.52,6169703,14100979600.56,143368,2511686,0.4071
2026-01-20,INFY,EQ,2286.90,2274.80,2288.66,2217.21,2237.12,2237.12,2247.66,4366099,9813506078.34,102784,2710474,0.6208
2026-01-21,INFY,EQ,2237.12,2242.75,2300.99,2218.62,2263.58,2263.58,2261.06,6252778,14137906224.68,70368,3811068,0.6095
2026-01-22,INFY,EQ,2263.58,2265.66,2285.36,2230.71,2249.54,2249.54,2255.20,11135060,25111787312.0,192498,6338076,0.5692
2026-01-23,INFY,EQ,2249.54,2256.27,2265.14,2179.78,2213.05,2213.05,2219.32,11444373,25398725886.36,180716,6337894,0.5538
2026-01-26,INFY,EQ,2213.05,2206.00,2232.41,2166.30,2178.74,2178.74,2192.48,5603567,12285708576.16,194979,3547618,0.6331
2026-01-27,INFY,EQ,2178.74,2183.03,2208.07,2163.85,2180.28,2180.28,2184.07,3998966,8734021671.62,75815,1608784,0.4023
2026-01-28,INFY,EQ,2180.28,2194.96,2201.53,2178.28,2190.19,2190.19,2190.00,6843142,14986480980.0,117487,3116367,0.4554
2026-01-29,INFY,EQ,2190.19,2181.19,2215.19,2155.18,2177.98,2177.98,2182.78,4549154,9929802368.12,62169,2623497,0.5767
2026-01-30,INFY,EQ,2177.98,2183.03,2255.87,2145.55,2227.44,2227.44,2209.62,11021075,24352387741.5,184798,5993261,0.5438
2026-02-02,INFY,EQ,2227.44,2234.30,2244.18,2211.62,2222.05,2222.05,2225.95,8118107,18070500276.65,157026,4212486,0.5189
2026-02-03,INFY,EQ,2222.05,2229.97,2245.85,2177.79,2215.62,2215.62,2213.09,4195788,9285656464.92,215168,1679574,0.4003
2026-02-04,INFY,EQ,2215.62,2210.70,2297.90,2178.07,2278.47,2278.47,2251.48,11316672,25479260674.56,133265,5848456,0.5168
2026-02-05,INFY,EQ,2278.47,2268.92,2306.98,2242.67,2295.12,2295.12,2281.59,7185384,16394100280.56,195104,2994868,0.4168
2026-02-06,INFY,EQ,2295.12,2302.96,2313.16,2260.39,2291.22,2291.22,2288.26,7586904,17360808947.04,97012,3434591,0.4527
2026-02-09,INFY,EQ,2291.22,2284.36,2301.19,2275.81,2286.73,2286.73,2287.91,7217226,16512363537.66,182910,4416221,0.6119
2026-02-10,INFY,EQ,2286.73,2294.82,2309.16,2193.46,2238.37,2238.37,2247.00,8118369,18241975143.0,193891,5207934,0.6415
2026-02-11,INFY,EQ,2238.37,2248.65,2253.64,2191.19,2209.40,2209.40,2218.08,4110899,9118302853.92,128807,1688757,0.4108
2026-02-12,INFY,EQ,2209.40,2219.65,2242.73,2162.16,2214.23,2214.23,2206.37,11272807,24871983180.59,88318,6112116,0.5422
2026-02-13,INFY,EQ,2214.23,2208.98,2261.21,2204.06,2233.15,2233.15,2232.81,5748810,12836000456.1,80450,2927869,0.5093
2026-02-16,INFY,EQ,2233.15,2234.02,2251.40,2192.16,2213.47,2213.47,2219.01,8087397,17946014816.97,213165,3767110,0.4658
2026-02-17,INFY,EQ,2213.47,2204.36,2237.35,2194.03,2215.02,2215.02,2215.47,5913349,13100847309.03,195687,2609561,0.4413
2026-02-18,INFY,EQ,2215.02,2224.96,2247.89,2207.97,2214.51,2214.51,2223.46,11091797,24662166957.62,131745,5721149,0.5158
2026-02-19,INFY,EQ,2214.51,2208.08,2226.15,2197.86,2216.85,2216.85,2213.62,3345683,7406070802.46,166906,2163988,0.6468
2026-02-20,INFY,EQ,2216.85,2222.36,2238.30,2187.24,2197.72,2197.72,2207.75,7344035,16213793271.25,122019,4498956,0.6126
2026-02-23,INFY,EQ,2197.72,2210.54,2251.35,2205.35,2227.10,2227.10,2227.93,3204989,7140491142.77,160101,1587111,0.4952
2026-02-24,INFY,EQ,2227.10,2235.57,2257.79,2210.64,2223.79,2223.79,2230.74,6699869,14945665773.06,114238,2859504,0.4268
2026-02-25,INFY,EQ,2223.79,2220.54,2279.61,2210.95,2255.64,2255.64,2248.73,10584309,23801253177.57,121519,5587457,0.5279
2026-02-26,INFY,EQ,2255.64,2248.25,2274.57,2208.53,2269.43,2269.43,2250.84,5125949,11537691047.16,138573,3209869,0.6262
2026-02-27,INFY,EQ,2269.43,2285.26,2342.22,2269.46,2337.07,2337.07,2316.25,10786374,24983938777.5,99603,4222865,0.3915
2026-03-02,INFY,EQ,2337.07,2326.84,2381.10,2307.77,2370.13,2370.13,2353.00,6150244,14471524132.0,187223,2469938,0.4016
2026-03-03,INFY,EQ,2370.13,2355.69,2371.74,2281.66,2292.88,2292.88,2315.43,5567030,12890068272.9,123055,3427620,0.6157
2026-03-04,INFY,EQ,2292.88,2294.61,2309.40,2216.42,2238.00,2238.00,2254.61,6787578,15303341234.58,115789,3462344,0.5101
2026-03-05,INFY,EQ,2238.00,2228.63,2279.31,2196.13,2237.62,2237.62,2237.69,6859769,15350036493.61,62397,4330572,0.6313
2026-03-06,INFY,EQ,2237.62,2230.61,2242.84,2182.25,2193.37,2193.37,2206.15,6047607,13341928183.05,125367,3519103,0.5819
2026-03-09,INFY,EQ,2193.37,2190.96,2225.00,2177.38,2198.62,2198.62,2200.33,12437189,27365920072.37,190008,6223569,0.5004
2026-03-10,INFY,EQ,2198.62,2206.89,2235.65,2161.36,2185.66,2185.66,2194.22,12669014,27798603899.08,204995,7494989,0.5916
2026-03-11,INFY,EQ,2185.66,2187.36,2209.54,2161.40,2184.59,2184.59,2185.18,6182955,13510869606.9,176685,2624046,0.4244
2026-03-12,INFY,EQ,2184.59,2178.34,2209.56,2157.05,2191.85,2191.85,2186.15,4067727,8892661381.05,114416,1859765,0.4572
2026-03-13,INFY,EQ,2191.85,2193.43,2212.88,2160.56,2194.13,2194.13,2189.19,14065719,30792531377.61,85782,6135467,0.4362
2026-03-16,INFY,EQ,2194.13,2201.75,2230.75,2145.91,2183.79,2183.79,2186.82,6692218,14634676166.76,123560,3038936,0.4541
2026-03-17,INFY,EQ,2183.79,2185.56,2205.82,2144.61,2158.02,2158.02,2169.48,7233742,15693458594.16,83228,3106169,0.4294
2026-03-18,INFY,EQ,2158.02,2167.67,2195.47,2105.08,2151.55,2151.55,2150.70,6104351,13128627695.7,70649,2908723,0.4765
2026-03-19,INFY,EQ,2151.55,2144.38,2164.57,2119.72,2132.08,2132.08,2138.79,4944857,10576010703.03,137027,2598028,0.5254
2026-03-20,INFY,EQ,2132.08,2138.42,2162.65,2097.31,2111.52,2111.52,2123.83,6296595,13372897358.85,114362,3318935,0.5271
2026-03-23,INFY,EQ,2111.52,2133.19,2150.45,2114.77,2123.44,2123.44,2129.55,4248694,9047806307.7,98656,1815042,0.4272
2026-03-24,INFY,EQ,2123.44,2116.20,2134.99,2105.24,2117.57,2117.57,2119.27,4902150,10388979430.5,159707,3122179,0.6369
2026-03-25,INFY,EQ,2117.57,2106.65,2151.63,2093.31,2132.59,2132.59,2125.84,9309757,19791053820.88,191694,5081265,0.5458
2026-03-26,INFY,EQ,2132.59,2123.40,2156.94,2094.07,2136.04,2136.04,2129.02,5669643,12070783339.86,168236,2629013,0.4637
2026-03-27,INFY,EQ,2136.04,2130.53,2137.06,2078.26,2092.07,2092.07,2102.46,11024025,23177571601.5,69551,4250864,0.3856
2026-03-30,INFY,EQ,2092.07,2091.48,2116.05,2067.07,2090.09,2090.09,2091.07,8405144,17575744464.08,61113,4086581,0.4862
2026-03-31,INFY,EQ,2090.09,2092.64,2105.47,2056.68,2081.72,2081.72,2081.29,3890603,8097473117.87,119521,1576861,0.4053
2026-04-01,INFY,EQ,2081.72,2073.99,2102.04,2061.86,2084.27,2084.27,2082.72,11822747,24623471631.84,153834,5119249,0.433
2026-04-02,INFY,EQ,2084.27,2077.97,2084.09,2044.61,2068.31,2068.31,2065.67,4649621,9604582611.07,176954,2959019,0.6364
2026-04-03,INFY,EQ,2068.31,2075.36,2103.17,2037.17,2053.27,2053.27,2064.54,8228485,16988036421.9,83929,3853400,0.4683
2026-04-06,INFY,EQ,2053.27,2058.15,2076.05,2041.58,2057.95,2057.95,2058.53,8545193,17590536146.29,210899,4162364,0.4871
2026-04-07,INFY,EQ,2057.95,2048.46,2075.25,2020.67,2026.43,2026.43,2040.78,5732398,11698563190.44,167825,2559516,0.4465
2026-04-08,INFY,EQ,2026.43,2035.50,2068.53,1995.38,2028.45,2028.45,2030.79,7563783,15360454878.57,210709,4064021,0.5373
2026-04-09,INFY,EQ,2028.45,2021.34,2050.00,1992.86,2045.01,2045.01,2029.29,8353776,16952234099.04,106219,4810940,0.5759
2026-04-10,INFY,EQ,2045.01,2049.45,2083.66,2025.38,2059.07,2059.07,2056.04,5825148,11976737293.92,163681,3453730,0.5929
2026-04-13,INFY,EQ,2059.07,2052.49,2072.82,2018.28,2055.41,2055.41,2048.84,6421560,13156748990.4,147232,3386731,0.5274
2026-04-14,INFY,EQ,2055.41,2046.97,2114.37,2028.95,2087.71,2087.71,2077.01,7655991,15901569866.91,104438,4971801,0.6494
2026-04-15,INFY,EQ,2087.71,2085.17,2112.64,2075.86,2104.99,2104.99,2097.83,6217056,13042326588.48,125437,2701933,0.4346
2026-04-16,INFY,EQ,2104.99,2105.37,2112.77,2082.29,2094.26,2094.26,2096.44,7307300,15319316012.0,63585,4106703,0.562
2026-04-17,INFY,EQ,2094.26,2103.98,2174.84,2098.81,2146.62,2146.62,2140.09,10470687,22408212541.83,180506,5517005,0.5269
2026-04-20,INFY,EQ,2146.62,2144.18,2173.62,2135.81,2146.80,2146.80,2152.08,5761631,12399490842.48,124007,3575668,0.6206
2026-04-21,INFY,EQ,2146.80,2152.99,2181.49,2134.10,2172.22,2172.22,2162.60,4334166,9373067391.6,94803,1736267,0.4006
2026-04-22,INFY,EQ,2172.22,2171.79,2243.65,2163.19,2212.14,2212.14,2206.33,3686129,8132816996.57,182870,1906466,0.5172
2026-04-23,INFY,EQ,2212.14,2208.81,2274.14,2203.50,2249.33,2249.33,2242.32,6004823,13464734709.36,185773,2519624,0.4196
2026-04-24,INFY,EQ,2249.33,2246.74,2262.52,2236.20,2244.08,2244.08,2247.60,3785572,8508451627.2,173368,2404595,0.6352
2026-04-27,INFY,EQ,2244.08,2255.90,2299.37,2247.04,2265.17,2265.17,2270.53,8618156,19567781742.68,124828,5464773,0.6341
2026-04-28,INFY,EQ,2265.17,2265.83,2307.21,2236.09,2280.41,2280.41,2274.57,10379219,23608260160.83,99479,4938432,0.4758
2026-04-29,INFY,EQ,2280.41,2276.71,2330.73,2263.62,2315.35,2315.35,2303.23,9815782,22608003575.86,212710,5378067,0.5479
2026-04-30,INFY,EQ,2315.35,2313.82,2355.37,2308.82,2342.25,2342.25,2335.48,4965775,11597468197.0,172492,2514172,0.5063
2026-05-01,INFY,EQ,2342.25,2349.87,2369.98,2331.63,2346.96,2346.96,2349.52,10056115,23627043314.8,134188,5172866,0.5144
2026-05-04,INFY,EQ,2346.96,2338.59,2347.24,2323.22,2328.45,2328.45,2332.97,13191986,30776507578.42,141639,7529986,0.5708
2026-05-05,INFY,EQ,2328.45,2329.76,2356.86,2324.89,2345.67,2345.67,2342.47,6371359,14924717316.73,145516,3541201,0.5558
2026-05-06,INFY,EQ,2345.67,2342.70,2351.83,2306.21,2312.08,2312.08,2323.37,9421740,21890188063.8,154394,5604993,0.5949
2026-05-07,INFY,EQ,2312.08,2315.27,2347.08,2230.94,2266.92,2266.92,2281.65,7134779,16279068505.35,156631,2753311,0.3859
2026-05-08,INFY,EQ,2266.92,2273.10,2317.86,2257.10,2311.91,2311.91,2295.62,6080234,13957906775.08,91780,2967154,0.488
2026-05-11,INFY,EQ,2311.91,2311.99,2362.50,2280.72,2352.65,2352.65,2331.96,11667563,27208290213.48,63999,7274726,0.6235
2026-05-12,INFY,EQ,2352.65,2348.43,2405.71,2336.86,2393.72,2393.72,2378.76,4268574,10153913088.24,169924,2040805,0.4781
2026-05-13,INFY,EQ,2393.72,2397.43,2467.70,2356.48,2458.37,2458.37,2427.52,10059349,24419270884.48,60276,6153304,0.6117
2026-05-14,INFY,EQ,2458.37,2449.57,2472.43,2432.33,2442.28,2442.28,2449.01,8221491,20134513673.91,165629,4959203,0.6032
2026-05-15,INFY,EQ,2442.28,2431.24,2455.14,2396.78,2408.13,2408.13,2420.02,9514285,23024759985.7,103219,5856994,0.6156
2026-05-18,INFY,EQ,2408.13,2399.71,2465.01,2370.55,2392.07,2392.07,2409.21,6117075,14737318260.75,158549,3157634,0.5162
2026-05-19,INFY,EQ,2392.07,2399.32,2443.47,2367.41,2409.29,2409.29,2406.72,14025743,33756036192.96,68769,9021358,0.6432
2026-05-20,INFY,EQ,2409.29,2398.52,2477.38,2388.08,2463.48,2463.48,2442.98,6159574,15047716090.52,160266,2431800,0.3948
2026-05-21,INFY,EQ,2463.48,2459.27,2473.02,2371.87,2388.26,2388.26,2411.05,4548349,10966296856.45,169990,2805422,0.6168
2026-05-22,INFY,EQ,2388.26,2382.49,2441.33,2376.71,2414.80,2414.80,2410.95,5478334,13207989357.3,111425,3536812,0.6456
2026-05-25,INFY,EQ,2414.80,2403.65,2412.30,2343.20,2357.11,2357.11,2370.87,4888877,11590891812.99,161343,3045770,0.623
2026-05-26,INFY,EQ,2357.11,2354.40,2411.02,2318.38,2392.39,2392.39,2373.93,5303514,12590170990.02,124904,2091706,0.3944
2026-05-27,INFY,EQ,2392.39,2406.67,2527.26,2379.64,2484.90,2484.90,2463.93,6448852,15889519908.36,173756,2476359,0.384
2026-05-28,INFY,EQ,2484.90,2499.21,2545.52,2465.35,2532.57,2532.57,2514.48,11354756,28551306866.88,165520,5235678,0.4611
2026-05-29,INFY,EQ,2532.57,2519.11,2526.00,2489.74,2498.33,2498.33,2504.69,8380784,20991265876.96,194388,4204639,0.5017
2026-06-01,INFY,EQ,2498.33,2492.27,2535.77,2467.77,2508.30,2508.30,2503.95,5582080,13977249216.0,99037,2835138,0.5079
2026-06-02,INFY,EQ,2508.30,2513.50,2537.97,2460.31,2478.31,2478.31,2492.20,5122790,12767017238.0,104220,2141326,0.418
2026-06-03,INFY,EQ,2478.31,2489.14,2635.44,2481.38,2572.08,2572.08,2562.97,5365274,13751036303.78,106995,2427250,0.4524
2026-06-04,INFY,EQ,2572.08,2562.77,2609.40,2532.83,2573.19,2573.19,2571.81,9520040,24483734072.4,118221,4518211,0.4746
2026-06-05,INFY,EQ,2573.19,2581.62,2623.89,2565.44,2612.15,2612.15,2600.49,15254145,39668251531.05,162664,6844535,0.4487
2026-06-08,INFY,EQ,2612.15,2609.84,2634.19,2598.87,2615.49,2615.49,2616.18,4279546,11196062654.28,213211,2114524,0.4941
2026-06-09,INFY,EQ,2615.49,2607.29,2632.88,2581.29,2622.04,2622.04,2612.07,10606082,27703828609.74,204338,5855618,0.5521
2026-06-10,INFY,EQ,2622.04,2617.71,2627.19,2550.44,2572.91,2572.91,2583.51,7908777,20432404467.27,87738,3183283,0.4025
2026-06-11,INFY,EQ,2572.91,2574.60,2661.06,2562.80,2631.00,2631.00,2618.29,5375382,14074308936.78,152319,2847877,0.5298
2026-06-12,INFY,EQ,2631.00,2639.41,2649.41,2616.75,2629.88,2629.88,2632.01,6066056,15965920052.56,90310,2394879,0.3948
2026-06-15,INFY,EQ,2629.88,2625.90,2673.64,2592.85,2651.23,2651.23,2639.24,7448799,19659168272.76,183684,4098329,0.5502
2026-06-16,INFY,EQ,2651.23,2677.28,2701.97,2651.14,2666.34,2666.34,2673.15,3086960,8251907124.0,215911,1555519,0.5039
2026-06-17,INFY,EQ,2666.34,2673.94,2698.58,2628.46,2671.85,2671.85,2666.30,9047451,24123218601.3,152817,5041240,0.5572
2026-06-18,INFY,EQ,2671.85,2662.69,2675.70,2634.78,2654.55,2654.55,2655.01,11579374,30743353763.74,109968,4693120,0.4053
2026-06-19,INFY,EQ,2654.55,2656.67,2711.16,2637.29,2663.52,2663.52,2670.66,7064962,18868111414.92,128275,3055596,0.4325
2026-06-22,INFY,EQ,2663.52,2647.92,2680.65,2618.64,2644.22,2644.22,2647.84,5396481,14289018251.04,145493,3458065,0.6408
2026-06-23,INFY,EQ,2644.22,2645.89,2707.18,2607.92,2670.53,2670.53,2661.88,5494042,14624480518.96,145540,3474982,0.6325
2026-06-24,INFY,EQ,2670.53,2676.12,2693.23,2622.68,2651.72,2651.72,2655.88,8447816,22436385558.08,116803,3668886,0.4343
2026-06-25,INFY,EQ,2651.72,2647.07,2739.27,2635.56,2711.05,2711.05,2695.29,11028916,29726127005.64,102839,6279865,0.5694
2026-06-26,INFY,EQ,2711.05,2730.14,2752.44,2675.14,2715.70,2715.70,2714.43,5574579,15131804474.97,90309,2253802,0.4043
2026-06-29,INFY,EQ,2715.70,2712.18,2725.50,2671.80,2691.16,2691.16,2696.15,5308001,14311166896.15,217153,2933201,0.5526
2026-06-30,INFY,EQ,2691.16,2701.84,2744.23,2658.19,2672.05,2672.05,2691.49,8149328,21933834818.72,83910,4286547,0.526
2026-07-01,INFY,EQ,2672.05,2665.86,2698.92,2638.65,2645.00,2645.00,2660.86,13240437,35230949195.82,201732,7851579,0.593
2026-07-02,INFY,EQ,2645.00,2659.01,2672.83,2597.46,2618.88,2618.88,2629.72,6627833,17429344996.76,152708,3126349,0.4717
2026-07-03,INFY,EQ,2618.88,2617.78,2663.70,2600.19,2623.69,2623.69,2629.19,3929796,10332180345.24,156786,2518213,0.6408
2026-07-06,INFY,EQ,2623.69,2617.33,2623.89,2582.29,2590.29,2590.29,2598.82,5794309,15058366115.38,77741,2312509,0.3991
2026-07-07,INFY,EQ,2590.29,2580.70,2589.01,2561.01,2570.22,2570.22,2573.41,6538821,16827067349.61,70739,3908253,0.5977
2026-07-08,INFY,EQ,2570.22,2556.88,2572.52,2527.23,2543.18,2543.18,2547.64,12212485,31113015285.4,167741,6112349,0.5005
2026-07-09,INFY,EQ,2543.18,2531.49,2557.27,2474.76,2482.05,2482.05,2504.69,4508113,11291425549.97,81014,2023241,0.4488
2026-07-10,INFY,EQ,2482.05,2493.59,2550.53,2478.81,2537.67,2537.67,2522.34,5324380,13429896649.2,121615,2667514,0.501
2026-07-13,INFY,EQ,2537.67,2541.73,2561.41,2448.06,2479.75,2479.75,2496.41,4833331,12065975841.71,124546,2000999,0.414
2026-07-14,INFY,EQ,2479.75,2461.40,2547.98,2426.18,2514.68,2514.68,2496.28,7553378,18855346433.84,191469,3678495,0.487
2026-07-15,INFY,EQ,2514.68,2524.54,2559.03,2502.12,2538.98,2538.98,2533.38,9212895,23339763935.1,147417,4396393,0.4772
2026-07-16,INFY,EQ,2538.98,2526.95,2579.29,2508.99,2559.96,2559.96,2549.41,5022013,12803170162.33,137079,2024373,0.4031
2026-07-17,INFY,EQ,2559.96,2547.84,2595.07,2527.21,2580.38,2580.38,2567.55,4050019,10398626283.45,97159,2489952,0.6148
2026-07-20,INFY,EQ,2580.38,2591.43,2609.52,2570.30,2591.00,2591.00,2590.27,6106157,15816595292.39,73377,2324003,0.3806
2026-07-21,INFY,EQ,2591.00,2598.94,2637.90,2548.16,2614.52,2614.52,2600.19,3457913,8991230803.47,89809,1571967,0.4546
2026-07-22,INFY,EQ,2614.52,2618.07,2643.93,2603.17,2625.14,2625.14,2624.08,5536236,14527526162.88,76692,3113579,0.5624
2026-07-23,INFY,EQ,2625.14,2619.75,2687.50,2591.30,2670.64,2670.64,2649.81,6005766,15914138804.46,131333,2376482,0.3957
2026-07-24,INFY,EQ,2670.64,2683.87,2733.47,2662.03,2726.52,2726.52,2707.34,8165268,22106156667.12,202639,4201030,0.5145
2026-07-27,INFY,EQ,2726.52,2721.62,2842.38,2703.15,2823.53,2823.53,2789.69,8179910,22819413127.9,197870,5113262,0.6251
2026-07-28,INFY,EQ,2823.53,2830.35,2836.42,2776.34,2805.20,2805.20,2805.99,2895841,8125700887.59,203571,1363362,0.4708
2026-07-29,INFY,EQ,2805.20,2790.23,2803.94,2781.89,2797.02,2797.02,2794.28,3744080,10462007862.4,145927,1477040,0.3945
2026-07-30,INFY,EQ,2797.02,2794.40,2854.94,2784.82,2843.01,2843.01,2827.59,6578698,18601860677.82,211985,3513683,0.5341
2026-07-31,INFY,EQ,2843.01,2831.77,2919.56,2807.23,2816.23,2816.23,2847.67,7064568,20117558356.56,120711,4286780,0.6068
2026-08-03,INFY,EQ,2816.23,2812.08,2859.91,2787.92,2835.47,2835.47,2827.77,9595612,27134183745.24,139811,4235503,0.4414
2026-08-04,INFY,EQ,2835.47,2827.34,2862.59,2768.79,2778.78,2778.78,2803.39,4586829,12858670550.31,79035,1908580,0.4161
2026-08-05,INFY,EQ,2778.78,2777.42,2783.59,2753.15,2759.38,2759.38,2765.37,6274775,17352074541.75,72455,2420181,0.3857
2026-08-06,INFY,EQ,2759.38,2748.22,2774.25,2681.89,2708.79,2708.79,2721.64,4979830,13553304521.2,200175,2685622,0.5393
2026-08-07,INFY,EQ,2708.79,2707.32,2721.61,2627.67,2680.61,2680.61,2676.63,5879405,15736991805.15,92280,3196632,0.5437
2026-08-10,INFY,EQ,2680.61,2674.85,2706.75,2664.42,2687.76,2687.76,2686.31,2269790,6097359574.9,113215,1142612,0.5034
2026-08-11,INFY,EQ,2687.76,2684.09,2789.57,2652.73,2753.17,2753.17,2731.82,5802730,15852013868.6,168394,3239084,0.5582
2026-08-12,INFY,EQ,2753.17,2754.06,2788.55,2714.50,2724.56,2724.56,2742.54,8540607,23422956321.78,99293,4883519,0.5718
2026-08-13,INFY,EQ,2724.56,2734.71,2752.98,2679.33,2694.20,2694.20,2708.84,9158044,24807675908.96,137551,4691666,0.5123
2026-08-14,INFY,EQ,2694.20,2714.24,2756.62,2646.97,2657.61,2657.61,2687.07,8846126,23770159790.82,113671,3743681,0.4232
2026-08-17,INFY,EQ,2657.61,2648.70,2678.63,2567.88,2591.38,2591.38,2612.63,14310691,37388540627.33,165823,5721414,0.3998
2026-08-18,INFY,EQ,2591.38,2604.79,2626.58,2563.70,2580.28,2580.28,2590.19,5848440,15148570803.6,145941,2615422,0.4472
2026-08-19,INFY,EQ,2580.28,2567.38,2657.32,2557.86,2610.06,2610.06,2608.41,6088597,15881557300.77,74955,2742304,0.4504
2026-08-20,INFY,EQ,2610.06,2610.06,2631.87,2570.46,2584.57,2584.57,2595.63,5056494,13124787521.22,160765,2308795,0.4566
2026-08-21,INFY,EQ,2584.57,2584.53,2625.32,2570.98,2591.48,2591.48,2595.93,6626139,17200993014.27,85468,3175246,0.4792
2026-08-24,INFY,EQ,2591.48,2592.38,2640.25,2535.90,2561.72,2561.72,2579.29,7818122,20165203893.38,125500,4324203,0.5531
2026-08-25,INFY,EQ,2561.72,2579.89,2603.34,2543.91,2565.91,2565.91,2571.05,4347850,11178539742.5,179809,2241751,0.5156
2026-08-26,INFY,EQ,2565.91,2566.18,2590.00,2503.56,2516.39,2516.39,2536.65,5709750,14483637337.5,153303,2226802,0.39
2026-08-27,INFY,EQ,2516.39,2530.06,2545.80,2466.35,2506.72,2506.72,2506.29,7932693,19881629138.97,106008,4549399,0.5735
2026-08-28,INFY,EQ,2506.72,2490.44,2499.58,2484.14,2490.21,2490.21,2491.31,8090879,20156887761.49,137508,3627950,0.4484
2026-08-31,INFY,EQ,2490.21,2476.22,2505.32,2462.78,2477.62,2477.62,2481.91,4835786,12001985631.26,167988,3130204,0.6473
2026-09-01,INFY,EQ,2477.62,2491.60,2544.20,2464.07,2476.53,2476.53,2494.93,7586863,18928692104.59,76606,3808605,0.502
2026-09-02,INFY,EQ,2476.53,2491.44,2502.51,2470.91,2478.94,2478.94,2484.12,4109608,10208759424.96,142657,2179325,0.5303
2026-09-03,INFY,EQ,2478.94,2476.91,2514.10,2462.43,2502.96,2502.96,2493.16,7919932,19745657665.12,202396,3570305,0.4508
2026-09-04,INFY,EQ,2502.96,2490.75,2498.78,2476.72,2485.97,2485.97,2487.16,12357359,30734729010.44,84318,6969550,0.564
2026-09-07,INFY,EQ,2485.97,2498.64,2588.89,2491.63,2572.67,2572.67,2551.06,15359379,39182697391.74,152061,8459946,0.5508
2026-09-08,INFY,EQ,2572.67,2581.17,2614.91,2535.64,2578.74,2578.74,2576.43,7729400,19914258042.0,184910,4517834,0.5845
2026-09-09,INFY,EQ,2578.74,2566.12,2624.36,2559.03,2579.37,2579.37,2587.59,5760191,14905012629.69,108418,2639896,0.4583
2026-09-10,INFY,EQ,2579.37,2582.93,2600.80,2541.64,2585.97,2585.97,2576.14,7076411,18229825433.54,213830,2766877,0.391
2026-09-11,INFY,EQ,2585.97,2575.82,2653.50,2563.10,2614.63,2614.63,2610.41,7157106,18682981073.46,84065,2857117,0.3992
2026-09-14,INFY,EQ,2614.63,2629.39,2665.69,2621.51,2648.61,2648.61,2645.27,3007649,7956043670.23,213316,1742933,0.5795
2026-09-15,INFY,EQ,2648.61,2657.42,2684.19,2627.65,2658.99,2658.99,2656.94,4489604,11928608451.76,93884,2216069,0.4936
2025-10-01,HDFCBANK,EQ,1538.87,1538.87,1556.59,1521.51,1537.00,1537.00,1538.37,14329082,22043429876.34,171001,6190163,0.432
2025-10-02,HDFCBANK,EQ,1537.00,1534.35,1570.71,1514.93,1555.50,1555.50,1547.05,21992828,34024004557.4,158490,12586495,0.5723
2025-10-03,HDFCBANK,EQ,1555.50,1550.78,1564.71,1517.80,1533.59,1533.59,1538.70,10919394,16801671547.8,137160,4850395,0.4442
2025-10-06,HDFCBANK,EQ,1533.59,1537.23,1555.60,1509.55,1519.68,1519.68,1528.28,12914310,19736681686.8,117827,6475235,0.5014
2025-10-07,HDFCBANK,EQ,1519.68,1521.61,1571.62,1512.67,1561.13,1561.13,1548.47,10960173,16971499085.31,201025,6034671,0.5506
2025-10-08,HDFCBANK,EQ,1561.13,1558.37,1563.73,1549.92,1560.01,1560.01,1557.89,15232505,23730567214.45,121613,7078545,0.4647
2025-10-09,HDFCBANK,EQ,1560.01,1556.42,1570.80,1532.22,1536.29,1536.29,1546.44,6951876,10750659121.44,65478,3960484,0.5697
2025-10-10,HDFCBANK,EQ,1536.29,1536.23,1539.71,1503.19,1515.71,1515.71,1519.54,10942101,16626960153.54,159879,5548739,0.5071
2025-10-13,HDFCBANK,EQ,1515.71,1517.11,1538.69,1499.05,1521.29,1521.29,1519.68,23328532,35451903509.76,89964,13607533,0.5833
2025-10-14,HDFCBANK,EQ,1521.29,1528.16,1537.55,1517.11,1523.10,1523.10,1525.92,10029432,15304110877.44,86027,6109930,0.6092
2025-10-15,HDFCBANK,EQ,1523.10,1526.78,1536.17,1514.36,1531.26,1531.26,1527.26,15165923,23162307560.98,183772,9142018,0.6028
2025-10-16,HDFCBANK,EQ,1531.26,1531.61,1552.05,1493.79,1509.03,1509.03,1518.29,13769422,20905975728.38,139766,7162853,0.5202
2025-10-17,HDFCBANK,EQ,1509.03,1496.90,1505.45,1451.26,1480.84,1480.84,1479.18,12730367,18830504259.06,166122,5651010,0.4439
2025-10-20,HDFCBANK,EQ,1480.84,1485.73,1502.89,1435.34,1446.75,1446.75,1461.66,5869836,8579704487.76,115740,2313302,0.3941
2025-10-21,HDFCBANK,EQ,1446.75,1453.13,1466.33,1446.45,1456.94,1456.94,1456.57,8544083,12445054975.31,96536,3889267,0.4552
2025-10-22,HDFCBANK,EQ,1456.94,1455.18,1476.76,1424.05,1447.98,1447.98,1449.60,14192913,20574046684.8,201358,7571919,0.5335
2025-10-23,HDFCBANK,EQ,1447.98,1453.53,1457.41,1429.65,1445.93,1445.93,1444.33,10488219,15148449348.27,128309,5092030,0.4855
2025-10-24,HDFCBANK,EQ,1445.93,1444.53,1454.01,1441.08,1450.99,1450.99,1448.69,17383558,25183386639.02,211776,9387121,0.54
2025-10-27,HDFCBANK,EQ,1450.99,1441.28,1479.47,1425.53,1462.95,1462.95,1455.98,19296826,28095792719.48,175396,7707152,0.3994
2025-10-28,HDFCBANK,EQ,1462.95,1462.09,1466.38,1430.06,1433.91,1433.91,1443.45,12961086,18708679586.7,102712,8273061,0.6383
2025-10-29,HDFCBANK,EQ,1433.91,1425.73,1441.28,1396.83,1399.65,1399.65,1412.59,11852756,16743084598.04,202342,6500051,0.5484
2025-10-30,HDFCBANK,EQ,1399.65,1397.16,1439.04,1385.90,1433.95,1433.95,1419.63,5535243,7857997020.09,213965,2967997,0.5362
2025-10-31,HDFCBANK,EQ,1433.95,1443.14,1463.77,1413.85,1457.58,1457.58,1445.07,7030744,10159917232.08,191406,3426082,0.4873
2025-11-03,HDFCBANK,EQ,1457.58,1464.64,1481.82,1436.89,1459.76,1459.76,1459.49,12811881,18698812200.69,155828,8227790,0.6422
2025-11-04,HDFCBANK,EQ,1459.76,1462.33,1472.88,1447.42,1456.05,1456.05,1458.78,28063804,40938915999.12,75835,15999175,0.5701
2025-11-05,HDFCBANK,EQ,1456.05,1456.50,1475.98,1434.37,1452.51,1452.51,1454.29,14416928,20966394221.12,203669,6183420,0.4289
2025-11-06,HDFCBANK,EQ,1452.51,1453.47,1462.77,1431.58,1456.35,1456.35,1450.23,8504692,12333759479.16,111127,4248944,0.4996
2025-11-07,HDFCBANK,EQ,1456.35,1458.67,1464.59,1415.73,1431.07,1431.07,1437.13,7028059,10100234430.67,190587,4333501,0.6166
2025-11-10,HDFCBANK,EQ,1431.07,1424.41,1450.69,1406.89,1443.46,1443.46,1433.68,9881855,14167417876.4,113090,4337146,0.4389
2025-11-11,HDFCBANK,EQ,1443.46,1449.27,1453.11,1392.52,1415.92,1415.92,1420.52,17053278,24224522464.56,98127,8373159,0.491
2025-11-12,HDFCBANK,EQ,1415.92,1413.81,1427.72,1407.82,1412.97,1412.97,1416.17,9852629,13952997610.93,152682,5649497,0.5734
2025-11-13,HDFCBANK,EQ,1412.97,1406.48,1410.46,1380.52,1394.79,1394.79,1395.26,7689765,10729221513.9,217743,4794568,0.6235
2025-11-14,HDFCBANK,EQ,1394.79,1393.85,1407.81,1386.55,1394.87,1394.87,1396.41,14542491,20307279857.31,171523,6637193,0.4564
2025-11-17,HDFCBANK,EQ,1394.87,1407.52,1430.38,1393.54,1423.33,1423.33,1415.75,9282555,13141777241.25,173777,5084055,0.5477
2025-11-18,HDFCBANK,EQ,1423.33,1422.61,1454.63,1401.18,1448.47,1448.47,1434.76,11089818,15911227273.68,112575,4351645,0.3924
2025-11-19,HDFCBANK,EQ,1448.47,1444.76,1454.63,1417.41,1434.93,1434.93,1435.66,14184362,20363921148.92,128246,8395724,0.5919
2025-11-20,HDFCBANK,EQ,1434.93,1428.01,1461.47,1418.84,1437.60,1437.60,1439.30,20270084,29174731901.2,131064,7964116,0.3929
2025-11-21,HDFCBANK,EQ,1437.60,1435.86,1439.77,1415.75,1436.76,1436.76,1430.76,11464808,16403388694.08,70049,6313670,0.5507
2025-11-24,HDFCBANK,EQ,1436.76,1440.30,1463.49,1433.54,1437.69,1437.69,1444.91,13391790,19349931288.9,195309,5958007,0.4449
2025-11-25,HDFCBANK,EQ,1437.69,1441.57,1466.45,1431.95,1455.92,1455.92,1451.44,11847260,17195587054.4,208314,5389319,0.4549
2025-11-26,HDFCBANK,EQ,1455.92,1449.00,1469.28,1420.70,1431.50,1431.50,1440.49,22670892,32657193217.08,137659,9673670,0.4267
2025-11-27,HDFCBANK,EQ,1431.50,1430.46,1455.20,1411.57,1448.31,1448.31,1438.36,9064494,13038005589.84,151523,3926739,0.4332
2025-11-28,HDFCBANK,EQ,1448.31,1455.83,1463.01,1447.92,1451.32,1451.32,1454.08,11693233,17002896240.64,123404,5776457,0.494
2025-12-01,HDFCBANK,EQ,1451.32,1444.60,1457.08,1437.10,1440.41,1440.41,1444.86,17043282,24625156430.52,210517,10391289,0.6097
2025-12-02,HDFCBANK,EQ,1440.41,1437.94,1458.93,1426.85,1429.98,1429.98,1438.59,16799972,24168271719.48,182509,10153903,0.6044
2025-12-03,HDFCBANK,EQ,1429.98,1433.33,1440.02,1414.16,1426.60,1426.60,1426.93,13947838,19902588477.34,99040,6544326,0.4692
2025-12-04,HDFCBANK,EQ,1426.60,1430.20,1434.66,1413.57,1422.03,1422.03,1423.42,16735873,23822176345.66,118731,7798917,0.466
2025-12-05,HDFCBANK,EQ,1422.03,1425.88,1442.20,1415.18,1428.92,1428.92,1428.77,10127849,14470366815.73,189089,5172292,0.5107
2025-12-08,HDFCBANK,EQ,1428.92,1429.29,1496.41,1425.31,1483.47,1483.47,1468.40,7542208,11074978227.2,147096,3699453,0.4905
2025-12-09,HDFCBANK,EQ,1483.47,1485.06,1524.38,1461.77,1515.33,1515.33,1500.49,12454050,18687177484.5,61953,6550830,0.526
2025-12-10,HDFCBANK,EQ,1515.33,1523.47,1534.52,1498.78,1507.91,1507.91,1513.74,11058165,16739186687.1,124473,6153869,0.5565
2025-12-11,HDFCBANK,EQ,1507.91,1500.32,1527.16,1479.23,1491.21,1491.21,1499.20,17248268,25858603385.6,164546,8303316,0.4814
2025-12-12,HDFCBANK,EQ,1491.21,1478.45,1481.54,1430.41,1437.54,1437.54,1449.83,7527750,10913957782.5,199615,3501157,0.4651
2025-12-15,HDFCBANK,EQ,1437.54,1443.79,1449.43,1425.83,1444.49,1444.49,1439.92,9410930,13550986325.6,132068,6041817,0.642
2025-12-16,HDFCBANK,EQ,1444.49,1432.55,1439.01,1420.19,1430.89,1430.89,1430.03,10071909,14403132027.27,171169,4572647,0.454
2025-12-17,HDFCBANK,EQ,1430.89,1428.41,1443.18,1396.76,1420.30,1420.30,1420.08,12483776,17727960622.08,96478,6883554,0.5514
2025-12-18,HDFCBANK,EQ,1420.30,1409.92,1443.40,1397.97,1424.51,1424.51,1421.96,16233895,23083949334.2,148830,9107215,0.561
2025-12-19,HDFCBANK,EQ,1424.51,1431.26,1446.03,1425.95,1437.87,1437.87,1436.62,17787497,25553873940.14,124840,11375104,0.6395
2025-12-22,HDFCBANK,EQ,1437.87,1431.95,1441.55,1412.39,1423.43,1423.43,1425.79,15731688,22430083433.52,147766,9852756,0.6263
2025-12-23,HDFCBANK,EQ,1423.43,1413.28,1420.66,1389.18,1396.49,1396.49,1402.11,5925566,8308295344.26,140743,2613767,0.4411
2025-12-24,HDFCBANK,EQ,1396.49,1398.93,1408.72,1377.90,1404.39,1404.39,1397.00,13482124,18834527228.0,191525,5565421,0.4128
2025-12-25,HDFCBANK,EQ,1404.39,1393.43,1414.11,1390.21,1404.61,1404.61,1402.98,9646026,13533181557.48,80037,5927483,0.6145
2025-12-26,HDFCBANK,EQ,1404.61,1403.02,1415.60,1389.33,1394.35,1394.35,1399.76,18870702,26414453831.52,176757,7786052,0.4126
2025-12-29,HDFCBANK,EQ,1394.35,1404.78,1426.01,1392.36,1416.69,1416.69,1411.69,10912057,15404441746.33,105332,6241697,0.572
2025-12-30,HDFCBANK,EQ,1416.69,1435.44,1450.26,1425.56,1446.38,1446.38,1440.73,9494020,13678319434.6,110165,4122303,0.4342
2025-12-31,HDFCBANK,EQ,1446.38,1447.40,1459.15,1421.43,1426.32,1426.32,1435.63,8072944,11589760594.72,105285,4941449,0.6121
2026-01-01,HDFCBANK,EQ,1426.32,1429.82,1445.65,1409.46,1434.94,1434.94,1430.02,24548531,35104890300.62,150976,9841506,0.4009
2026-01-02,HDFCBANK,EQ,1434.94,1430.20,1439.91,1416.82,1420.77,1420.77,1425.83,12649294,18035742864.02,70102,5542921,0.4382
2026-01-05,HDFCBANK,EQ,1420.77,1422.43,1441.38,1408.98,1435.84,1435.84,1428.73,11604495,16579690141.35,187736,5183728,0.4467
2026-01-06,HDFCBANK,EQ,1435.84,1439.13,1452.14,1420.83,1430.29,1430.29,1434.42,11060264,15865063886.88,101058,5093252,0.4605
2026-01-07,HDFCBANK,EQ,1430.29,1431.94,1435.13,1418.45,1425.33,1425.33,1426.30,11412934,16278267764.2,105299,5773803,0.5059
2026-01-08,HDFCBANK,EQ,1425.33,1429.01,1442.89,1415.73,1418.77,1418.77,1425.80,15782628,22502871002.4,105552,8917185,0.565
2026-01-09,HDFCBANK,EQ,1418.77,1414.73,1453.52,1403.86,1429.37,1429.37,1428.92,13435758,19198623321.36,193319,7130357,0.5307
2026-01-12,HDFCBANK,EQ,1429.37,1429.93,1482.05,1425.09,1470.02,1470.02,1459.05,19018810,27749394730.5,166021,7326046,0.3852
2026-01-13,HDFCBANK,EQ,1470.02,1460.12,1485.08,1454.38,1474.41,1474.41,1471.29,12684338,18662339656.02,199043,7568744,0.5967
2026-01-14,HDFCBANK,EQ,1474.41,1472.55,1487.65,1428.89,1457.79,1457.79,1458.11,8771907,12790405315.77,71691,5045601,0.5752
2026-01-15,HDFCBANK,EQ,1457.79,1443.43,1448.75,1417.25,1441.34,1441.34,1435.78,8890554,12764879622.12,152707,4571523,0.5142
2026-01-16,HDFCBANK,EQ,1441.34,1446.29,1485.66,1436.01,1479.51,1479.51,1467.06,8294557,12168612792.42,196448,4433441,0.5345
2026-01-19,HDFCBANK,EQ,1479.51,1475.70,1481.07,1456.39,1459.76,1459.76,1465.74,12921741,18939912653.34,92968,7731078,0.5983
2026-01-20,HDFCBANK,EQ,1459.76,1450.99,1459.43,1413.95,1423.06,1423.06,1432.15,6469627,9265476308.05,108048,3154590,0.4876
2026-01-21,HDFCBANK,EQ,1423.06,1426.21,1444.66,1406.52,1423.43,1423.43,1424.87,7473539,10648821514.93,63203,4795770,0.6417
2026-01-22,HDFCBANK,EQ,1423.43,1421.55,1437.20,1403.54,1415.94,1415.94,1418.89,11585522,16438581310.58,124734,6511063,0.562
2026-01-23,HDFCBANK,EQ,1415.94,1417.51,1442.97,1405.94,1432.73,1432.73,1427.21,11047490,15767088202.9,163431,5851855,0.5297
2026-01-26,HDFCBANK,EQ,1432.73,1426.38,1430.04,1387.86,1403.48,1403.48,1407.13,18089263,25453944645.19,95873,11251522,0.622
2026-01-27,HDFCBANK,EQ,1403.48,1395.19,1400.77,1379.43,1382.55,1382.55,1387.58,7720429,10712712871.82,160031,4890892,0.6335
2026-01-28,HDFCBANK,EQ,1382.55,1384.72,1408.91,1354.72,1371.46,1371.46,1378.36,16373924,22569161884.64,123985,6308873,0.3853
2026-01-29,HDFCBANK,EQ,1371.46,1380.09,1406.01,1374.95,1396.35,1396.35,1392.44,12342599,17186328551.56,191370,7241403,0.5867
2026-01-30,HDFCBANK,EQ,1396.35,1384.18,1407.94,1376.22,1381.78,1381.78,1388.65,15152599,21041656601.35,62955,9388550,0.6196
2026-02-02,HDFCBANK,EQ,1381.78,1375.28,1396.69,1370.07,1384.49,1384.49,1383.75,10975757,15187703748.75,212541,4841406,0.4411
2026-02-03,HDFCBANK,EQ,1384.49,1384.05,1393.43,1368.48,1380.59,1380.59,1380.83,4139833,5716405601.39,142637,2679714,0.6473
2026-02-04,HDFCBANK,EQ,1380.59,1388.06,1394.98,1383.08,1386.52,1386.52,1388.19,7631376,10593799849.44,70466,4539142,0.5948
2026-02-05,HDFCBANK,EQ,1386.52,1388.41,1394.55,1372.12,1389.66,1389.66,1385.44,12855405,17810392303.2,110340,6183450,0.481
2026-02-06,HDFCBANK,EQ,1389.66,1395.03,1412.18,1385.24,1391.17,1391.17,1396.20,12741153,17789197818.6,130850,7960672,0.6248
2026-02-09,HDFCBANK,EQ,1391.17,1390.62,1399.00,1356.94,1374.07,1374.07,1376.67,9115478,12549005098.26,183602,5884953,0.6456
2026-02-10,HDFCBANK,EQ,1374.07,1380.40,1394.21,1375.53,1378.41,1378.41,1382.72,11030002,15251404365.44,152341,6581602,0.5967
2026-02-11,HDFCBANK,EQ,1378.41,1378.56,1398.50,1366.16,1390.65,1390.65,1385.10,16874997,23373558344.7,178198,6535686,0.3873
2026-02-12,HDFCBANK,EQ,1390.65,1394.29,1413.91,1379.20,1397.56,1397.56,1396.89,8601068,12014745878.52,99646,3782750,0.4398
2026-02-13,HDFCBANK,EQ,1397.56,1403.50,1408.07,1393.63,1403.98,1403.98,1401.89,13611823,19082278545.47,121293,5765968,0.4236
2026-02-16,HDFCBANK,EQ,1403.98,1400.01,1405.41,1381.64,1391.14,1391.14,1392.73,8707052,12126572531.96,135422,3419259,0.3927
2026-02-17,HDFCBANK,EQ,1391.14,1387.03,1405.79,1375.33,1380.17,1380.17,1387.10,17996498,24962942375.8,91394,8573532,0.4764
2026-02-18,HDFCBANK,EQ,1380.17,1385.83,1422.20,1371.22,1396.64,1396.64,1396.69,7442303,10394590177.07,202991,2860821,0.3844
2026-02-19,HDFCBANK,EQ,1396.64,1388.83,1424.97,1382.59,1400.30,1400.30,1402.62,7562052,10606685376.24,153460,4913065,0.6497
2026-02-20,HDFCBANK,EQ,1400.30,1405.81,1442.44,1395.97,1416.95,1416.95,1418.45,14818655,21019521184.75,196819,8654095,0.584
2026-02-23,HDFCBANK,EQ,1416.95,1413.46,1420.09,1384.24,1391.16,1391.16,1398.50,14495982,20272630827.0,108335,6897188,0.4758
2026-02-24,HDFCBANK,EQ,1391.16,1396.96,1418.05,1370.29,1390.35,1390.35,1392.90,12551388,17482828345.2,148373,7706552,0.614
2026-02-25,HDFCBANK,EQ,1390.35,1386.24,1420.55,1366.07,1409.67,1409.67,1398.76,12044026,16846701807.76,207905,5340321,0.4434
2026-02-26,HDFCBANK,EQ,1409.67,1398.76,1410.86,1387.93,1402.00,1402.00,1400.26,10123293,14175242256.18,193015,4576741,0.4521
2026-02-27,HDFCBANK,EQ,1402.00,1400.90,1413.18,1396.72,1409.20,1409.20,1406.37,23772160,33432452659.2,88281,14855223,0.6249
2026-03-02,HDFCBANK,EQ,1409.20,1409.91,1436.17,1386.95,1394.93,1394.93,1406.02,12476619,17542375846.38,127347,7844050,0.6287
2026-03-03,HDFCBANK,EQ,1394.93,1386.76,1391.60,1362.82,1375.98,1375.98,1376.80,9860271,13575621112.8,140286,4954786,0.5025
2026-03-04,HDFCBANK,EQ,1375.98,1389.12,1411.17,1381.62,1388.32,1388.32,1393.70,22074977,30765895444.9,211647,12825562,0.581
2026-03-05,HDFCBANK,EQ,1388.32,1385.67,1431.24,1382.00,1420.38,1420.38,1411.21,13128726,18527389418.46,159750,5848847,0.4455
2026-03-06,HDFCBANK,EQ,1420.38,1415.94,1434.89,1412.04,1420.12,1420.12,1422.35,6479185,9215668784.75,193174,3439151,0.5308
2026-03-09,HDFCBANK,EQ,1420.12,1418.74,1425.56,1401.34,1411.00,1411.00,1412.63,15875770,22426588975.1,178797,6936124,0.4369
2026-03-10,HDFCBANK,EQ,1411.00,1409.16,1427.07,1402.85,1424.02,1424.02,1417.98,13982782,19827305220.36,171886,6934062,0.4959
2026-03-11,HDFCBANK,EQ,1424.02,1421.48,1459.23,1414.35,1433.13,1433.13,1435.57,5468405,7850278165.85,76217,3369084,0.6161
2026-03-12,HDFCBANK,EQ,1433.13,1436.49,1442.06,1390.64,1400.38,1400.38,1411.03,14787754,20865964526.62,166768,8678933,0.5869
2026-03-13,HDFCBANK,EQ,1400.38,1401.06,1410.29,1382.54,1392.57,1392.57,1395.13,13729091,19153866726.83,116587,6187701,0.4507
2026-03-16,HDFCBANK,EQ,1392.57,1396.00,1407.96,1380.12,1386.07,1386.07,1391.38,9112645,12679152000.1,189095,4903514,0.5381
2026-03-17,HDFCBANK,EQ,1386.07,1396.06,1442.19,1392.71,1422.79,1422.79,1419.23,10327386,14656936032.78,100581,6156155,0.5961
2026-03-18,HDFCBANK,EQ,1422.79,1427.01,1461.88,1410.19,1445.71,1445.71,1439.26,9083286,13073210208.36,117263,5327347,0.5865
2026-03-19,HDFCBANK,EQ,1445.71,1441.80,1455.79,1430.73,1434.97,1434.97,1440.50,12506821,18016075650.5,214858,8068150,0.6451
2026-03-20,HDFCBANK,EQ,1434.97,1433.63,1443.91,1424.28,1434.70,1434.70,1434.30,14966515,21466472464.5,101979,9583060,0.6403
2026-03-23,HDFCBANK,EQ,1434.70,1429.50,1450.91,1426.50,1431.87,1431.87,1436.43,12965109,18623471520.87,185463,7842594,0.6049
2026-03-24,HDFCBANK,EQ,1431.87,1428.76,1446.65,1423.57,1435.36,1435.36,1435.19,11372468,16321652348.92,213187,4345420,0.3821
2026-03-25,HDFCBANK,EQ,1435.36,1440.67,1470.15,1413.85,1454.87,1454.87,1446.29,19661000,28435507690.0,125547,12343176,0.6278
2026-03-26,HDFCBANK,EQ,1454.87,1456.02,1464.99,1434.79,1453.79,1453.79,1451.19,12220751,17734631643.69,157894,6369455,0.5212
2026-03-27,HDFCBANK,EQ,1453.79,1459.04,1502.90,1422.63,1483.62,1483.62,1469.72,13010581,19121911107.32,138546,7870100,0.6049
2026-03-30,HDFCBANK,EQ,1483.62,1481.17,1502.05,1470.37,1485.79,1485.79,1486.07,16094239,23917165750.73,153754,9120605,0.5667
2026-03-31,HDFCBANK,EQ,1485.79,1480.71,1501.75,1459.33,1492.85,1492.85,1484.64,13685789,20318469780.96,88421,7896700,0.577
2026-04-01,HDFCBANK,EQ,1492.85,1495.38,1513.92,1487.84,1509.23,1509.23,1503.66,12956149,19481643005.34,88306,5844519,0.4511
2026-04-02,HDFCBANK,EQ,1509.23,1515.34,1550.51,1503.52,1545.10,1545.10,1533.04,13563293,20793070700.72,192712,5525686,0.4074
2026-04-03,HDFCBANK,EQ,1545.10,1542.80,1551.24,1497.01,1511.73,1511.73,1519.99,15001003,22801374549.97,187967,8105042,0.5403
2026-04-06,HDFCBANK,EQ,1511.73,1518.70,1523.42,1503.51,1515.42,1515.42,1514.12,36730855,55614922172.6,198107,18229523,0.4963
2026-04-07,HDFCBANK,EQ,1515.42,1508.82,1514.00,1473.32,1489.49,1489.49,1492.27,17110942,25534145418.34,71757,9794303,0.5724
2026-04-08,HDFCBANK,EQ,1489.49,1497.52,1508.73,1489.06,1498.74,1498.74,1498.84,13604359,20390757443.56,128869,6093392,0.4479
2026-04-09,HDFCBANK,EQ,1498.74,1501.60,1521.36,1485.42,1502.50,1502.50,1503.09,10181393,15303550004.37,152383,5625220,0.5525
2026-04-10,HDFCBANK,EQ,1502.50,1496.98,1502.62,1468.03,1491.31,1491.31,1487.32,12470715,18547943833.8,150602,7291627,0.5847
2026-04-13,HDFCBANK,EQ,1491.31,1497.52,1517.61,1491.83,1504.45,1504.45,1504.63,16820058,25307963868.54,113325,10253507,0.6096
2026-04-14,HDFCBANK,EQ,1504.45,1507.79,1518.62,1481.44,1508.64,1508.64,1502.90,9721678,14610709866.2,208015,5968138,0.6139
2026-04-15,HDFCBANK,EQ,1508.64,1524.52,1537.46,1509.73,1517.73,1517.73,1521.64,6497544,9886922852.16,209217,4049269,0.6232
2026-04-16,HDFCBANK,EQ,1517.73,1529.84,1550.49,1526.67,1537.54,1537.54,1538.23,10959077,16857581013.71,115672,4578702,0.4178
2026-04-17,HDFCBANK,EQ,1537.54,1533.26,1547.13,1520.57,1529.66,1529.66,1532.45,9208953,14112260024.85,97983,3574916,0.3882
2026-04-20,HDFCBANK,EQ,1529.66,1538.79,1559.81,1530.66,1550.25,1550.25,1546.91,9277317,14351174440.47,149723,5026450,0.5418
2026-04-21,HDFCBANK,EQ,1550.25,1562.02,1591.98,1556.52,1582.69,1582.69,1577.06,11807059,18620440466.54,136289,6057021,0.513
2026-04-22,HDFCBANK,EQ,1582.69,1586.41,1601.73,1568.64,1575.75,1575.75,1582.04,10431650,16503287566.0,70796,5693595,0.5458
2026-04-23,HDFCBANK,EQ,1575.75,1584.61,1594.98,1530.89,1553.09,1553.09,1559.65,6140075,9576367973.75,132104,3503527,0.5706
2026-04-24,HDFCBANK,EQ,1553.09,1551.41,1558.42,1534.05,1539.59,1539.59,1544.02,13178855,20348415697.1,76643,8116857,0.6159
2026-04-27,HDFCBANK,EQ,1539.59,1533.55,1546.66,1524.83,1540.00,1540.00,1537.16,11526888,17718671158.08,151186,6646404,0.5766
2026-04-28,HDFCBANK,EQ,1540.00,1539.58,1550.33,1501.29,1508.94,1508.94,1520.19,9192297,13974037976.43,87087,4913283,0.5345
2026-04-29,HDFCBANK,EQ,1508.94,1512.67,1543.36,1504.46,1528.91,1528.91,1525.58,12758585,19464242104.3,124361,6102431,0.4783
2026-04-30,HDFCBANK,EQ,1528.91,1529.57,1567.76,1516.25,1562.72,1562.72,1548.91,13436123,20811345275.93,64951,7266255,0.5408
2026-05-01,HDFCBANK,EQ,1562.72,1556.85,1560.87,1541.00,1548.46,1548.46,1550.11,16358992,25358237089.12,203893,6357104,0.3886
2026-05-04,HDFCBANK,EQ,1548.46,1540.11,1567.47,1523.76,1547.60,1547.60,1546.28,14801912,22887900487.36,81961,9200868,0.6216
2026-05-05,HDFCBANK,EQ,1547.60,1542.35,1562.27,1527.59,1546.28,1546.28,1545.38,11850168,18313012623.84,213467,7445461,0.6283
2026-05-06,HDFCBANK,EQ,1546.28,1545.99,1566.52,1525.46,1541.24,1541.24,1544.41,10258715,15843662033.15,177425,5946977,0.5797
2026-05-07,HDFCBANK,EQ,1541.24,1544.21,1554.15,1511.07,1521.17,1521.17,1528.80,11611698,17751963902.4,151627,7136550,0.6146
2026-05-08,HDFCBANK,EQ,1521.17,1519.88,1523.23,1499.42,1510.01,1510.01,1510.89,11416290,17248758398.1,89689,4478611,0.3923
2026-05-11,HDFCBANK,EQ,1510.01,1500.66,1516.07,1459.68,1471.72,1471.72,1482.49,10259948,15210270310.52,182539,5858430,0.571
2026-05-12,HDFCBANK,EQ,1471.72,1470.23,1482.48,1460.09,1476.85,1476.85,1473.14,11651670,17164541143.8,172650,5272381,0.4525
2026-05-13,HDFCBANK,EQ,1476.85,1471.94,1524.30,1464.25,1498.59,1498.59,1495.71,5716500,8550226215.0,102250,3447050,0.603
2026-05-14,HDFCBANK,EQ,1498.59,1506.27,1523.18,1475.86,1484.87,1484.87,1494.64,11552937,17267481757.68,215356,7213654,0.6244
2026-05-15,HDFCBANK,EQ,1484.87,1489.76,1497.10,1449.33,1458.30,1458.30,1468.24,11778926,17294290310.24,207814,5329964,0.4525
2026-05-18,HDFCBANK,EQ,1458.30,1461.27,1468.70,1439.95,1457.64,1457.64,1455.43,10225571,14882602800.53,184275,4241567,0.4148
2026-05-19,HDFCBANK,EQ,1457.64,1453.97,1472.83,1436.62,1446.14,1446.14,1451.86,8125602,11797236519.72,216225,3777592,0.4649
2026-05-20,HDFCBANK,EQ,1446.14,1443.60,1450.24,1430.46,1446.60,1446.60,1442.43,15600717,22502942222.31,71029,6110801,0.3917
2026-05-21,HDFCBANK,EQ,1446.60,1448.96,1465.10,1435.94,1446.07,1446.07,1449.04,6097895,8836093770.8,200800,2520260,0.4133
2026-05-22,HDFCBANK,EQ,1446.07,1447.25,1494.25,1428.60,1476.39,1476.39,1466.41,19507341,28605759915.81,130113,11673193,0.5984
2026-05-25,HDFCBANK,EQ,1476.39,1475.14,1525.11,1462.85,1494.77,1494.77,1494.24,10067176,15042777066.24,78032,5987956,0.5948
2026-05-26,HDFCBANK,EQ,1494.77,1488.43,1492.69,1451.65,1465.58,1465.58,1469.97,14686911,21589318562.67,135392,6168503,0.42
2026-05-27,HDFCBANK,EQ,1465.58,1459.82,1485.64,1443.41,1473.29,1473.29,1467.45,13077538,19190633138.1,143938,7600665,0.5812
2026-05-28,HDFCBANK,EQ,1473.29,1473.49,1486.28,1450.09,1453.15,1453.15,1463.17,13398287,19603971589.79,117216,8103284,0.6048
2026-05-29,HDFCBANK,EQ,1453.15,1446.69,1452.17,1423.10,1436.56,1436.56,1437.28,6450248,9270812445.44,180969,3678576,0.5703
2026-06-01,HDFCBANK,EQ,1436.56,1448.05,1453.03,1430.79,1442.60,1442.60,1442.14,12998890,18746219224.6,95573,5797505,0.446
2026-06-02,HDFCBANK,EQ,1442.60,1449.26,1473.71,1430.54,1463.96,1463.96,1456.07,19051933,27740948083.31,185727,9362120,0.4914
2026-06-03,HDFCBANK,EQ,1463.96,1455.97,1469.88,1449.70,1460.94,1460.94,1460.17,21466095,31344147936.15,189390,13220968,0.6159
2026-06-04,HDFCBANK,EQ,1460.94,1454.41,1469.44,1440.55,1458.10,1458.10,1456.03,20585718,29973422979.54,122866,9047423,0.4395
2026-06-05,HDFCBANK,EQ,1458.10,1451.91,1475.83,1444.54,1463.61,1463.61,1461.33,11742277,17159341648.41,111448,4599450,0.3917
2026-06-08,HDFCBANK,EQ,1463.61,1469.66,1508.73,1454.89,1495.13,1495.13,1486.25,15495270,23029845037.5,136544,9622563,0.621
2026-06-09,HDFCBANK,EQ,1495.13,1485.16,1507.73,1481.09,1494.55,1494.55,1494.46,11446793,17106774266.78,127184,5206001,0.4548
2026-06-10,HDFCBANK,EQ,1494.55,1494.75,1505.60,1474.13,1497.93,1497.93,1492.55,9649182,14401886594.1,189071,6251705,0.6479
2026-06-11,HDFCBANK,EQ,1497.93,1502.91,1511.06,1478.33,1485.99,1485.99,1491.79,9181983,13697590419.57,150111,4714948,0.5135
2026-06-12,HDFCBANK,EQ,1485.99,1483.26,1533.35,1469.97,1503.76,1503.76,1502.36,9917446,14899574172.56,154552,5689639,0.5737
2026-06-15,HDFCBANK,EQ,1503.76,1504.71,1560.99,1489.90,1537.10,1537.10,1529.33,12963412,19825334873.96,112031,5913909,0.4562
2026-06-16,HDFCBANK,EQ,1537.10,1531.51,1554.08,1506.60,1542.45,1542.45,1534.38,4601482,7060421951.16,163918,2360100,0.5129
2026-06-17,HDFCBANK,EQ,1542.45,1550.47,1565.19,1538.18,1558.55,1558.55,1553.97,6823653,10603752052.41,155195,3647925,0.5346
2026-06-18,HDFCBANK,EQ,1558.55,1557.43,1570.10,1537.94,1552.66,1552.66,1553.57,16124307,25050239625.99,140893,8892555,0.5515
2026-06-19,HDFCBANK,EQ,1552.66,1556.75,1561.20,1527.23,1535.43,1535.43,1541.29,10778190,16612316465.1,215104,5117485,0.4748
2026-06-22,HDFCBANK,EQ,1535.43,1532.71,1551.00,1515.10,1538.57,1538.57,1534.89,8627696,13242564313.44,215753,4942807,0.5729
2026-06-23,HDFCBANK,EQ,1538.57,1545.73,1552.27,1493.84,1501.38,1501.38,1515.83,11348042,17201702504.86,77012,5650190,0.4979
2026-06-24,HDFCBANK,EQ,1501.38,1508.16,1533.84,1497.47,1515.21,1515.21,1515.51,14332360,21720834903.6,139940,5906366,0.4121
2026-06-25,HDFCBANK,EQ,1515.21,1524.36,1534.05,1487.20,1499.90,1499.90,1507.05,8476860,12775051863.0,216703,4650405,0.5486
2026-06-26,HDFCBANK,EQ,1499.90,1497.66,1519.75,1489.63,1510.81,1510.81,1506.73,10770452,16228163141.96,61384,5149353,0.4781
2026-06-29,HDFCBANK,EQ,1510.81,1513.78,1518.30,1488.26,1502.94,1502.94,1503.17,8141619,12238237432.23,73836,3959269,0.4863
2026-06-30,HDFCBANK,EQ,1502.94,1501.56,1516.60,1488.18,1511.98,1511.98,1505.59,17450277,26272962548.43,103905,10133376,0.5807
2026-07-01,HDFCBANK,EQ,1511.98,1514.41,1541.23,1509.88,1529.57,1529.57,1526.89,9695210,14803519196.9,205000,4014786,0.4141
2026-07-02,HDFCBANK,EQ,1529.57,1527.01,1540.03,1504.31,1514.13,1514.13,1519.49,7244056,11007270651.44,170733,3424990,0.4728
2026-07-03,HDFCBANK,EQ,1514.13,1519.97,1578.35,1507.25,1563.49,1563.49,1549.70,15224599,23593561070.3,167785,6878474,0.4518
2026-07-06,HDFCBANK,EQ,1563.49,1561.56,1576.36,1553.97,1570.09,1570.09,1566.81,24021699,37637438210.19,110211,9253158,0.3852
2026-07-07,HDFCBANK,EQ,1570.09,1563.26,1583.41,1535.99,1570.51,1570.51,1563.30,19015506,29726940529.8,179907,7988414,0.4201
2026-07-08,HDFCBANK,EQ,1570.51,1574.11,1588.75,1554.93,1570.61,1570.61,1571.43,16440096,25834460057.28,143874,8425549,0.5125
2026-07-09,HDFCBANK,EQ,1570.61,1569.48,1589.61,1554.76,1567.34,1567.34,1570.57,11650950,18298632541.5,135137,6590942,0.5657
2026-07-10,HDFCBANK,EQ,1567.34,1577.17,1592.71,1570.98,1581.68,1581.68,1581.79,14525994,22977072049.26,96217,8141820,0.5605
2026-07-13,HDFCBANK,EQ,1581.68,1575.28,1598.06,1547.76,1576.45,1576.45,1574.09,12351902,19443005419.18,158314,6760196,0.5473
2026-07-14,HDFCBANK,EQ,1576.45,1585.31,1591.88,1562.82,1576.33,1576.33,1577.01,17333231,27334678619.31,198835,9706609,0.56
2026-07-15,HDFCBANK,EQ,1576.33,1579.86,1600.05,1553.93,1580.10,1580.10,1578.03,8854398,13972505675.94,99470,5337431,0.6028
2026-07-16,HDFCBANK,EQ,1580.10,1589.33,1617.25,1537.04,1553.82,1553.82,1569.37,19028929,29863430304.73,201396,8705735,0.4575
2026-07-17,HDFCBANK,EQ,1553.82,1553.17,1570.19,1530.35,1547.39,1547.39,1549.31,9926770,15379644028.7,123671,6300521,0.6347
2026-07-20,HDFCBANK,EQ,1547.39,1552.98,1589.23,1526.54,1582.75,1582.75,1566.17,7735010,12114340611.7,201638,3557331,0.4599
2026-07-21,HDFCBANK,EQ,1582.75,1578.72,1582.61,1567.25,1575.39,1575.39,1575.08,10639794,16758526733.52,163879,4288901,0.4031
2026-07-22,HDFCBANK,EQ,1575.39,1574.74,1588.41,1518.07,1536.92,1536.92,1547.80,9480263,14673551071.4,199033,4405478,0.4647
2026-07-23,HDFCBANK,EQ,1536.92,1542.37,1587.15,1531.25,1547.94,1547.94,1555.45,19900157,30953699205.65,177139,7852602,0.3946
2026-07-24,HDFCBANK,EQ,1547.94,1551.23,1585.62,1532.10,1569.48,1569.48,1562.40,9807489,15323220813.6,139982,4379044,0.4465
2026-07-27,HDFCBANK,EQ,1569.48,1569.93,1604.27,1565.11,1580.52,1580.52,1583.30,11506630,18218447279.0,85230,7187041,0.6246
2026-07-28,HDFCBANK,EQ,1580.52,1580.48,1605.93,1555.73,1566.91,1566.91,1576.19,14022626,22102322874.94,93579,6252689,0.4459
2026-07-29,HDFCBANK,EQ,1566.91,1564.57,1577.58,1545.90,1550.60,1550.60,1558.03,14672627,22860393044.81,96498,6869724,0.4682
2026-07-30,HDFCBANK,EQ,1550.60,1550.86,1568.62,1526.18,1564.86,1564.86,1553.22,16585509,25760944288.98,71275,8093728,0.488
2026-07-31,HDFCBANK,EQ,1564.86,1563.47,1570.20,1544.39,1556.25,1556.25,1556.95,10514559,16370642635.05,152953,5499114,0.523
2026-08-03,HDFCBANK,EQ,1556.25,1564.47,1602.74,1550.01,1591.50,1591.50,1581.42,18455466,29185843041.72,217161,10117286,0.5482
2026-08-04,HDFCBANK,EQ,1591.50,1590.46,1604.45,1559.15,1586.50,1586.50,1583.37,10080134,15960581771.58,127886,4573357,0.4537
2026-08-05,HDFCBANK,EQ,1586.50,1584.17,1606.54,1568.76,1596.70,1596.70,1590.67,7366596,11717823259.32,184844,2875182,0.3903
2026-08-06,HDFCBANK,EQ,1596.70,1602.52,1618.61,1580.83,1585.36,1585.36,1594.93,21421895,34166422992.35,214214,8965063,0.4185
2026-08-07,HDFCBANK,EQ,1585.36,1595.61,1604.37,1555.80,1568.32,1568.32,1576.16,10356258,16323119609.28,204519,4645817,0.4486
2026-08-10,HDFCBANK,EQ,1568.32,1576.38,1586.80,1565.21,1574.18,1574.18,1575.40,7542732,11882819992.8,136553,4271449,0.5663
2026-08-11,HDFCBANK,EQ,1574.18,1575.89,1595.82,1530.91,1543.10,1543.10,1556.61,9124127,14202707329.47,124572,4972649,0.545
2026-08-12,HDFCBANK,EQ,1543.10,1540.17,1560.47,1495.82,1508.58,1508.58,1521.62,8040191,12234115429.42,76202,4510547,0.561
2026-08-13,HDFCBANK,EQ,1508.58,1516.51,1538.68,1509.61,1535.02,1535.02,1527.77,6669916,10190097567.32,72654,4176701,0.6262
2026-08-14,HDFCBANK,EQ,1535.02,1523.01,1533.19,1499.15,1518.56,1518.56,1516.97,14106904,21399750160.88,174258,6593567,0.4674
2026-08-17,HDFCBANK,EQ,1518.56,1525.69,1555.24,1516.00,1546.40,1546.40,1539.21,9757169,15018332096.49,100256,5155688,0.5284
2026-08-18,HDFCBANK,EQ,1546.40,1545.52,1556.96,1540.45,1545.00,1545.00,1547.47,12852735,19889221830.45,90432,6251570,0.4864
2026-08-19,HDFCBANK,EQ,1545.00,1548.28,1553.20,1529.95,1538.67,1538.67,1540.61,24860238,38299931265.18,151618,12131796,0.488
2026-08-20,HDFCBANK,EQ,1538.67,1543.15,1565.07,1525.28,1554.41,1554.41,1548.25,6632836,10269288337.0,93783,3608263,0.544
2026-08-21,HDFCBANK,EQ,1554.41,1554.91,1561.28,1537.41,1545.55,1545.55,1548.08,8914981,13801103786.48,190216,5286584,0.593
2026-08-24,HDFCBANK,EQ,1545.55,1550.29,1570.85,1543.43,1558.51,1558.51,1557.60,16268701,25340128677.6,190957,8336082,0.5124
2026-08-25,HDFCBANK,EQ,1558.51,1554.84,1580.73,1528.52,1547.57,1547.57,1552.27,8021359,12451314934.93,182722,4041963,0.5039
2026-08-26,HDFCBANK,EQ,1547.57,1541.52,1569.75,1533.14,1554.91,1554.91,1552.60,11159069,17325570529.4,118014,5460132,0.4893
2026-08-27,HDFCBANK,EQ,1554.91,1564.81,1592.90,1553.61,1581.11,1581.11,1575.87,7583246,11950209874.02,61694,3672566,0.4843
2026-08-28,HDFCBANK,EQ,1581.11,1579.35,1584.06,1567.99,1574.17,1574.17,1575.41,18135689,28571145807.49,186479,7221631,0.3982
2026-08-31,HDFCBANK,EQ,1574.17,1569.96,1584.94,1546.81,1558.71,1558.71,1563.49,8734211,13655851556.39,197723,5264109,0.6027
2026-09-01,HDFCBANK,EQ,1558.71,1557.62,1579.30,1521.39,1543.93,1543.93,1548.21,23658056,36627638879.76,213880,9583878,0.4051
2026-09-02,HDFCBANK,EQ,1543.93,1544.40,1550.05,1538.70,1546.14,1546.14,1544.96,12073389,18652903069.44,168002,7774055,0.6439
2026-09-03,HDFCBANK,EQ,1546.14,1553.63,1576.96,1543.36,1567.34,1567.34,1562.55,14407838,22512967266.9,147637,5874076,0.4077
2026-09-04,HDFCBANK,EQ,1567.34,1564.35,1597.11,1542.04,1589.77,1589.77,1576.31,14183284,22357252402.04,217231,7176742,0.506
2026-09-07,HDFCBANK,EQ,1589.77,1594.51,1611.59,1588.03,1599.23,1599.23,1599.62,14338259,22935765861.58,160955,8190014,0.5712
2026-09-08,HDFCBANK,EQ,1599.23,1591.57,1616.24,1584.94,1610.05,1610.05,1603.74,14731530,23625543922.2,67503,6710212,0.4555
2026-09-09,HDFCBANK,EQ,1610.05,1603.32,1615.49,1555.01,1584.64,1584.64,1585.05,18664868,29584749023.4,119076,9106589,0.4879
2026-09-10,HDFCBANK,EQ,1584.64,1587.53,1629.79,1581.29,1608.86,1608.86,1606.65,13370604,21481880916.6,178570,6396497,0.4784
2026-09-11,HDFCBANK,EQ,1608.86,1605.77,1642.01,1594.40,1635.77,1635.77,1624.06,10520893,17086561485.58,62337,5555032,0.528
2026-09-14,HDFCBANK,EQ,1635.77,1644.08,1674.25,1619.68,1656.81,1656.81,1650.25,11584774,19117773293.5,206830,7094516,0.6124
2026-09-15,HDFCBANK,EQ,1656.81,1657.72,1670.31,1611.21,1622.94,1622.94,1634.82,20463745,33454539600.9,133979,10966521,0.5359
2025-10-01,ICICIBANK,EQ,1151.24,1151.24,1178.95,1146.53,1152.97,1152.97,1159.48,18956660,21979868136.8,209856,11006237,0.5806
2025-10-02,ICICIBANK,EQ,1152.97,1157.72,1206.90,1147.60,1180.18,1180.18,1178.23,19227253,22654126302.19,90905,10946075,0.5693
2025-10-03,ICICIBANK,EQ,1180.18,1181.31,1195.34,1176.80,1186.97,1186.97,1186.37,10814575,12830087342.75,82661,4639453,0.429
2025-10-06,ICICIBANK,EQ,1186.97,1188.11,1198.53,1165.80,1177.82,1177.82,1180.72,13393572,15814058331.84,72921,8376340,0.6254
2025-10-07,ICICIBANK,EQ,1177.82,1169.95,1178.07,1162.16,1174.34,1174.34,1171.52,11271149,13204376476.48,131686,4732755,0.4199
2025-10-08,ICICIBANK,EQ,1174.34,1174.97,1197.30,1155.88,1179.97,1179.97,1177.72,10531976,12403718774.72,197424,5532447,0.5253
2025-10-09,ICICIBANK,EQ,1179.97,1177.88,1197.34,1147.33,1164.59,1164.59,1169.75,13471273,15758021591.75,144669,6451393,0.4789
2025-10-10,ICICIBANK,EQ,1164.59,1170.35,1173.30,1154.73,1165.38,1165.38,1164.47,13403135,15607548613.45,96614,5637359,0.4206
2025-10-13,ICICIBANK,EQ,1165.38,1161.43,1197.71,1154.84,1189.60,1189.60,1180.72,27904500,32947401240.0,200187,14016430,0.5023
2025-10-14,ICICIBANK,EQ,1189.60,1189.19,1195.37,1169.48,1172.46,1172.46,1179.10,10254817,12091454724.7,89858,4861809,0.4741
2025-10-15,ICICIBANK,EQ,1172.46,1162.69,1171.01,1150.93,1156.98,1156.98,1159.64,9885429,11463538885.56,197625,5598118,0.5663
2025-10-16,ICICIBANK,EQ,1156.98,1155.10,1183.11,1145.16,1165.22,1165.22,1164.50,11196000,13037742000.0,85193,5426701,0.4847
2025-10-17,ICICIBANK,EQ,1165.22,1155.45,1165.73,1152.71,1161.89,1161.89,1160.11,17890321,20754740295.31,158232,9650039,0.5394
2025-10-20,ICICIBANK,EQ,1161.89,1156.50,1175.94,1151.51,1156.10,1156.10,1161.18,17005275,19746185224.5,188535,10364715,0.6095
2025-10-21,ICICIBANK,EQ,1156.10,1154.49,1162.32,1139.27,1141.90,1141.90,1147.83,15374224,17646995533.92,88875,9894851,0.6436
2025-10-22,ICICIBANK,EQ,1141.90,1145.95,1167.36,1133.00,1150.29,1150.29,1150.22,11206109,12889490693.98,128506,7136050,0.6368
2025-10-23,ICICIBANK,EQ,1150.29,1151.14,1170.54,1141.25,1144.80,1144.80,1152.20,7443479,8576376503.8,139929,3057781,0.4108
2025-10-24,ICICIBANK,EQ,1144.80,1139.06,1142.40,1113.76,1136.10,1136.10,1130.75,9091526,10280243024.5,127606,4596676,0.5056
2025-10-27,ICICIBANK,EQ,1136.10,1142.46,1157.89,1127.50,1145.60,1145.60,1143.66,8443070,9656001436.2,139064,3928560,0.4653
2025-10-28,ICICIBANK,EQ,1145.60,1154.05,1160.79,1133.66,1140.62,1140.62,1145.02,11659188,13350003443.76,84725,5149863,0.4417
2025-10-29,ICICIBANK,EQ,1140.62,1140.27,1153.33,1132.59,1148.41,1148.41,1144.78,6660982,7625358973.96,111540,4288340,0.6438
2025-10-30,ICICIBANK,EQ,1148.41,1148.84,1156.10,1126.95,1135.30,1135.30,1139.45,10173418,11592101140.1,95924,3910662,0.3844
2025-10-31,ICICIBANK,EQ,1135.30,1133.71,1146.96,1116.92,1123.85,1123.85,1129.24,30863373,34852155326.52,88523,19820458,0.6422
2025-11-03,ICICIBANK,EQ,1123.85,1125.76,1135.43,1114.37,1131.15,1131.15,1126.98,15658294,17646584172.12,89993,7509718,0.4796
2025-11-04,ICICIBANK,EQ,1131.15,1133.85,1136.65,1105.51,1126.50,1126.50,1122.89,7646871,8586594977.19,151555,4728825,0.6184
2025-11-05,ICICIBANK,EQ,1126.50,1121.97,1129.30,1096.92,1120.67,1120.67,1115.63,9663964,10781408157.32,90638,6052541,0.6263
2025-11-06,ICICIBANK,EQ,1120.67,1124.41,1129.72,1109.83,1125.79,1125.79,1121.78,17091361,19172746942.58,212749,7610783,0.4453
2025-11-07,ICICIBANK,EQ,1125.79,1124.97,1140.22,1116.77,1121.17,1121.17,1126.05,10035987,11301023161.35,139720,4181996,0.4167
2025-11-10,ICICIBANK,EQ,1121.17,1115.81,1126.13,1103.28,1122.23,1122.23,1117.21,13384694,14953513983.74,202268,6549131,0.4893
2025-11-11,ICICIBANK,EQ,1122.23,1119.46,1123.16,1090.58,1093.96,1093.96,1102.57,15701258,17311736033.06,99505,6406113,0.408
2025-11-12,ICICIBANK,EQ,1093.96,1103.12,1105.48,1064.16,1083.56,1083.56,1084.40,11847460,12847385624.0,211742,7611993,0.6425
2025-11-13,ICICIBANK,EQ,1083.56,1083.98,1095.19,1070.85,1090.62,1090.62,1085.55,17297428,18777222965.4,92864,8083088,0.4673
2025-11-14,ICICIBANK,EQ,1090.62,1092.25,1095.34,1076.60,1082.90,1082.90,1084.95,9647700,10467272115.0,214269,3727871,0.3864
2025-11-17,ICICIBANK,EQ,1082.90,1085.68,1094.91,1058.65,1066.17,1066.17,1073.24,15620159,16764179445.16,83669,8822266,0.5648
2025-11-18,ICICIBANK,EQ,1066.17,1064.50,1077.61,1044.04,1054.49,1054.49,1058.71,15422698,16328164599.58,177852,8528752,0.553
2025-11-19,ICICIBANK,EQ,1054.49,1050.93,1069.36,1043.98,1062.29,1062.29,1058.54,17623208,18654870596.32,135189,9079477,0.5152
2025-11-20,ICICIBANK,EQ,1062.29,1065.57,1093.41,1056.73,1076.17,1076.17,1075.44,11893433,12790673585.52,125579,5088011,0.4278
2025-11-21,ICICIBANK,EQ,1076.17,1074.84,1101.99,1072.66,1087.89,1087.89,1087.51,13059913,14202785986.63,211764,6737609,0.5159
2025-11-24,ICICIBANK,EQ,1087.89,1090.20,1112.35,1085.60,1091.01,1091.01,1096.32,17695810,19400270419.2,142910,8787739,0.4966
2025-11-25,ICICIBANK,EQ,1091.01,1093.62,1119.54,1086.56,1116.25,1116.25,1107.45,21355762,23650438626.9,158234,13857754,0.6489
2025-11-26,ICICIBANK,EQ,1116.25,1118.34,1130.21,1101.17,1103.50,1103.50,1111.63,9014441,10020723048.83,188917,4792978,0.5317
2025-11-27,ICICIBANK,EQ,1103.50,1106.17,1110.07,1091.20,1101.84,1101.84,1101.04,13097466,14420833964.64,125347,5392227,0.4117
2025-11-28,ICICIBANK,EQ,1101.84,1107.81,1128.89,1102.84,1124.13,1124.13,1118.62,16667578,18644686102.36,118275,8083775,0.485
2025-12-01,ICICIBANK,EQ,1124.13,1128.41,1132.10,1099.34,1109.96,1109.96,1113.80,13679469,15236192572.2,83711,7504557,0.5486
2025-12-02,ICICIBANK,EQ,1109.96,1112.20,1121.59,1082.47,1119.33,1119.33,1107.80,15432203,17095794483.4,154668,6137387,0.3977
2025-12-03,ICICIBANK,EQ,1119.33,1112.09,1120.30,1088.86,1096.89,1096.89,1102.02,11454617,12623217026.34,159689,5494780,0.4797
2025-12-04,ICICIBANK,EQ,1096.89,1094.93,1109.79,1084.03,1100.08,1100.08,1097.97,23935026,26279940497.22,160604,10483541,0.438
2025-12-05,ICICIBANK,EQ,1100.08,1099.31,1107.47,1091.63,1098.39,1098.39,1099.16,11026084,12119430489.44,181742,5191080,0.4708
2025-12-08,ICICIBANK,EQ,1098.39,1098.93,1116.06,1092.93,1104.86,1104.86,1104.62,19160454,21165020697.48,108661,7336538,0.3829
2025-12-09,ICICIBANK,EQ,1104.86,1107.73,1120.36,1096.29,1107.61,1107.61,1108.09,13761070,15248504056.3,172544,7675925,0.5578
2025-12-10,ICICIBANK,EQ,1107.61,1105.72,1118.54,1096.54,1103.29,1103.29,1106.12,19301913,21350232007.56,208360,7809554,0.4046
2025-12-11,ICICIBANK,EQ,1103.29,1101.20,1119.53,1093.58,1114.97,1114.97,1109.36,14223612,15779106208.32,70959,7336539,0.5158
2025-12-12,ICICIBANK,EQ,1114.97,1112.24,1123.29,1094.50,1102.98,1102.98,1106.92,16933196,18743693316.32,121043,8248160,0.4871
2025-12-15,ICICIBANK,EQ,1102.98,1102.04,1107.27,1075.09,1100.20,1100.20,1094.19,7694063,8418766793.97,159337,3970906,0.5161
2025-12-16,ICICIBANK,EQ,1100.20,1103.12,1108.58,1090.77,1106.26,1106.26,1101.87,12209106,13452847628.22,212485,7596506,0.6222
2025-12-17,ICICIBANK,EQ,1106.26,1105.73,1130.74,1097.90,1124.91,1124.91,1117.85,22877310,25573400983.5,107176,14787893,0.6464
2025-12-18,ICICIBANK,EQ,1124.91,1127.52,1146.07,1119.11,1130.91,1130.91,1132.03,20893756,23652358604.68,216782,10258834,0.491
2025-12-19,ICICIBANK,EQ,1130.91,1133.04,1138.15,1100.01,1121.38,1121.38,1119.85,9629107,10783155473.95,93970,5796722,0.602
2025-12-22,ICICIBANK,EQ,1121.38,1119.45,1153.40,1105.16,1142.63,1142.63,1133.73,15780879,17891255948.67,67708,9197096,0.5828
2025-12-23,ICICIBANK,EQ,1142.63,1141.81,1150.20,1119.39,1126.54,1126.54,1132.04,14924483,16895111735.32,97579,7677154,0.5144
2025-12-24,ICICIBANK,EQ,1126.54,1132.15,1148.35,1128.02,1132.75,1132.75,1136.37,14587392,16576674647.04,206945,6217146,0.4262
2025-12-25,ICICIBANK,EQ,1132.75,1132.71,1142.63,1112.26,1122.49,1122.49,1125.79,9267985,10433804833.15,101930,5114074,0.5518
2025-12-26,ICICIBANK,EQ,1122.49,1123.42,1129.29,1108.68,1118.31,1118.31,1118.76,16980771,18997407363.96,134221,10835430,0.6381
2025-12-29,ICICIBANK,EQ,1118.31,1126.22,1132.00,1113.08,1118.74,1118.74,1121.27,21802997,24447046446.19,195730,12447331,0.5709
2025-12-30,ICICIBANK,EQ,1118.74,1108.61,1119.70,1098.53,1117.40,1117.40,1111.88,8480015,9428759078.2,137170,4598712,0.5423
2025-12-31,ICICIBANK,EQ,1117.40,1123.57,1131.95,1105.02,1112.45,1112.45,1116.47,15665911,17490519654.17,158066,7229818,0.4615
2026-01-01,ICICIBANK,EQ,1112.45,1111.48,1124.33,1108.61,1111.94,1111.94,1114.96,15951496,17785279980.16,148086,7037800,0.4412
2026-01-02,ICICIBANK,EQ,1111.94,1114.36,1132.43,1077.52,1080.39,1080.39,1096.78,11229864,12316690237.92,170748,7086044,0.631
2026-01-05,ICICIBANK,EQ,1080.39,1078.04,1090.00,1045.62,1049.08,1049.08,1061.57,18956807,20123977606.99,194613,7465191,0.3938
2026-01-06,ICICIBANK,EQ,1049.08,1051.98,1063.27,1044.34,1046.77,1046.77,1051.46,11357562,11942022140.52,150163,7237039,0.6372
2026-01-07,ICICIBANK,EQ,1046.77,1052.22,1065.34,1043.96,1050.90,1050.90,1053.40,12375663,13036523404.2,187225,7530591,0.6085
2026-01-08,ICICIBANK,EQ,1050.90,1048.37,1060.31,1041.23,1056.03,1056.03,1052.52,17868879,18807352525.08,217032,11098361,0.6211
2026-01-09,ICICIBANK,EQ,1056.03,1059.07,1076.50,1053.19,1072.38,1072.38,1067.36,9608467,10255693337.12,206640,4589004,0.4776
2026-01-12,ICICIBANK,EQ,1072.38,1070.58,1091.22,1056.77,1082.37,1082.37,1076.79,8246409,8879650747.11,159601,4141347,0.5022
2026-01-13,ICICIBANK,EQ,1082.37,1085.99,1097.57,1079.98,1093.91,1093.91,1090.49,9613478,10483401624.22,76746,4307799,0.4481
2026-01-14,ICICIBANK,EQ,1093.91,1092.72,1107.44,1066.24,1080.38,1080.38,1084.69,13421499,14558165750.31,110850,7889157,0.5878
2026-01-15,ICICIBANK,EQ,1080.38,1073.32,1081.95,1064.64,1074.66,1074.66,1073.75,9005327,9669469866.25,109765,5259111,0.584
2026-01-16,ICICIBANK,EQ,1074.66,1069.53,1084.15,1041.02,1051.34,1051.34,1058.84,8017560,8489313230.4,176646,4368768,0.5449
2026-01-19,ICICIBANK,EQ,1051.34,1047.81,1050.81,1027.68,1033.78,1033.78,1037.42,13756152,14270907207.84,212185,5959165,0.4332
2026-01-20,ICICIBANK,EQ,1033.78,1028.91,1036.76,1009.59,1029.47,1029.47,1025.27,13201491,13535092677.57,87350,5272676,0.3994
2026-01-21,ICICIBANK,EQ,1029.47,1030.94,1055.79,1012.98,1040.73,1040.73,1036.50,20555326,21305595399.0,157376,11552093,0.562
2026-01-22,ICICIBANK,EQ,1040.73,1035.05,1058.32,1027.29,1054.25,1054.25,1046.62,19658605,20575089165.1,128635,9428267,0.4796
2026-01-23,ICICIBANK,EQ,1054.25,1058.76,1077.46,1051.39,1068.30,1068.30,1065.72,17805729,18975921509.88,77749,7378694,0.4144
2026-01-26,ICICIBANK,EQ,1068.30,1067.43,1069.88,1038.21,1045.27,1045.27,1051.12,10033743,10546667942.16,69075,5040952,0.5024
2026-01-27,ICICIBANK,EQ,1045.27,1039.69,1049.46,1026.21,1030.59,1030.59,1035.42,8160032,8449060333.44,60503,4817683,0.5904
2026-01-28,ICICIBANK,EQ,1030.59,1030.70,1045.13,1028.50,1032.96,1032.96,1035.53,12286015,12722537112.95,168433,6057005,0.493
2026-01-29,ICICIBANK,EQ,1032.96,1033.64,1048.01,1021.81,1040.42,1040.42,1036.75,15165880,15723226090.0,124343,6917158,0.4561
2026-01-30,ICICIBANK,EQ,1040.42,1046.08,1048.82,1029.32,1040.15,1040.15,1039.43,10173573,10574716983.39,114258,4761232,0.468
2026-02-02,ICICIBANK,EQ,1040.15,1036.57,1050.34,1032.24,1044.47,1044.47,1042.35,11830741,12331772881.35,185681,4637650,0.392
2026-02-03,ICICIBANK,EQ,1044.47,1045.25,1052.05,1032.08,1038.91,1038.91,1041.01,13819964,14386720723.64,109466,7096552,0.5135
2026-02-04,ICICIBANK,EQ,1038.91,1043.93,1055.79,1022.44,1030.42,1030.42,1036.22,9245822,9580705672.84,99189,5545644,0.5998
2026-02-05,ICICIBANK,EQ,1030.42,1027.19,1060.61,1017.86,1035.83,1035.83,1038.10,26596256,27609573353.6,140662,16641277,0.6257
2026-02-06,ICICIBANK,EQ,1035.83,1029.59,1060.15,1019.59,1052.77,1052.77,1044.17,17781200,18566595604.0,175633,10412671,0.5856
2026-02-09,ICICIBANK,EQ,1052.77,1047.89,1062.77,1038.02,1040.45,1040.45,1047.08,11932665,12494454868.2,157960,7472235,0.6262
2026-02-10,ICICIBANK,EQ,1040.45,1041.27,1065.50,1034.10,1038.71,1038.71,1046.10,15275111,15979293617.1,143883,6459844,0.4229
2026-02-11,ICICIBANK,EQ,1038.71,1046.07,1067.32,1043.23,1053.12,1053.12,1054.56,15185423,16013939678.88,192685,6544917,0.431
2026-02-12,ICICIBANK,EQ,1053.12,1055.79,1088.84,1052.03,1085.30,1085.30,1075.39,23716604,25504598775.56,171532,14457642,0.6096
2026-02-13,ICICIBANK,EQ,1085.30,1082.40,1090.47,1071.45,1077.70,1077.70,1079.87,18030154,19470222399.98,111151,11223771,0.6225
2026-02-16,ICICIBANK,EQ,1077.70,1079.59,1096.15,1073.19,1081.04,1081.04,1083.46,17120349,18549213327.54,168165,10378356,0.6062
2026-02-17,ICICIBANK,EQ,1081.04,1080.70,1102.66,1060.23,1068.04,1068.04,1076.98,8735359,9407806935.82,81754,3822593,0.4376
2026-02-18,ICICIBANK,EQ,1068.04,1065.93,1077.09,1061.60,1074.85,1074.85,1071.18,18241226,19539636466.68,211496,8746668,0.4795
2026-02-19,ICICIBANK,EQ,1074.85,1067.88,1072.45,1050.66,1057.83,1057.83,1060.31,33628256,35656376119.36,90854,19665804,0.5848
2026-02-20,ICICIBANK,EQ,1057.83,1060.70,1078.18,1052.66,1066.88,1066.88,1065.91,14908278,15890882602.98,87576,5765031,0.3867
2026-02-23,ICICIBANK,EQ,1066.88,1061.56,1074.30,1048.11,1052.18,1052.18,1058.20,12893020,13643393764.0,180769,7029275,0.5452
2026-02-24,ICICIBANK,EQ,1052.18,1047.57,1061.72,1040.26,1052.20,1052.20,1051.39,10809674,11365183146.86,181863,4835167,0.4473
2026-02-25,ICICIBANK,EQ,1052.20,1055.10,1061.60,1031.76,1045.14,1045.14,1046.17,15724953,16450974080.01,158109,8428575,0.536
2026-02-26,ICICIBANK,EQ,1045.14,1044.76,1072.26,1035.97,1060.39,1060.39,1056.21,13105630,13842297462.3,135336,7347016,0.5606
2026-02-27,ICICIBANK,EQ,1060.39,1056.71,1071.82,1042.53,1065.61,1065.61,1059.99,9917465,10512413725.35,196732,5927669,0.5977
2026-03-02,ICICIBANK,EQ,1065.61,1062.90,1077.28,1056.33,1061.13,1061.13,1064.91,10331289,11001892968.99,97471,5863007,0.5675
2026-03-03,ICICIBANK,EQ,1061.13,1067.85,1073.65,1059.05,1068.82,1068.82,1067.17,20627388,22012929651.96,122312,9628865,0.4668
2026-03-04,ICICIBANK,EQ,1068.82,1072.45,1077.76,1067.56,1071.21,1071.21,1072.18,13991243,15001130919.74,164575,8426926,0.6023
2026-03-05,ICICIBANK,EQ,1071.21,1076.78,1085.22,1069.93,1077.17,1077.17,1077.44,18161075,19567468648.0,113416,11412420,0.6284
2026-03-06,ICICIBANK,EQ,1077.17,1074.85,1091.08,1060.82,1084.50,1084.50,1078.80,11025977,11894823987.6,207345,4705887,0.4268
2026-03-09,ICICIBANK,EQ,1084.50,1085.09,1094.61,1072.61,1075.84,1075.84,1081.02,22309150,24116637333.0,99726,8553328,0.3834
2026-03-10,ICICIBANK,EQ,1075.84,1079.76,1082.71,1046.58,1063.39,1063.39,1064.23,22704554,24162867503.42,175728,10752877,0.4736
2026-03-11,ICICIBANK,EQ,1063.39,1061.80,1067.77,1043.09,1055.70,1055.70,1055.52,8011939,8456761853.28,105032,3365816,0.4201
2026-03-12,ICICIBANK,EQ,1055.70,1049.92,1056.80,1047.37,1049.74,1049.74,1051.30,24259407,25503914579.1,142006,10518879,0.4336
2026-03-13,ICICIBANK,EQ,1049.74,1049.01,1065.92,1036.84,1041.98,1041.98,1048.25,10980985,11510817526.25,125530,4515381,0.4112
2026-03-16,ICICIBANK,EQ,1041.98,1034.15,1046.94,996.70,1020.81,1020.81,1021.48,9590052,9796046316.96,98612,6148182,0.6411
2026-03-17,ICICIBANK,EQ,1020.81,1026.93,1032.83,992.22,1008.29,1008.29,1011.11,16441024,16623683776.64,219405,8634826,0.5252
2026-03-18,ICICIBANK,EQ,1008.29,1009.62,1011.73,991.85,1002.45,1002.45,1002.01,9913867,9933793872.67,123269,5341592,0.5388
2026-03-19,ICICIBANK,EQ,1002.45,1008.82,1023.54,999.81,1009.60,1009.60,1010.98,9341937,9444511468.26,176387,5578071,0.5971
2026-03-20,ICICIBANK,EQ,1009.60,1007.23,1024.36,993.59,1009.87,1009.87,1009.27,24220415,24444938247.05,159320,12919169,0.5334
2026-03-23,ICICIBANK,EQ,1009.87,1006.67,1014.30,991.20,1004.87,1004.87,1003.46,13815709,13863511353.14,188093,5721085,0.4141
2026-03-24,ICICIBANK,EQ,1004.87,1007.86,1018.84,993.73,1008.39,1008.39,1006.99,17111647,17231257412.53,89200,8637959,0.5048
2026-03-25,ICICIBANK,EQ,1008.39,1004.87,1021.76,1000.98,1009.25,1009.25,1010.66,15644202,15810969193.32,185714,6661301,0.4258
2026-03-26,ICICIBANK,EQ,1009.25,1007.63,1012.01,997.53,1009.68,1009.68,1006.41,17664532,17777761650.12,98238,9828546,0.5564
2026-03-27,ICICIBANK,EQ,1009.68,1013.32,1017.13,996.15,1007.91,1007.91,1007.06,41297070,41588627314.2,100073,26269066,0.6361
2026-03-30,ICICIBANK,EQ,1007.91,1010.30,1029.76,1005.47,1011.57,1011.57,1015.60,15779478,16025637856.8,111550,9240462,0.5856
2026-03-31,ICICIBANK,EQ,1011.57,1007.88,1011.62,969.56,976.16,976.16,985.78,11859777,11691130971.06,160076,5064125,0.427
2026-04-01,ICICIBANK,EQ,976.16,972.98,984.60,956.12,963.79,963.79,968.17,17116179,16571371022.43,201414,9949635,0.5813
2026-04-02,ICICIBANK,EQ,963.79,957.58,975.83,945.28,972.58,972.58,964.56,26647952,25703548581.12,182511,17251884,0.6474
2026-04-03,ICICIBANK,EQ,972.58,972.73,976.98,960.00,967.89,967.89,968.29,14359803,13904453646.87,212105,7017636,0.4887
2026-04-06,ICICIBANK,EQ,967.89,966.08,970.83,949.54,952.85,952.85,957.74,10063149,9637880323.26,73819,5675616,0.564
2026-04-07,ICICIBANK,EQ,952.85,951.49,957.31,940.28,949.03,949.03,948.87,17502344,16607449151.28,77274,7438496,0.425
2026-04-08,ICICIBANK,EQ,949.03,943.97,951.64,931.80,941.12,941.12,941.52,9695448,9128458200.96,187660,5411999,0.5582
2026-04-09,ICICIBANK,EQ,941.12,945.48,951.42,918.14,933.92,933.92,934.49,23579893,22035174209.57,143339,10669902,0.4525
2026-04-10,ICICIBANK,EQ,933.92,944.21,948.41,935.52,938.70,938.70,940.88,11444703,10768092158.64,84871,5241674,0.458
2026-04-13,ICICIBANK,EQ,938.70,942.70,948.68,939.65,945.88,945.88,944.74,10156417,9595173396.58,207864,4655702,0.4584
2026-04-14,ICICIBANK,EQ,945.88,950.05,976.28,944.05,966.14,966.14,962.16,15173541,14599374208.56,92341,7286334,0.4802
2026-04-15,ICICIBANK,EQ,966.14,966.19,972.01,958.70,965.43,965.43,965.38,21406617,20665519919.46,137022,12156818,0.5679
2026-04-16,ICICIBANK,EQ,965.43,961.79,977.91,956.43,971.61,971.61,968.65,15725691,15232690587.15,185978,7804660,0.4963
2026-04-17,ICICIBANK,EQ,971.61,968.10,972.32,950.41,954.73,954.73,959.15,26247593,25175378825.95,66443,10911124,0.4157
2026-04-20,ICICIBANK,EQ,954.73,948.09,957.00,923.99,928.95,928.95,936.65,14418067,13504682455.55,212332,9050221,0.6277
2026-04-21,ICICIBANK,EQ,928.95,931.26,933.96,911.94,921.21,921.21,922.37,7300217,6733501154.29,103686,4424662,0.6061
2026-04-22,ICICIBANK,EQ,921.21,925.26,941.23,920.54,937.38,937.38,933.05,21822347,20361340868.35,76195,12314350,0.5643
2026-04-23,ICICIBANK,EQ,937.38,936.13,960.26,918.35,953.49,953.49,944.03,22653959,21386016914.77,166069,12597867,0.5561
2026-04-24,ICICIBANK,EQ,953.49,950.34,958.40,935.07,956.05,956.05,949.84,8333805,7915781341.2,106654,3986059,0.4783
2026-04-27,ICICIBANK,EQ,956.05,953.53,963.62,940.71,943.83,943.83,949.39,12021788,11413365309.32,80226,7284001,0.6059
2026-04-28,ICICIBANK,EQ,943.83,950.83,953.71,936.93,950.06,950.06,946.90,18257143,17287688706.7,63737,10528894,0.5767
2026-04-29,ICICIBANK,EQ,950.06,953.66,961.13,934.30,943.93,943.93,946.45,14506075,13729274683.75,165468,6784491,0.4677
2026-04-30,ICICIBANK,EQ,943.93,948.91,957.10,940.98,955.01,955.01,951.03,12307937,11705217325.11,204535,5975503,0.4855
2026-05-01,ICICIBANK,EQ,955.01,950.83,968.26,945.95,955.70,955.70,956.64,18054771,17271916129.44,177573,8056039,0.4462
2026-05-04,ICICIBANK,EQ,955.70,956.05,964.03,936.07,939.69,939.69,946.60,12396149,11734194643.4,195271,5428274,0.4379
2026-05-05,ICICIBANK,EQ,939.69,938.05,948.37,921.61,924.60,924.60,931.53,21696753,20211176322.09,181723,12740333,0.5872
2026-05-06,ICICIBANK,EQ,924.60,929.75,936.16,916.15,926.43,926.43,926.25,16563038,15341513947.5,197281,9626438,0.5812
2026-05-07,ICICIBANK,EQ,926.43,926.67,941.90,913.28,928.10,928.10,927.76,17604485,16332737003.6,72271,7936102,0.4508
2026-05-08,ICICIBANK,EQ,928.10,927.48,943.29,924.15,938.25,938.25,935.23,9216145,8619215288.35,199705,4547246,0.4934
2026-05-11,ICICIBANK,EQ,938.25,935.81,943.50,920.86,935.98,935.98,933.45,8711197,8131466839.65,96540,3612533,0.4147
2026-05-12,ICICIBANK,EQ,935.98,926.90,948.41,901.48,922.68,922.68,924.19,14845277,13719856550.63,101052,7857605,0.5293
2026-05-13,ICICIBANK,EQ,922.68,918.76,928.35,911.32,918.22,918.22,919.30,15999867,14708677733.1,93266,9015925,0.5635
2026-05-14,ICICIBANK,EQ,918.22,925.38,939.42,921.92,936.94,936.94,932.76,19335277,18035172974.52,106840,12252765,0.6337
2026-05-15,ICICIBANK,EQ,936.94,935.23,947.93,915.96,920.50,920.50,928.13,21936612,20360027695.56,91731,11363165,0.518
2026-05-18,ICICIBANK,EQ,920.50,924.37,945.04,920.46,931.63,931.63,932.38,12124722,11304848298.36,206785,5681645,0.4686
2026-05-19,ICICIBANK,EQ,931.63,929.27,938.95,918.49,922.60,922.60,926.68,14990169,13891089808.92,109820,9051064,0.6038
2026-05-20,ICICIBANK,EQ,922.60,929.32,943.10,926.40,936.11,936.11,935.20,14959687,13990299282.4,86915,9408147,0.6289
2026-05-21,ICICIBANK,EQ,936.11,933.95,936.37,923.67,932.51,932.51,930.85,12048362,11215217767.7,128316,7130221,0.5918
2026-05-22,ICICIBANK,EQ,932.51,930.92,937.01,921.39,930.87,930.87,929.76,8881085,8257277589.6,99969,5541797,0.624
2026-05-25,ICICIBANK,EQ,930.87,932.86,957.66,926.94,951.35,951.35,945.32,10054927,9505123591.64,206120,4472432,0.4448
2026-05-26,ICICIBANK,EQ,951.35,950.17,976.76,938.69,971.51,971.51,962.32,21685425,20868318186.0,117741,10307083,0.4753
2026-05-27,ICICIBANK,EQ,971.51,969.43,972.71,958.32,966.01,966.01,965.68,24086443,23259796276.24,87408,15220223,0.6319
2026-05-28,ICICIBANK,EQ,966.01,960.68,962.98,940.74,945.77,945.77,949.83,14061217,13355765743.11,127916,6369731,0.453
2026-05-29,ICICIBANK,EQ,945.77,948.58,955.66,936.47,941.69,941.69,944.61,11229558,10607552782.38,147343,4376159,0.3897
2026-06-01,ICICIBANK,EQ,941.69,944.43,966.69,940.50,964.66,964.66,957.28,16061211,15375076066.08,216033,9591755,0.5972
2026-06-02,ICICIBANK,EQ,964.66,957.30,959.53,941.17,945.43,945.43,948.71,20848749,19779416663.79,112867,8105994,0.3888
2026-06-03,ICICIBANK,EQ,945.43,952.25,968.03,945.63,957.40,957.40,957.02,31482429,30129314201.58,128821,20110976,0.6388
2026-06-04,ICICIBANK,EQ,957.40,965.74,968.55,935.17,942.64,942.64,948.79,11127804,10557949157.16,173603,5077617,0.4563
2026-06-05,ICICIBANK,EQ,942.64,936.99,947.47,933.56,941.00,941.00,940.68,13952146,13124504699.28,103970,8954487,0.6418
2026-06-08,ICICIBANK,EQ,941.00,941.71,958.07,925.88,955.76,955.76,946.57,20012099,18942852550.43,106458,7972820,0.3984
2026-06-09,ICICIBANK,EQ,955.76,956.97,970.15,937.55,946.18,946.18,951.29,18396206,17500126805.74,200233,11411167,0.6203
2026-06-10,ICICIBANK,EQ,946.18,948.08,957.24,922.59,940.71,940.71,940.18,22215294,20886375112.92,211234,13604646,0.6124
2026-06-11,ICICIBANK,EQ,940.71,943.51,970.72,931.41,966.03,966.03,956.05,11071949,10585336841.45,209882,5787308,0.5227
2026-06-12,ICICIBANK,EQ,966.03,967.55,979.30,948.39,956.52,956.52,961.40,14938289,14361671044.6,190400,5681031,0.3803
2026-06-15,ICICIBANK,EQ,956.52,955.73,962.96,949.48,956.05,956.05,956.16,11782946,11266381647.36,86922,7451535,0.6324
2026-06-16,ICICIBANK,EQ,956.05,960.09,963.45,935.90,950.43,950.43,949.93,6972448,6623337528.64,110593,3194776,0.4582
2026-06-17,ICICIBANK,EQ,950.43,954.58,957.67,933.15,939.04,939.04,943.29,21811126,20574217044.54,217315,11461747,0.5255
2026-06-18,ICICIBANK,EQ,939.04,939.11,944.89,928.51,940.77,940.77,938.06,21585828,20248801813.68,152371,11103750,0.5144
2026-06-19,ICICIBANK,EQ,940.77,942.10,948.90,931.68,944.57,944.57,941.72,9006951,8482025895.72,159908,5832901,0.6476
2026-06-22,ICICIBANK,EQ,944.57,946.62,956.01,943.98,952.08,952.08,950.69,15411120,14651197672.8,139998,8231079,0.5341
2026-06-23,ICICIBANK,EQ,952.08,956.91,967.68,952.26,959.56,959.56,959.83,8106909,7781254465.47,135913,4710114,0.581
2026-06-24,ICICIBANK,EQ,959.56,964.75,994.03,956.14,976.37,976.37,975.51,15316493,14941392086.43,90387,8600211,0.5615
2026-06-25,ICICIBANK,EQ,976.37,976.43,982.11,965.86,972.03,972.03,973.33,13782151,13414581032.83,65628,5765074,0.4183
2026-06-26,ICICIBANK,EQ,972.03,973.35,998.67,970.94,982.40,982.40,984.00,30547208,30058452672.0,82989,14143357,0.463
2026-06-29,ICICIBANK,EQ,982.40,987.20,991.35,973.91,976.57,976.57,980.61,20829387,20425505186.07,204905,11341601,0.5445
2026-06-30,ICICIBANK,EQ,976.57,977.25,980.10,970.60,975.39,975.39,975.36,9650537,9412747768.32,212767,3713527,0.3848
2026-07-01,ICICIBANK,EQ,975.39,974.67,988.31,972.29,975.60,975.60,978.73,11121300,10884749949.0,183948,5981035,0.5378
2026-07-02,ICICIBANK,EQ,975.60,974.55,990.51,971.81,981.87,981.87,981.40,13377149,13128334028.6,202075,6430396,0.4807
2026-07-03,ICICIBANK,EQ,981.87,975.35,987.07,967.64,983.84,983.84,979.52,7771042,7611891059.84,154428,4043273,0.5203
2026-07-06,ICICIBANK,EQ,983.84,981.80,995.22,976.51,987.16,987.16,986.30,20015670,19741455321.0,182060,8346534,0.417
2026-07-07,ICICIBANK,EQ,987.16,982.77,990.69,979.37,986.56,986.56,985.54,11083711,10923440538.94,113051,6165868,0.5563
2026-07-08,ICICIBANK,EQ,986.56,984.99,989.68,978.97,984.93,984.93,984.53,20285031,19971221570.43,90342,12039166,0.5935
2026-07-09,ICICIBANK,EQ,984.93,983.17,1004.57,957.51,979.63,979.63,980.57,27125620,26598569203.4,204308,14973342,0.552
2026-07-10,ICICIBANK,EQ,979.63,979.29,984.37,977.32,979.65,979.65,980.45,21411248,20992658101.6,133622,8446737,0.3945
2026-07-13,ICICIBANK,EQ,979.65,984.54,994.10,978.80,990.29,990.29,987.73,10639643,10509094580.39,96609,6879593,0.6466
2026-07-14,ICICIBANK,EQ,990.29,991.71,994.19,986.28,988.92,988.92,989.80,16636726,16467031394.8,60343,8992150,0.5405
2026-07-15,ICICIBANK,EQ,988.92,986.88,999.57,964.27,969.55,969.55,977.80,16666441,16296446009.8,107951,7299901,0.438
2026-07-16,ICICIBANK,EQ,969.55,969.60,985.69,965.65,968.63,968.63,973.32,14226042,13846491199.44,107105,6272262,0.4409
2026-07-17,ICICIBANK,EQ,968.63,965.17,984.61,959.97,968.80,968.80,971.13,12396984,12039083071.92,115619,5059209,0.4081
2026-07-20,ICICIBANK,EQ,968.80,965.33,972.43,962.37,969.57,969.57,968.12,19330612,18714352089.44,84499,10834808,0.5605
2026-07-21,ICICIBANK,EQ,969.57,969.45,972.43,935.97,942.32,942.32,950.24,14026315,13328365565.6,110883,8189965,0.5839
2026-07-22,ICICIBANK,EQ,942.32,938.43,973.44,932.65,958.74,958.74,954.94,9010757,8604732289.58,214016,5824553,0.6464
2026-07-23,ICICIBANK,EQ,958.74,955.26,962.82,948.11,950.04,950.04,953.66,18704901,17838115887.66,154585,11471716,0.6133
2026-07-24,ICICIBANK,EQ,950.04,949.83,966.50,937.40,963.39,963.39,955.76,21884146,20915991380.96,168493,10464999,0.4782
2026-07-27,ICICIBANK,EQ,963.39,963.40,975.08,952.60,972.81,972.81,966.83,16890042,16329799306.86,104844,8063306,0.4774
2026-07-28,ICICIBANK,EQ,972.81,972.08,982.44,956.31,966.79,966.79,968.51,7513549,7276947341.99,144923,3571190,0.4753
2026-07-29,ICICIBANK,EQ,966.79,962.58,974.46,950.06,964.78,964.78,963.10,15653767,15076142997.7,176363,6211415,0.3968
2026-07-30,ICICIBANK,EQ,964.78,967.88,970.17,951.68,959.90,959.90,960.58,18419441,17693346635.78,189043,10377513,0.5634
2026-07-31,ICICIBANK,EQ,959.90,960.04,965.26,938.97,946.58,946.58,950.27,15041232,14293231532.64,136641,6717414,0.4466
2026-08-03,ICICIBANK,EQ,946.58,944.82,966.40,935.02,962.67,962.67,954.70,13230268,12630936859.6,193020,5273585,0.3986
2026-08-04,ICICIBANK,EQ,962.67,962.14,965.07,954.24,962.71,962.71,960.67,10114838,9717021421.46,178410,6098236,0.6029
2026-08-05,ICICIBANK,EQ,962.71,969.44,973.29,961.14,966.50,966.50,966.98,9526462,9211898224.76,70338,6172195,0.6479
2026-08-06,ICICIBANK,EQ,966.50,961.36,974.42,957.92,968.83,968.83,967.06,13452010,13008900790.6,80587,8053718,0.5987
2026-08-07,ICICIBANK,EQ,968.83,968.89,992.35,954.07,982.57,982.57,976.33,26638928,26008384574.24,94826,11318881,0.4249
2026-08-10,ICICIBANK,EQ,982.57,987.00,1009.05,980.85,1003.74,1003.74,997.88,8805304,8786636755.52,105663,4728448,0.537
2026-08-11,ICICIBANK,EQ,1003.74,1005.20,1022.85,996.61,1017.99,1017.99,1012.48,17311700,17527750016.0,153654,9872863,0.5703
2026-08-12,ICICIBANK,EQ,1017.99,1022.48,1053.14,1018.20,1030.64,1030.64,1033.99,12839247,13275653005.53,152262,7437776,0.5793
2026-08-13,ICICIBANK,EQ,1030.64,1026.87,1032.69,994.96,1005.05,1005.05,1010.90,15978047,16152207712.3,156910,9526112,0.5962
2026-08-14,ICICIBANK,EQ,1005.05,1003.57,1021.26,978.86,988.57,988.57,996.23,17865531,17798177948.13,100626,11207048,0.6273
2026-08-17,ICICIBANK,EQ,988.57,982.61,1001.03,979.75,997.83,997.83,992.87,16572234,16454073971.58,156814,6791301,0.4098
2026-08-18,ICICIBANK,EQ,997.83,995.47,1005.67,966.24,978.43,978.43,983.45,10707573,10530362666.85,211562,6636554,0.6198
2026-08-19,ICICIBANK,EQ,978.43,980.02,990.77,958.09,976.98,976.98,975.28,10471973,10213105827.44,122415,5260072,0.5023
2026-08-20,ICICIBANK,EQ,976.98,982.99,993.15,962.29,984.61,984.61,980.02,8850340,8673510206.8,142606,4694220,0.5304
2026-08-21,ICICIBANK,EQ,984.61,982.87,993.26,976.08,982.64,982.64,983.99,15309893,15064781613.07,205469,7243110,0.4731
2026-08-24,ICICIBANK,EQ,982.64,984.35,996.38,968.29,975.83,975.83,980.17,28658108,28089817718.36,174914,13919243,0.4857
2026-08-25,ICICIBANK,EQ,975.83,975.39,994.45,953.57,983.61,983.61,977.21,11109740,10856549025.4,176233,6614739,0.5954
2026-08-26,ICICIBANK,EQ,983.61,985.17,1000.27,982.61,993.47,993.47,992.12,18120965,17978171795.8,135301,9919416,0.5474
2026-08-27,ICICIBANK,EQ,993.47,999.70,1005.25,982.97,990.45,990.45,992.89,15391121,15281690129.69,114270,6117971,0.3975
2026-08-28,ICICIBANK,EQ,990.45,990.28,1001.25,971.62,983.82,983.82,985.56,11211662,11049765600.72,118756,6066630,0.5411
2026-08-31,ICICIBANK,EQ,983.82,981.04,988.17,965.51,976.24,976.24,976.64,25369331,24776703427.84,211064,15201303,0.5992
2026-09-01,ICICIBANK,EQ,976.24,978.14,1002.71,973.80,995.20,995.20,990.57,12865252,12743932673.64,195286,8357268,0.6496
2026-09-02,ICICIBANK,EQ,995.20,998.48,1015.80,987.81,1009.96,1009.96,1004.52,28493100,28621888812.0,113693,11556801,0.4056
2026-09-03,ICICIBANK,EQ,1009.96,1013.80,1028.03,1011.50,1024.79,1024.79,1021.44,10174491,10392632087.04,108763,5319224,0.5228
2026-09-04,ICICIBANK,EQ,1024.79,1018.16,1051.64,1010.17,1047.26,1047.26,1036.36,19918073,20642294134.28,62413,12183885,0.6117
2026-09-07,ICICIBANK,EQ,1047.26,1053.11,1064.54,1041.98,1050.67,1050.67,1052.40,23220525,24437280510.0,131578,11705467,0.5041
2026-09-08,ICICIBANK,EQ,1050.67,1053.32,1059.44,1027.39,1043.23,1043.23,1043.35,17712104,18479923708.4,112260,10476710,0.5915
2026-09-09,ICICIBANK,EQ,1043.23,1044.29,1053.25,1019.39,1035.69,1035.69,1036.11,19012521,19699063133.31,71411,7994765,0.4205
2026-09-10,ICICIBANK,EQ,1035.69,1036.59,1039.29,1016.61,1021.34,1021.34,1025.75,10259818,10524008313.5,123146,3947978,0.3848
2026-09-11,ICICIBANK,EQ,1021.34,1015.81,1024.80,1006.18,1021.21,1021.21,1017.40,12552259,12770668306.6,82478,7066922,0.563
2026-09-14,ICICIBANK,EQ,1021.21,1018.93,1022.88,1009.81,1017.64,1017.64,1016.78,8940057,9090071156.46,201764,4124048,0.4613
2026-09-15,ICICIBANK,EQ,1017.64,1025.09,1039.56,1019.71,1026.00,1026.00,1028.42,12583622,12941248537.24,100620,5633688,0.4477
2025-10-01,TATAMOTORS,EQ,890.57,890.57,913.99,880.64,902.45,902.45,899.03,7566584,6802586013.52,212952,4723818,0.6243
2025-10-02,TATAMOTORS,EQ,902.45,899.20,902.58,874.48,880.71,880.71,885.92,15275110,13532525451.2,211535,6126847,0.4011
2025-10-03,TATAMOTORS,EQ,880.71,878.35,884.43,868.79,872.02,872.02,875.08,16769936,14675035594.88,96189,6920953,0.4127
2025-10-06,TATAMOTORS,EQ,872.02,871.02,881.06,857.74,872.87,872.87,870.56,5923457,5156724725.92,210635,2298894,0.3881
2025-10-07,TATAMOTORS,EQ,872.87,874.57,881.13,866.20,868.22,868.22,871.85,12078967,10531047378.95,183401,7844081,0.6494
2025-10-08,TATAMOTORS,EQ,868.22,869.15,876.67,832.35,846.45,846.45,851.82,15913197,13555179468.54,193066,10087376,0.6339
2025-10-09,TATAMOTORS,EQ,846.45,846.14,851.85,827.95,843.11,843.11,840.97,16323044,13727190312.68,185503,7115215,0.4359
2025-10-10,TATAMOTORS,EQ,843.11,847.30,871.74,837.48,863.46,863.46,857.56,11633789,9976672094.84,130764,5127011,0.4407
2025-10-13,TATAMOTORS,EQ,863.46,862.25,890.04,848.99,882.12,882.12,873.72,7337448,6410875066.56,151681,3601219,0.4908
2025-10-14,TATAMOTORS,EQ,882.12,875.71,902.09,873.17,895.23,895.23,890.16,5141054,4576360628.64,189084,2884131,0.561
2025-10-15,TATAMOTORS,EQ,895.23,897.00,912.19,877.31,881.60,881.60,890.37,8743999,7785394389.63,122522,4246960,0.4857
2025-10-16,TATAMOTORS,EQ,881.60,886.72,898.28,884.11,890.78,890.78,891.06,16743152,14919153021.12,93432,9454858,0.5647
2025-10-17,TATAMOTORS,EQ,890.78,886.44,922.15,883.81,917.86,917.86,907.94,12889029,11702464990.26,201321,5419837,0.4205
2025-10-20,TATAMOTORS,EQ,917.86,911.32,927.46,901.33,922.53,922.53,917.11,8690882,7970494791.02,132520,3332084,0.3834
2025-10-21,TATAMOTORS,EQ,922.53,926.17,946.15,913.51,942.97,942.97,934.21,15191064,14191643899.44,107949,5997432,0.3948
2025-10-22,TATAMOTORS,EQ,942.97,943.15,969.64,940.14,961.99,961.99,957.26,12874496,12324240040.96,132842,7154357,0.5557
2025-10-23,TATAMOTORS,EQ,961.99,966.40,994.56,960.72,990.26,990.26,981.85,10219263,10033783376.55,168290,6237838,0.6104
2025-10-24,TATAMOTORS,EQ,990.26,987.36,997.92,973.73,986.68,986.68,986.11,11094829,10940721825.19,98558,5260058,0.4741
2025-10-27,TATAMOTORS,EQ,986.68,985.19,1004.87,968.35,1001.07,1001.07,991.43,12949486,12838508904.98,91166,6359493,0.4911
2025-10-28,TATAMOTORS,EQ,1001.07,1001.55,1021.98,996.42,1011.63,1011.63,1010.01,6103748,6164846517.48,108861,2666117,0.4368
2025-10-29,TATAMOTORS,EQ,1011.63,1009.57,1026.53,1005.44,1012.14,1012.14,1014.70,12381495,12563502976.5,208726,5585292,0.4511
2025-10-30,TATAMOTORS,EQ,1012.14,1020.58,1052.25,1010.67,1036.71,1036.71,1033.21,6633040,6853323258.4,139108,3400096,0.5126
2025-10-31,TATAMOTORS,EQ,1036.71,1044.16,1059.94,1037.90,1051.90,1051.90,1049.91,18632786,19562748349.26,191348,9810162,0.5265
2025-11-03,TATAMOTORS,EQ,1051.90,1054.43,1057.15,1012.02,1020.15,1020.15,1029.77,7421661,7642603847.97,132984,4430732,0.597
2025-11-04,TATAMOTORS,EQ,1020.15,1020.42,1030.68,993.23,1006.66,1006.66,1010.19,9607273,9705171111.87,126120,5822968,0.6061
2025-11-05,TATAMOTORS,EQ,1006.66,1004.11,1012.09,991.55,1004.54,1004.54,1002.73,8013014,8034889528.22,121939,4311803,0.5381
2025-11-06,TATAMOTORS,EQ,1004.54,1006.77,1009.65,987.43,1004.50,1004.50,1000.53,8918040,8922766561.2,207671,4707833,0.5279
2025-11-07,TATAMOTORS,EQ,1004.50,1002.96,1009.48,992.09,1000.22,1000.22,1000.60,10146055,10152142633.0,73987,5055779,0.4983
2025-11-10,TATAMOTORS,EQ,1000.22,1006.31,1020.50,968.18,979.56,979.56,989.41,10611840,10499460614.4,152676,4070702,0.3836
2025-11-11,TATAMOTORS,EQ,979.56,978.66,980.67,959.48,971.55,971.55,970.57,7385885,7168518404.45,173158,3967697,0.5372
2025-11-12,TATAMOTORS,EQ,971.55,971.17,999.90,957.08,995.04,995.04,984.01,16700727,16433682375.27,178842,8318632,0.4981
2025-11-13,TATAMOTORS,EQ,995.04,998.25,1030.54,993.95,1024.79,1024.79,1016.43,5378793,5467166568.99,111138,2387108,0.4438
2025-11-14,TATAMOTORS,EQ,1024.79,1021.78,1029.42,1017.64,1025.46,1025.46,1024.17,5824208,5964979107.36,147665,3231271,0.5548
2025-11-17,TATAMOTORS,EQ,1025.46,1026.06,1041.51,1017.16,1028.60,1028.60,1029.09,8559508,8808504087.72,95856,3931382,0.4593
2025-11-18,TATAMOTORS,EQ,1028.60,1032.46,1036.85,1020.57,1025.65,1025.65,1027.69,10606630,10900327584.7,82118,6686420,0.6304
2025-11-19,TATAMOTORS,EQ,1025.65,1021.14,1032.84,994.44,1007.06,1007.06,1011.45,9987332,10101686951.4,94255,6059314,0.6067
2025-11-20,TATAMOTORS,EQ,1007.06,1003.19,1021.92,993.63,1012.72,1012.72,1009.42,5934285,5990185964.7,110785,2640163,0.4449
2025-11-21,TATAMOTORS,EQ,1012.72,1015.63,1040.42,993.26,995.27,995.27,1009.65,13185212,13312449295.8,86854,6510858,0.4938
2025-11-24,TATAMOTORS,EQ,995.27,991.47,1014.47,988.04,1000.10,1000.10,1000.87,13898910,13911002051.7,168689,7513751,0.5406
2025-11-25,TATAMOTORS,EQ,1000.10,1002.24,1009.67,975.35,983.08,983.08,989.37,7706411,7624491851.07,78571,4058196,0.5266
2025-11-26,TATAMOTORS,EQ,983.08,982.54,1000.88,974.77,991.74,991.74,989.13,9557238,9453350822.94,143794,4386772,0.459
2025-11-27,TATAMOTORS,EQ,991.74,993.91,1007.86,990.27,1001.47,1001.47,999.87,19349903,19347387512.61,211030,11617682,0.6004
2025-11-28,TATAMOTORS,EQ,1001.47,1001.76,1005.85,955.14,964.09,964.09,975.03,9987863,9738466060.89,110609,4071053,0.4076
2025-12-01,TATAMOTORS,EQ,964.09,962.89,969.86,939.17,955.99,955.99,955.01,15871927,15157849004.27,124242,7215378,0.4546
2025-12-02,TATAMOTORS,EQ,955.99,953.16,960.82,941.40,948.92,948.92,950.38,12832066,12195338885.08,178091,6083682,0.4741
2025-12-03,TATAMOTORS,EQ,948.92,946.90,952.34,925.31,931.28,931.28,936.31,20692044,19374167717.64,207577,13108410,0.6335
2025-12-04,TATAMOTORS,EQ,931.28,924.12,932.42,912.98,925.10,925.10,923.50,7521149,6945781101.5,105980,3668064,0.4877
2025-12-05,TATAMOTORS,EQ,925.10,921.07,929.20,903.20,909.44,909.44,913.95,18176988,16612858182.6,155613,7756121,0.4267
2025-12-08,TATAMOTORS,EQ,909.44,909.84,921.40,882.59,896.32,896.32,900.10,10471812,9425677981.2,132745,4171970,0.3984
2025-12-09,TATAMOTORS,EQ,896.32,901.09,905.48,889.54,893.28,893.28,896.10,8010898,7178565697.8,137710,3731476,0.4658
2025-12-10,TATAMOTORS,EQ,893.28,890.39,903.11,849.61,857.76,857.76,870.16,7660589,6665938124.24,66903,4587927,0.5989
2025-12-11,TATAMOTORS,EQ,857.76,858.57,860.39,821.77,833.40,833.40,838.52,12182877,10215586022.04,191988,5605342,0.4601
2025-12-12,TATAMOTORS,EQ,833.40,828.75,838.38,807.28,819.13,819.13,821.60,7989371,6564067213.6,158504,3361128,0.4207
2025-12-15,TATAMOTORS,EQ,819.13,815.98,844.22,813.31,842.33,842.33,833.29,9737907,8114500524.03,157537,3901006,0.4006
2025-12-16,TATAMOTORS,EQ,842.33,841.40,855.60,833.77,844.82,844.82,844.73,9775113,8257331204.49,62357,4668594,0.4776
2025-12-17,TATAMOTORS,EQ,844.82,843.38,866.65,840.67,854.81,854.81,854.04,6986564,5966805118.56,190468,3730825,0.534
2025-12-18,TATAMOTORS,EQ,854.81,857.07,861.10,838.75,842.57,842.57,847.47,20531246,17399615047.62,88237,9996664,0.4869
2025-12-19,TATAMOTORS,EQ,842.57,851.01,883.52,837.71,844.62,844.62,855.28,5881972,5030733012.16,202227,3627412,0.6167
2025-12-22,TATAMOTORS,EQ,844.62,847.73,855.59,828.22,840.11,840.11,841.31,15414158,12968085266.98,131911,9439630,0.6124
2025-12-23,TATAMOTORS,EQ,840.11,843.94,857.50,841.69,846.70,846.70,848.63,11510477,9768136096.51,125355,7218220,0.6271
2025-12-24,TATAMOTORS,EQ,846.70,851.51,854.35,828.01,840.41,840.41,840.92,13848159,11645193866.28,117461,8512463,0.6147
2025-12-25,TATAMOTORS,EQ,840.41,841.03,858.45,821.72,827.09,827.09,835.75,22308116,18644007947.0,142706,9318100,0.4177
2025-12-26,TATAMOTORS,EQ,827.09,830.03,833.27,821.78,828.55,828.55,827.87,10162945,8413597277.15,76649,5170906,0.5088
2025-12-29,TATAMOTORS,EQ,828.55,829.61,837.39,825.87,831.29,831.29,831.52,9309828,7741308178.56,92694,4568333,0.4907
2025-12-30,TATAMOTORS,EQ,831.29,830.71,836.39,800.65,809.69,809.69,815.58,7474870,6096354474.6,197750,3704546,0.4956
2025-12-31,TATAMOTORS,EQ,809.69,806.56,817.20,786.07,790.41,790.41,797.89,12451298,9934766161.22,171248,5510944,0.4426
2026-01-01,TATAMOTORS,EQ,790.41,788.07,800.20,784.97,791.80,791.80,792.32,6384618,5058660533.76,72269,3794378,0.5943
2026-01-02,TATAMOTORS,EQ,791.80,793.94,814.74,786.10,812.37,812.37,804.40,11493756,9245577326.4,127991,5966409,0.5191
2026-01-05,TATAMOTORS,EQ,812.37,815.76,826.23,810.85,820.61,820.61,819.23,6679793,5472286819.39,118382,3787443,0.567
2026-01-06,TATAMOTORS,EQ,820.61,820.51,839.59,814.34,835.83,835.83,829.92,12851725,10665903612.0,74948,5248644,0.4084
2026-01-07,TATAMOTORS,EQ,835.83,840.16,856.43,838.39,847.72,847.72,847.51,6121615,5188129928.65,160615,2710651,0.4428
2026-01-08,TATAMOTORS,EQ,847.72,849.88,861.78,841.98,852.96,852.96,852.24,18198435,15509434244.4,95208,8773466,0.4821
2026-01-09,TATAMOTORS,EQ,852.96,853.02,870.68,846.99,862.68,862.68,860.12,19111638,16438302076.56,60506,12074733,0.6318
2026-01-12,TATAMOTORS,EQ,862.68,863.71,867.37,853.52,863.37,863.37,861.42,8937472,7698917130.24,164320,3840432,0.4297
2026-01-13,TATAMOTORS,EQ,863.37,864.60,872.64,829.62,848.39,848.39,850.22,6635612,5641730034.64,183534,3840692,0.5788
2026-01-14,TATAMOTORS,EQ,848.39,845.66,853.49,834.10,840.01,840.01,842.53,16129243,13589371104.79,183139,8695275,0.5391
2026-01-15,TATAMOTORS,EQ,840.01,843.96,848.61,799.53,807.33,807.33,818.49,9226742,7551996059.58,182536,3996102,0.4331
2026-01-16,TATAMOTORS,EQ,807.33,806.08,809.80,802.79,807.05,807.05,806.55,10209337,8234340757.35,100248,4156221,0.4071
2026-01-19,TATAMOTORS,EQ,807.05,811.35,836.79,801.46,830.83,830.83,823.03,8506014,7000704702.42,121869,4819508,0.5666
2026-01-20,TATAMOTORS,EQ,830.83,834.90,852.29,826.72,848.35,848.35,842.45,13040365,10985855494.25,91283,8109803,0.6219
2026-01-21,TATAMOTORS,EQ,848.35,845.74,867.02,835.93,864.00,864.00,855.65,10692323,9148886174.95,68469,6066824,0.5674
2026-01-22,TATAMOTORS,EQ,864.00,864.22,886.42,861.96,880.43,880.43,876.27,8557126,7498352800.02,79620,3905472,0.4564
2026-01-23,TATAMOTORS,EQ,880.43,881.65,885.57,872.39,880.20,880.20,879.39,13146662,11561043096.18,93272,7527779,0.5726
2026-01-26,TATAMOTORS,EQ,880.20,878.82,894.28,870.35,890.92,890.92,885.18,9177880,8124075818.4,213195,3877654,0.4225
2026-01-27,TATAMOTORS,EQ,890.92,890.20,913.48,880.73,909.38,909.38,901.20,8108223,7307130567.6,191330,3351939,0.4134
2026-01-28,TATAMOTORS,EQ,909.38,914.00,920.06,899.31,912.59,912.59,910.65,10220091,9306925869.15,171774,4746210,0.4644
2026-01-29,TATAMOTORS,EQ,912.59,917.37,937.56,907.81,931.51,931.51,925.63,14068247,13021991470.61,125076,7754418,0.5512
2026-01-30,TATAMOTORS,EQ,931.51,932.74,941.23,921.85,937.48,937.48,933.52,5523256,5156069941.12,153917,2756657,0.4991
2026-02-02,TATAMOTORS,EQ,937.48,934.02,958.26,928.43,941.11,941.11,942.60,14662206,13820595375.6,145449,8788526,0.5994
2026-02-03,TATAMOTORS,EQ,941.11,941.18,951.91,927.84,948.34,948.34,942.70,13386492,12619446008.4,120349,7752118,0.5791
2026-02-04,TATAMOTORS,EQ,948.34,950.97,975.33,949.03,965.10,965.10,963.15,5749135,5537279375.25,180937,2915386,0.5071
2026-02-05,TATAMOTORS,EQ,965.10,967.13,982.18,963.43,968.14,968.14,971.25,15284983,14845539738.75,199377,6077309,0.3976
2026-02-06,TATAMOTORS,EQ,968.14,975.91,988.43,963.56,981.42,981.42,977.80,11956901,11691457797.8,81428,5180925,0.4333
2026-02-09,TATAMOTORS,EQ,981.42,975.51,979.99,957.54,966.83,966.83,968.12,8849720,8567590926.4,131533,4298309,0.4857
2026-02-10,TATAMOTORS,EQ,966.83,965.61,975.53,945.41,952.31,952.31,957.75,7461056,7145826384.0,187833,2909066,0.3899
2026-02-11,TATAMOTORS,EQ,952.31,951.59,956.88,940.80,945.50,945.50,947.73,7891031,7478566809.63,133423,4517615,0.5725
2026-02-12,TATAMOTORS,EQ,945.50,948.16,961.05,929.79,932.44,932.44,941.09,10917750,10274585347.5,200464,5035266,0.4612
2026-02-13,TATAMOTORS,EQ,932.44,931.69,937.12,916.83,923.00,923.00,925.65,8830702,8174139306.3,98961,5433531,0.6153
2026-02-16,TATAMOTORS,EQ,923.00,921.78,933.14,913.06,929.43,929.43,925.21,5467043,5058162854.03,186294,3127149,0.572
2026-02-17,TATAMOTORS,EQ,929.43,923.96,937.47,921.37,935.48,935.48,931.44,10438421,9722762856.24,81395,3981214,0.3814
2026-02-18,TATAMOTORS,EQ,935.48,941.73,944.50,923.22,936.03,936.03,934.58,17798606,16634221195.48,172551,9803472,0.5508
2026-02-19,TATAMOTORS,EQ,936.03,940.88,950.35,914.10,924.75,924.75,929.73,12204685,11347061785.05,204903,7086040,0.5806
2026-02-20,TATAMOTORS,EQ,924.75,924.39,930.85,919.13,922.77,922.77,924.25,8406091,7769329606.75,164518,4618306,0.5494
2026-02-23,TATAMOTORS,EQ,922.77,916.90,919.90,906.37,914.68,914.68,913.65,5721261,5227230112.65,119367,2337707,0.4086
2026-02-24,TATAMOTORS,EQ,914.68,915.93,922.14,906.11,909.24,909.24,912.50,13636544,12443346400.0,155932,6631451,0.4863
2026-02-25,TATAMOTORS,EQ,909.24,908.76,917.80,906.18,908.78,908.78,910.92,12219693,11131162747.56,70509,6795371,0.5561
2026-02-26,TATAMOTORS,EQ,908.78,910.04,924.52,902.65,912.87,912.87,913.35,16106671,14711027957.85,76709,8219234,0.5103
2026-02-27,TATAMOTORS,EQ,912.87,910.96,920.34,898.39,910.00,910.00,909.58,14859130,13515567465.4,73823,8294366,0.5582
2026-03-02,TATAMOTORS,EQ,910.00,911.07,919.32,898.37,903.54,903.54,907.08,8505113,7714817900.04,119551,5163454,0.6071
2026-03-03,TATAMOTORS,EQ,903.54,902.39,914.98,900.51,908.10,908.10,907.86,10467413,9502945566.18,142838,5067275,0.4841
2026-03-04,TATAMOTORS,EQ,908.10,904.50,951.81,899.87,945.81,945.81,932.50,7474778,6970230485.0,106729,3279933,0.4388
2026-03-05,TATAMOTORS,EQ,945.81,940.56,954.72,930.03,952.30,952.30,945.68,9544318,9025870646.24,98285,4931549,0.5167
2026-03-06,TATAMOTORS,EQ,952.30,956.66,961.39,941.45,944.36,944.36,949.07,12194299,11573243351.93,74798,5858141,0.4804
2026-03-09,TATAMOTORS,EQ,944.36,945.68,977.41,941.24,959.76,959.76,959.47,9468117,9084374217.99,171557,3966194,0.4189
2026-03-10,TATAMOTORS,EQ,959.76,959.97,972.88,922.98,935.11,935.11,943.66,12381389,11683821543.74,104258,6677283,0.5393
2026-03-11,TATAMOTORS,EQ,935.11,935.69,955.44,932.17,953.22,953.22,946.94,12744560,12068333646.4,203559,5505650,0.432
2026-03-12,TATAMOTORS,EQ,953.22,956.57,982.18,951.12,979.56,979.56,970.95,9835230,9549516568.5,215236,4595019,0.4672
2026-03-13,TATAMOTORS,EQ,979.56,986.98,1010.93,960.56,974.87,974.87,982.12,15840104,15556882940.48,182433,6358218,0.4014
2026-03-16,TATAMOTORS,EQ,974.87,979.93,982.22,958.02,971.14,971.14,970.46,6755287,6555735822.02,216154,2841274,0.4206
2026-03-17,TATAMOTORS,EQ,971.14,973.80,1003.55,966.42,998.55,998.55,989.51,7122445,7047730551.95,213133,4495687,0.6312
2026-03-18,TATAMOTORS,EQ,998.55,1002.96,1006.55,997.71,999.77,999.77,1001.34,7023763,7033174842.42,180389,3652357,0.52
2026-03-19,TATAMOTORS,EQ,999.77,995.08,1006.09,983.28,998.66,998.66,996.01,7035985,7007911419.85,158399,4077353,0.5795
2026-03-20,TATAMOTORS,EQ,998.66,996.45,1037.78,984.12,1028.88,1028.88,1016.93,9788559,9954279303.87,98367,4051485,0.4139
2026-03-23,TATAMOTORS,EQ,1028.88,1027.65,1074.52,1015.95,1058.87,1058.87,1049.78,13496530,14168387263.4,92073,6885930,0.5102
2026-03-24,TATAMOTORS,EQ,1058.87,1054.33,1104.46,1039.78,1098.64,1098.64,1080.96,7062099,7633846535.04,120546,2817778,0.399
2026-03-25,TATAMOTORS,EQ,1098.64,1094.94,1107.15,1079.21,1083.55,1083.55,1089.97,7595934,8279340181.98,139715,3016345,0.3971
2026-03-26,TATAMOTORS,EQ,1083.55,1090.48,1134.59,1074.34,1128.05,1128.05,1112.33,5352001,5953191272.33,71745,3263650,0.6098
2026-03-27,TATAMOTORS,EQ,1128.05,1117.93,1122.06,1082.04,1105.71,1105.71,1103.27,5049261,5570698183.47,103880,2285800,0.4527
2026-03-30,TATAMOTORS,EQ,1105.71,1106.16,1124.67,1083.80,1115.94,1115.94,1108.14,8921782,9886583505.48,132020,4358291,0.4885
2026-03-31,TATAMOTORS,EQ,1115.94,1112.16,1129.51,1094.34,1111.00,1111.00,1111.62,15539353,17273855581.86,80162,9287871,0.5977
2026-04-01,TATAMOTORS,EQ,1111.00,1117.58,1125.24,1067.90,1086.22,1086.22,1093.12,16155849,17660281658.88,94748,7457540,0.4616
2026-04-02,TATAMOTORS,EQ,1086.22,1101.59,1113.53,1088.10,1101.08,1101.08,1100.90,8534552,9395688296.8,88026,3471002,0.4067
2026-04-03,TATAMOTORS,EQ,1101.08,1091.50,1094.73,1083.16,1085.46,1085.46,1087.78,13094233,14243644772.74,131335,7963913,0.6082
2026-04-06,TATAMOTORS,EQ,1085.46,1084.11,1090.26,1061.98,1067.72,1067.72,1073.32,10206386,10954718221.52,121573,5261392,0.5155
2026-04-07,TATAMOTORS,EQ,1067.72,1070.56,1073.64,1063.55,1067.69,1067.69,1068.29,4792314,5119581123.06,160409,2598872,0.5423
2026-04-08,TATAMOTORS,EQ,1067.69,1067.55,1070.65,1052.51,1057.09,1057.09,1060.08,17018386,18040850630.88,78868,10711372,0.6294
2026-04-09,TATAMOTORS,EQ,1057.09,1054.04,1067.09,1024.20,1042.07,1042.07,1044.45,11086657,11579458903.65,199619,6731818,0.6072
2026-04-10,TATAMOTORS,EQ,1042.07,1046.94,1075.19,1024.41,1056.95,1056.95,1052.18,10457925,11003619526.5,204669,6017490,0.5754
2026-04-13,TATAMOTORS,EQ,1056.95,1054.81,1063.55,1038.40,1050.71,1050.71,1050.89,14031423,14745482116.47,79208,8257492,0.5885
2026-04-14,TATAMOTORS,EQ,1050.71,1046.22,1091.20,1034.85,1083.19,1083.19,1069.75,20757801,22205657619.75,208740,11584929,0.5581
2026-04-15,TATAMOTORS,EQ,1083.19,1081.50,1097.41,1078.29,1084.46,1084.46,1086.72,11284254,12262824506.88,162915,6733314,0.5967
2026-04-16,TATAMOTORS,EQ,1084.46,1078.86,1132.90,1067.76,1117.75,1117.75,1106.14,11384842,12593229129.88,196132,5283705,0.4641
2026-04-17,TATAMOTORS,EQ,1117.75,1121.66,1168.11,1110.69,1149.64,1149.64,1142.81,9363033,10700167742.73,60545,3748022,0.4003
2026-04-20,TATAMOTORS,EQ,1149.64,1141.19,1149.82,1115.81,1121.41,1121.41,1129.01,16980813,19171507685.13,110726,6719308,0.3957
2026-04-21,TATAMOTORS,EQ,1121.41,1120.04,1125.10,1104.24,1112.51,1112.51,1113.95,10011910,11152767144.5,209163,4389221,0.4384
2026-04-22,TATAMOTORS,EQ,1112.51,1112.22,1126.46,1092.93,1114.47,1114.47,1111.29,17234500,19152527505.0,98044,7602138,0.4411
2026-04-23,TATAMOTORS,EQ,1114.47,1117.81,1133.19,1108.90,1124.11,1124.11,1122.07,6299323,7068281358.61,71913,2460516,0.3906
2026-04-24,TATAMOTORS,EQ,1124.11,1122.65,1160.43,1107.45,1142.22,1142.22,1136.70,17544236,19942533061.2,184627,10719528,0.611
2026-04-27,TATAMOTORS,EQ,1142.22,1149.47,1171.47,1144.00,1163.16,1163.16,1159.54,13946756,16171821452.24,105651,8288557,0.5943
2026-04-28,TATAMOTORS,EQ,1163.16,1169.97,1175.90,1149.70,1159.85,1159.85,1161.82,12391852,14397101490.64,90560,5443741,0.4393
2026-04-29,TATAMOTORS,EQ,1159.85,1153.72,1158.73,1142.48,1156.13,1156.13,1152.45,9527694,10980190950.3,71415,5756633,0.6042
2026-04-30,TATAMOTORS,EQ,1156.13,1156.93,1163.56,1118.99,1152.79,1152.79,1145.11,7883944,9027983113.84,211039,4087037,0.5184
2026-05-01,TATAMOTORS,EQ,1152.79,1148.76,1161.60,1141.02,1147.75,1147.75,1150.12,7526684,8656589802.08,80117,4557407,0.6055
2026-05-04,TATAMOTORS,EQ,1147.75,1153.38,1162.85,1138.31,1140.96,1140.96,1147.37,6355111,7291663708.07,192956,3403162,0.5355
2026-05-05,TATAMOTORS,EQ,1140.96,1136.69,1143.14,1118.59,1123.79,1123.79,1128.51,7719756,8711821843.56,89455,4325379,0.5603
2026-05-06,TATAMOTORS,EQ,1123.79,1119.41,1124.59,1100.09,1102.40,1102.40,1109.03,5600595,6211227872.85,165833,3314992,0.5919
2026-05-07,TATAMOTORS,EQ,1102.40,1113.06,1126.47,1090.90,1093.95,1093.95,1103.77,7906190,8726615336.3,161381,4410073,0.5578
2026-05-08,TATAMOTORS,EQ,1093.95,1088.16,1095.37,1077.64,1090.34,1090.34,1087.78,9917639,10788209351.42,136866,5611400,0.5658
2026-05-11,TATAMOTORS,EQ,1090.34,1089.41,1097.12,1074.75,1093.74,1093.74,1088.54,7640018,8316465193.72,214568,3981977,0.5212
2026-05-12,TATAMOTORS,EQ,1093.74,1087.80,1096.90,1077.76,1094.65,1094.65,1089.77,7486518,8158582720.86,157064,3827857,0.5113
2026-05-13,TATAMOTORS,EQ,1094.65,1095.20,1129.69,1083.77,1126.20,1126.20,1113.22,21931255,24414311691.1,117327,11750766,0.5358
2026-05-14,TATAMOTORS,EQ,1126.20,1127.61,1136.60,1122.38,1132.57,1132.57,1130.52,4884100,5521572732.0,86430,2542662,0.5206
2026-05-15,TATAMOTORS,EQ,1132.57,1133.50,1144.93,1105.68,1120.34,1120.34,1123.65,8472366,9519974055.9,195098,4190432,0.4946
2026-05-18,TATAMOTORS,EQ,1120.34,1122.64,1127.71,1119.67,1122.15,1122.15,1123.18,10028493,11263802767.74,159824,6420241,0.6402
2026-05-19,TATAMOTORS,EQ,1122.15,1115.64,1124.32,1106.48,1122.02,1122.02,1117.61,10002008,11178344160.88,146447,4107825,0.4107
2026-05-20,TATAMOTORS,EQ,1122.02,1112.49,1128.80,1110.17,1116.00,1116.00,1118.32,22100746,24715706266.72,87746,13961041,0.6317
2026-05-21,TATAMOTORS,EQ,1116.00,1111.76,1118.86,1099.13,1103.95,1103.95,1107.31,4217642,4670237163.02,97149,1704771,0.4042
2026-05-22,TATAMOTORS,EQ,1103.95,1094.87,1107.43,1087.56,1098.18,1098.18,1097.72,11546935,12675301488.2,103335,6612930,0.5727
2026-05-25,TATAMOTORS,EQ,1098.18,1096.05,1132.14,1093.74,1112.15,1112.15,1112.68,6814677,7582554804.36,69470,3233564,0.4745
2026-05-26,TATAMOTORS,EQ,1112.15,1118.09,1121.84,1100.50,1107.32,1107.32,1109.89,16636040,18464174435.6,158223,9707129,0.5835
2026-05-27,TATAMOTORS,EQ,1107.32,1106.86,1136.54,1084.84,1123.06,1123.06,1114.81,7364982,8210555583.42,146988,3887974,0.5279
2026-05-28,TATAMOTORS,EQ,1123.06,1129.96,1137.31,1123.71,1128.68,1128.68,1129.90,8614935,9734015056.5,203275,4459952,0.5177
2026-05-29,TATAMOTORS,EQ,1128.68,1127.81,1157.40,1124.86,1151.11,1151.11,1144.46,13295738,15216440311.48,154041,5909956,0.4445
2026-06-01,TATAMOTORS,EQ,1151.11,1146.25,1162.23,1141.65,1151.01,1151.01,1151.63,8759584,10087799721.92,102043,5275897,0.6023
2026-06-02,TATAMOTORS,EQ,1151.01,1151.04,1206.62,1134.61,1197.33,1197.33,1179.52,21137141,24931680552.32,61774,11029360,0.5218
2026-06-03,TATAMOTORS,EQ,1197.33,1201.19,1216.83,1161.44,1176.72,1176.72,1185.00,10862469,12872025765.0,158454,4914181,0.4524
2026-06-04,TATAMOTORS,EQ,1176.72,1181.88,1187.69,1157.38,1164.96,1164.96,1170.01,11284934,13203485629.34,180685,5406612,0.4791
2026-06-05,TATAMOTORS,EQ,1164.96,1165.86,1223.40,1159.37,1190.50,1190.50,1191.09,10779389,12839222444.01,90070,5137457,0.4766
2026-06-08,TATAMOTORS,EQ,1190.50,1195.37,1214.86,1163.81,1177.52,1177.52,1185.40,13282888,15745535435.2,183468,7696105,0.5794
2026-06-09,TATAMOTORS,EQ,1177.52,1177.57,1196.19,1164.19,1186.37,1186.37,1182.25,11614817,13731617398.25,200194,5073352,0.4368
2026-06-10,TATAMOTORS,EQ,1186.37,1191.82,1203.55,1147.61,1168.14,1168.14,1173.10,9793280,11488496768.0,124446,4429501,0.4523
2026-06-11,TATAMOTORS,EQ,1168.14,1166.65,1180.23,1162.55,1175.46,1175.46,1172.75,12124945,14219529248.75,175077,5003965,0.4127
2026-06-12,TATAMOTORS,EQ,1175.46,1178.15,1184.95,1157.89,1172.16,1172.16,1171.67,8559009,10028334075.03,74312,4117739,0.4811
2026-06-15,TATAMOTORS,EQ,1172.16,1173.95,1191.50,1168.88,1179.82,1179.82,1180.07,14575251,17199816447.57,203371,7242442,0.4969
2026-06-16,TATAMOTORS,EQ,1179.82,1179.74,1200.78,1170.28,1195.02,1195.02,1188.69,15836395,18824564372.55,66417,8141491,0.5141
2026-06-17,TATAMOTORS,EQ,1195.02,1193.44,1202.03,1169.66,1198.70,1198.70,1190.13,10689531,12721931529.03,197060,4385915,0.4103
2026-06-18,TATAMOTORS,EQ,1198.70,1204.33,1235.29,1193.65,1217.21,1217.21,1215.38,8430246,10245952383.48,188471,3408348,0.4043
2026-06-19,TATAMOTORS,EQ,1217.21,1223.92,1228.50,1206.97,1209.80,1209.80,1215.09,15952613,19383860530.17,200911,9317921,0.5841
2026-06-22,TATAMOTORS,EQ,1209.80,1207.75,1239.87,1205.28,1235.11,1235.11,1226.75,17276561,21194021206.75,157341,11141654,0.6449
2026-06-23,TATAMOTORS,EQ,1235.11,1236.26,1262.79,1231.68,1257.45,1257.45,1250.64,9344980,11687205787.2,70331,5679879,0.6078
2026-06-24,TATAMOTORS,EQ,1257.45,1253.36,1294.66,1249.48,1277.71,1277.71,1273.95,11918156,15183134836.2,64414,6935175,0.5819
2026-06-25,TATAMOTORS,EQ,1277.71,1274.07,1303.82,1261.47,1294.35,1294.35,1286.55,9079655,11681430140.25,79769,5301611,0.5839
2026-06-26,TATAMOTORS,EQ,1294.35,1292.57,1306.31,1270.11,1276.71,1276.71,1284.38,17715550,22753498109.0,165904,11047417,0.6236
2026-06-29,TATAMOTORS,EQ,1276.71,1282.55,1285.94,1238.12,1249.28,1249.28,1257.78,13156572,16548073130.16,164629,8350476,0.6347
2026-06-30,TATAMOTORS,EQ,1249.28,1250.05,1256.03,1245.40,1248.72,1248.72,1250.05,11187277,13984655613.85,205904,5382199,0.4811
2026-07-01,TATAMOTORS,EQ,1248.72,1258.36,1293.84,1248.72,1277.42,1277.42,1273.33,5467438,6961852828.54,68745,2969912,0.5432
2026-07-02,TATAMOTORS,EQ,1277.42,1281.50,1288.07,1276.94,1279.86,1279.86,1281.62,11253548,14422772187.76,98109,6514679,0.5789
2026-07-03,TATAMOTORS,EQ,1279.86,1280.64,1315.99,1270.84,1305.23,1305.23,1297.35,9356109,12138148011.15,168980,4316909,0.4614
2026-07-06,TATAMOTORS,EQ,1305.23,1304.30,1315.53,1290.55,1312.26,1312.26,1306.11,10506697,13722902018.67,197112,4599832,0.4378
2026-07-07,TATAMOTORS,EQ,1312.26,1319.86,1326.72,1290.84,1299.03,1299.03,1305.53,9980045,13029248148.85,113214,5755492,0.5767
2026-07-08,TATAMOTORS,EQ,1299.03,1296.19,1323.83,1274.59,1306.77,1306.77,1301.73,14048219,18286988118.87,120912,6969321,0.4961
2026-07-09,TATAMOTORS,EQ,1306.77,1312.70,1369.73,1305.61,1353.85,1353.85,1343.06,9183635,12334172823.1,141811,5239264,0.5705
2026-07-10,TATAMOTORS,EQ,1353.85,1351.21,1356.50,1324.76,1342.75,1342.75,1341.34,8202327,11002109298.18,115398,5279838,0.6437
2026-07-13,TATAMOTORS,EQ,1342.75,1343.80,1367.45,1328.29,1358.62,1358.62,1351.45,10209685,13797878793.25,151176,6444353,0.6312
2026-07-14,TATAMOTORS,EQ,1358.62,1359.70,1379.75,1353.71,1365.65,1365.65,1366.37,19172471,26196689200.27,111459,11815994,0.6163
2026-07-15,TATAMOTORS,EQ,1365.65,1361.48,1372.96,1343.47,1349.79,1349.79,1355.41,14080396,19084709542.36,124847,7485139,0.5316
2026-07-16,TATAMOTORS,EQ,1349.79,1350.63,1398.73,1324.02,1390.03,1390.03,1370.93,4536815,6219655787.95,129320,2669008,0.5883
2026-07-17,TATAMOTORS,EQ,1390.03,1389.18,1433.36,1382.18,1402.56,1402.56,1406.03,9082687,12770530402.61,205951,5524090,0.6082
2026-07-20,TATAMOTORS,EQ,1402.56,1409.94,1422.19,1372.13,1382.84,1382.84,1392.39,13312021,18535524920.19,115229,5600367,0.4207
2026-07-21,TATAMOTORS,EQ,1382.84,1390.81,1479.03,1380.93,1465.63,1465.63,1441.86,10048062,14487898675.32,154908,4798954,0.4776
2026-07-22,TATAMOTORS,EQ,1465.63,1462.35,1490.25,1451.50,1484.28,1484.28,1475.34,10992966,16218362458.44,149089,5417334,0.4928
2026-07-23,TATAMOTORS,EQ,1484.28,1480.71,1514.34,1469.72,1502.73,1502.73,1495.60,8484547,12689488493.2,115528,3927497,0.4629
2026-07-24,TATAMOTORS,EQ,1502.73,1491.68,1497.73,1462.85,1467.29,1467.29,1475.96,13318135,19657034534.6,68597,6047765,0.4541
2026-07-27,TATAMOTORS,EQ,1467.29,1460.61,1490.68,1387.36,1414.99,1414.99,1431.01,9001119,12880691300.19,61483,3531139,0.3923
2026-07-28,TATAMOTORS,EQ,1414.99,1409.64,1425.20,1370.47,1387.01,1387.01,1394.23,13933288,19426208128.24,93207,6759038,0.4851
2026-07-29,TATAMOTORS,EQ,1387.01,1388.26,1397.88,1361.41,1369.55,1369.55,1376.28,8054222,11084864654.16,69836,4805954,0.5967
2026-07-30,TATAMOTORS,EQ,1369.55,1374.57,1383.04,1334.31,1339.38,1339.38,1352.24,4822028,6520539142.72,83640,2256227,0.4679
2026-07-31,TATAMOTORS,EQ,1339.38,1344.10,1354.01,1322.31,1348.49,1348.49,1341.60,12504102,16775503243.2,192330,5359258,0.4286
2026-08-03,TATAMOTORS,EQ,1348.49,1338.14,1368.98,1332.84,1365.67,1365.67,1355.83,8745244,11857064172.52,72878,5631937,0.644
2026-08-04,TATAMOTORS,EQ,1365.67,1363.61,1381.28,1350.92,1367.18,1367.18,1366.46,7489874,10234613226.04,74377,3798115,0.5071
2026-08-05,TATAMOTORS,EQ,1367.18,1365.68,1369.60,1315.75,1326.12,1326.12,1337.16,5851050,7823790018.0,178241,2864674,0.4896
2026-08-06,TATAMOTORS,EQ,1326.12,1323.19,1332.64,1296.49,1305.53,1305.53,1311.55,10612241,13918484683.55,145681,5922692,0.5581
2026-08-07,TATAMOTORS,EQ,1305.53,1313.68,1316.69,1287.05,1295.00,1295.00,1299.58,10425009,13548133196.22,108972,6010018,0.5765
2026-08-10,TATAMOTORS,EQ,1295.00,1292.54,1297.66,1260.83,1287.76,1287.76,1282.08,6474126,8300347462.08,126141,2945080,0.4549
2026-08-11,TATAMOTORS,EQ,1287.76,1285.69,1308.90,1282.23,1295.77,1295.77,1295.63,6160392,7981588686.96,68122,3564403,0.5786
2026-08-12,TATAMOTORS,EQ,1295.77,1298.42,1303.41,1288.49,1296.92,1296.92,1296.27,13151615,17048043976.05,187635,7804168,0.5934
2026-08-13,TATAMOTORS,EQ,1296.92,1301.13,1306.38,1293.86,1302.66,1302.66,1300.97,9698558,12617533001.26,188253,5478715,0.5649
2026-08-14,TATAMOTORS,EQ,1302.66,1300.64,1325.95,1279.74,1306.78,1306.78,1304.16,9126029,11901801980.64,209142,5649925,0.6191
2026-08-17,TATAMOTORS,EQ,1306.78,1303.31,1321.17,1296.82,1311.25,1311.25,1309.75,7956372,10420858227.0,86750,4364070,0.5485
2026-08-18,TATAMOTORS,EQ,1311.25,1317.94,1323.32,1303.33,1316.40,1316.40,1314.35,8676927,11404519002.45,157799,3665134,0.4224
2026-08-19,TATAMOTORS,EQ,1316.40,1309.38,1319.49,1280.03,1287.52,1287.52,1295.68,12903473,16718771896.64,101533,5602688,0.4342
2026-08-20,TATAMOTORS,EQ,1287.52,1287.89,1314.80,1276.01,1297.14,1297.14,1295.98,6430095,8333274518.1,147244,3880562,0.6035
2026-08-21,TATAMOTORS,EQ,1297.14,1295.28,1299.43,1278.38,1288.09,1288.09,1288.63,4137084,5331170554.92,170799,1657316,0.4006
2026-08-24,TATAMOTORS,EQ,1288.09,1281.98,1304.78,1262.54,1292.93,1292.93,1286.75,10347291,13314376694.25,134244,4447266,0.4298
2026-08-25,TATAMOTORS,EQ,1292.93,1285.00,1294.14,1251.85,1254.78,1254.78,1266.92,12265975,15540009047.0,96931,5643575,0.4601
2026-08-26,TATAMOTORS,EQ,1254.78,1258.55,1283.00,1221.93,1237.15,1237.15,1247.36,19714547,24591137345.92,97074,9571413,0.4855
2026-08-27,TATAMOTORS,EQ,1237.15,1239.78,1242.50,1200.42,1206.86,1206.86,1216.59,8609117,10473765651.03,186188,4431973,0.5148
2026-08-28,TATAMOTORS,EQ,1206.86,1202.31,1220.56,1186.14,1209.83,1209.83,1205.51,12520185,15093208219.35,131587,7575964,0.6051
2026-08-31,TATAMOTORS,EQ,1209.83,1214.10,1229.93,1205.21,1211.71,1211.71,1215.62,11745404,14277948010.48,124542,6223890,0.5299
2026-09-01,TATAMOTORS,EQ,1211.71,1202.70,1214.42,1186.48,1202.30,1202.30,1201.07,12051033,14474134205.31,60123,7478871,0.6206
2026-09-02,TATAMOTORS,EQ,1202.30,1204.57,1211.91,1172.30,1182.98,1182.98,1189.06,13765787,16368346690.22,218288,8029584,0.5833
2026-09-03,TATAMOTORS,EQ,1182.98,1182.26,1203.28,1173.50,1187.10,1187.10,1187.96,8558017,10166581875.32,171403,3522480,0.4116
2026-09-04,TATAMOTORS,EQ,1187.10,1192.34,1203.73,1179.49,1192.16,1192.16,1191.79,12527608,14930277938.32,86759,7952526,0.6348
2026-09-07,TATAMOTORS,EQ,1192.16,1185.17,1212.17,1181.83,1203.74,1203.74,1199.25,8020661,9618777704.25,82985,4408957,0.5497
2026-09-08,TATAMOTORS,EQ,1203.74,1208.40,1216.45,1179.48,1192.37,1192.37,1196.10,13847374,16562844041.4,173170,5318776,0.3841
2026-09-09,TATAMOTORS,EQ,1192.37,1187.92,1204.51,1185.01,1197.87,1197.87,1195.80,8689453,10390847897.4,67574,4524598,0.5207
2026-09-10,TATAMOTORS,EQ,1197.87,1200.03,1206.37,1146.80,1155.42,1155.42,1169.53,12264297,14343463270.41,169456,7210180,0.5879
2026-09-11,TATAMOTORS,EQ,1155.42,1154.06,1170.72,1146.84,1165.79,1165.79,1161.12,11171213,12971118838.56,116408,5628057,0.5038
2026-09-14,TATAMOTORS,EQ,1165.79,1166.76,1182.53,1154.74,1174.14,1174.14,1170.47,5341728,6252332372.16,198386,3125445,0.5851
2026-09-15,TATAMOTORS,EQ,1174.14,1162.08,1174.51,1132.70,1137.71,1137.71,1148.31,11263246,12933698014.26,112334,6070890,0.539
2025-10-01,SBIN,EQ,763.26,763.26,769.56,746.41,749.46,749.46,755.14,13625984,10289525557.76,111186,6611327,0.4852
2025-10-02,SBIN,EQ,749.46,746.91,770.81,738.13,759.66,759.66,756.20,21921108,16576741869.6,68626,13194315,0.6019
2025-10-03,SBIN,EQ,759.66,758.40,774.59,756.21,772.18,772.18,767.66,20206798,15511950552.68,60946,12463553,0.6168
2025-10-06,SBIN,EQ,772.18,774.52,782.24,762.35,764.39,764.39,769.66,18323535,14102891948.1,135509,8047697,0.4392
2025-10-07,SBIN,EQ,764.39,767.59,771.56,758.01,768.46,768.46,766.01,23836017,18258627382.17,168382,12640240,0.5303
2025-10-08,SBIN,EQ,768.46,766.71,770.82,740.26,749.55,749.55,753.54,17633789,13287765363.06,201784,10035389,0.5691
2025-10-09,SBIN,EQ,749.55,749.63,756.72,727.62,731.06,731.06,738.47,16233823,11988191270.81,165398,7709443,0.4749
2025-10-10,SBIN,EQ,731.06,730.61,756.66,727.53,746.90,746.90,743.70,39072305,29058073228.5,71139,16468977,0.4215
2025-10-13,SBIN,EQ,746.90,750.83,766.44,744.91,759.68,759.68,757.01,19680927,14898658548.27,102191,12078185,0.6137
2025-10-14,SBIN,EQ,759.68,760.65,767.20,748.38,750.76,750.76,755.45,27884988,21065714184.6,215294,10847260,0.389
2025-10-15,SBIN,EQ,750.76,747.43,762.65,736.20,756.43,756.43,751.76,14621959,10992203897.84,206186,8910622,0.6094
2025-10-16,SBIN,EQ,756.43,754.71,766.62,749.90,764.59,764.59,760.37,18388350,13981949689.5,179103,8705045,0.4734
2025-10-17,SBIN,EQ,764.59,767.57,789.41,765.60,772.20,772.20,775.74,16443812,12756122720.88,172308,8794151,0.5348
2025-10-20,SBIN,EQ,772.20,775.49,805.56,764.37,795.70,795.70,788.54,10070839,7941259385.06,209794,5199574,0.5163
2025-10-21,SBIN,EQ,795.70,794.49,817.55,785.48,814.67,814.67,805.90,17588304,14174414193.6,170648,9886386,0.5621
2025-10-22,SBIN,EQ,814.67,816.62,825.97,813.36,816.01,816.01,818.45,8753839,7164579529.55,153221,3330836,0.3805
2025-10-23,SBIN,EQ,816.01,814.51,818.69,792.48,800.48,800.48,803.88,15194590,12214627009.2,108860,7484855,0.4926
2025-10-24,SBIN,EQ,800.48,803.78,820.27,796.63,800.99,800.99,805.96,10060655,8108485503.8,109005,6196357,0.6159
2025-10-27,SBIN,EQ,800.99,802.02,810.01,784.93,793.79,793.79,796.24,20316299,16176649915.76,97460,13057285,0.6427
2025-10-28,SBIN,EQ,793.79,792.52,811.38,790.24,798.29,798.29,799.97,15413926,12330678382.22,139294,9080344,0.5891
2025-10-29,SBIN,EQ,798.29,797.84,804.75,793.04,799.30,799.30,799.03,17750078,14182844824.34,218961,10362496,0.5838
2025-10-30,SBIN,EQ,799.30,796.82,815.41,793.42,813.76,813.76,807.53,13015860,10510697425.8,214963,6691454,0.5141
2025-10-31,SBIN,EQ,813.76,811.38,825.83,801.65,821.64,821.64,816.37,9781033,7984941910.21,107763,6292139,0.6433
2025-11-03,SBIN,EQ,821.64,823.04,846.93,808.76,818.25,818.25,824.65,10244755,8448337210.75,61616,4704391,0.4592
2025-11-04,SBIN,EQ,818.25,820.89,828.50,809.29,820.62,820.62,819.47,15237234,12486456145.98,78951,6009565,0.3944
2025-11-05,SBIN,EQ,820.62,823.21,826.99,803.69,808.51,808.51,813.06,10123912,8231347890.72,149286,6326433,0.6249
2025-11-06,SBIN,EQ,808.51,811.71,824.86,808.53,813.68,813.68,815.69,23458351,19134742327.19,206483,9697682,0.4134
2025-11-07,SBIN,EQ,813.68,818.55,833.64,800.59,804.88,804.88,813.04,23453881,19068943408.24,63926,14987030,0.639
2025-11-10,SBIN,EQ,804.88,803.71,814.92,798.22,800.68,800.68,804.61,12116236,9748844647.96,114317,5168786,0.4266
2025-11-11,SBIN,EQ,800.68,800.05,804.61,784.61,787.09,787.09,792.10,12109092,9591611773.2,88061,5908026,0.4879
2025-11-12,SBIN,EQ,787.09,791.71,794.66,773.46,780.67,780.67,782.93,15163144,11871680331.92,70921,7047829,0.4648
2025-11-13,SBIN,EQ,780.67,782.81,785.83,758.96,765.64,765.64,770.14,9838900,7577330446.0,165856,3882430,0.3946
2025-11-14,SBIN,EQ,765.64,764.35,772.70,756.41,769.58,769.58,766.23,17107232,13108074375.36,73984,10425147,0.6094
2025-11-17,SBIN,EQ,769.58,768.14,771.09,739.28,743.59,743.59,751.32,14619724,10984091035.68,111239,5963385,0.4079
2025-11-18,SBIN,EQ,743.59,743.65,753.65,733.45,741.99,741.99,743.03,27300815,20285324569.45,98966,15353978,0.5624
2025-11-19,SBIN,EQ,741.99,741.87,754.18,734.22,741.51,741.51,743.30,22046728,16387332922.4,214472,10148109,0.4603
2025-11-20,SBIN,EQ,741.51,742.67,761.47,740.34,759.60,759.60,753.80,16604713,12516632659.4,179490,10022605,0.6036
2025-11-21,SBIN,EQ,759.60,758.58,770.79,749.14,754.61,754.61,758.18,16936322,12840780613.96,202972,8139596,0.4806
2025-11-24,SBIN,EQ,754.61,754.23,759.33,752.00,756.26,756.26,755.86,16333830,12346088743.8,147655,7157484,0.4382
2025-11-25,SBIN,EQ,756.26,754.83,764.59,747.93,751.10,751.10,754.54,13138751,9913713179.54,212578,6903100,0.5254
2025-11-26,SBIN,EQ,751.10,746.15,761.30,737.28,757.96,757.96,752.18,13386763,10069255393.34,169233,6843313,0.5112
2025-11-27,SBIN,EQ,757.96,758.26,765.42,737.90,745.50,745.50,749.61,17748936,13304779914.96,99350,6796068,0.3829
2025-11-28,SBIN,EQ,745.50,741.91,747.72,706.96,717.43,717.43,724.04,16844172,12195854294.88,218537,7200884,0.4275
2025-12-01,SBIN,EQ,717.43,715.42,723.53,705.53,709.96,709.96,713.01,17175070,12245996660.7,156896,7862747,0.4578
2025-12-02,SBIN,EQ,709.96,711.92,718.91,696.80,713.05,713.05,709.59,22144720,15713671864.8,120022,11570616,0.5225
2025-12-03,SBIN,EQ,713.05,711.54,737.24,702.21,731.88,731.88,723.78,22176517,16050919474.26,145452,9431673,0.4253
2025-12-04,SBIN,EQ,731.88,726.85,743.34,724.44,738.71,738.71,735.50,23785029,17493888829.5,192037,10225184,0.4299
2025-12-05,SBIN,EQ,738.71,740.78,756.21,737.89,748.90,748.90,747.67,24487286,18308409123.62,144832,11281293,0.4607
2025-12-08,SBIN,EQ,748.90,749.55,761.69,743.44,753.06,753.06,752.73,12860122,9680199633.06,152292,8222762,0.6394
2025-12-09,SBIN,EQ,753.06,752.80,761.83,742.18,744.13,744.13,749.38,14145037,10600007827.06,160206,6925410,0.4896
2025-12-10,SBIN,EQ,744.13,745.42,770.34,740.47,766.21,766.21,759.01,22497506,17075832029.06,84523,12920318,0.5743
2025-12-11,SBIN,EQ,766.21,767.50,779.05,765.32,776.38,776.38,773.58,17147490,13264955314.2,94005,10214760,0.5957
2025-12-12,SBIN,EQ,776.38,777.56,784.47,765.27,779.91,779.91,776.55,20733428,16100543513.4,169210,7924316,0.3822
2025-12-15,SBIN,EQ,779.91,777.11,801.07,770.32,793.66,793.66,788.35,22966088,18105315474.8,115530,10192350,0.4438
2025-12-16,SBIN,EQ,793.66,789.87,808.53,782.70,796.45,796.45,795.89,14916471,11871870104.19,121456,8393498,0.5627
2025-12-17,SBIN,EQ,796.45,802.65,806.73,783.61,787.44,787.44,792.59,14472649,11470876870.91,195765,6917926,0.478
2025-12-18,SBIN,EQ,787.44,788.41,797.05,782.27,793.65,793.65,790.99,23256544,18395693738.56,126444,11305006,0.4861
2025-12-19,SBIN,EQ,793.65,790.27,808.42,771.31,773.66,773.66,784.46,13970213,10959073289.98,193769,8917187,0.6383
2025-12-22,SBIN,EQ,773.66,777.46,785.10,754.65,757.91,757.91,765.89,13640668,10447251214.52,80167,8208954,0.6018
2025-12-23,SBIN,EQ,757.91,757.82,764.63,743.29,747.82,747.82,751.91,10882675,8182792159.25,168087,6532870,0.6003
2025-12-24,SBIN,EQ,747.82,748.37,752.46,734.69,739.84,739.84,742.33,18766772,13931137858.76,90928,10469982,0.5579
2025-12-25,SBIN,EQ,739.84,742.59,757.86,740.55,754.68,754.68,751.03,14814677,11126266867.31,140255,7460671,0.5036
2025-12-26,SBIN,EQ,754.68,755.44,766.99,747.55,753.88,753.88,756.14,19529917,14767351440.38,183038,7806108,0.3997
2025-12-29,SBIN,EQ,753.88,753.78,759.26,739.08,750.26,750.26,749.53,21544318,16148112670.54,66254,9847908,0.4571
2025-12-30,SBIN,EQ,750.26,749.45,751.77,730.77,734.51,734.51,739.02,10087614,7454948498.28,149629,6499450,0.6443
2025-12-31,SBIN,EQ,734.51,734.29,738.01,730.99,735.59,735.59,734.86,15776903,11593814938.58,80872,6313917,0.4002
2026-01-01,SBIN,EQ,735.59,735.89,747.65,730.82,734.62,734.62,737.70,19036169,14042981871.3,139279,10315700,0.5419
2026-01-02,SBIN,EQ,734.62,739.59,744.57,731.41,740.44,740.44,738.81,7708572,5695170079.32,96439,3978394,0.5161
2026-01-05,SBIN,EQ,740.44,739.79,741.38,724.36,730.17,730.17,731.97,19834003,14517895175.91,186424,10498138,0.5293
2026-01-06,SBIN,EQ,730.17,728.58,737.86,726.84,733.41,733.41,732.70,11875156,8700926801.2,133437,4595685,0.387
2026-01-07,SBIN,EQ,733.41,734.19,739.30,720.84,722.93,722.93,727.69,13056933,9501399574.77,179973,5541362,0.4244
2026-01-08,SBIN,EQ,722.93,724.26,732.90,711.32,717.10,717.10,720.44,17253750,12430291650.0,203224,6692730,0.3879
2026-01-09,SBIN,EQ,717.10,715.62,719.30,707.42,713.49,713.49,713.40,24247913,17298461134.2,148510,15746595,0.6494
2026-01-12,SBIN,EQ,713.49,714.84,726.01,703.54,721.52,721.52,717.02,15506271,11118306432.42,126935,6376179,0.4112
2026-01-13,SBIN,EQ,721.52,719.80,725.22,708.29,711.28,711.28,714.93,17945260,12829604731.8,165616,8585012,0.4784
2026-01-14,SBIN,EQ,711.28,703.28,712.76,700.99,706.53,706.53,706.76,26436901,18684544150.76,157985,10429357,0.3945
2026-01-15,SBIN,EQ,706.53,707.99,714.04,695.38,700.48,700.48,703.30,8216050,5778347965.0,63652,4904160,0.5969
2026-01-16,SBIN,EQ,700.48,702.30,708.50,682.76,686.13,686.13,692.46,14843259,10278363127.14,73296,9331957,0.6287
2026-01-19,SBIN,EQ,686.13,688.36,703.68,682.73,695.12,695.12,693.84,11431464,7931606981.76,113009,4536005,0.3968
2026-01-20,SBIN,EQ,695.12,691.13,693.58,678.62,683.08,683.08,685.09,15199693,10413157677.37,86463,8916140,0.5866
2026-01-21,SBIN,EQ,683.08,681.82,686.54,670.10,679.46,679.46,678.70,21906027,14867620524.9,144541,10166587,0.4641
2026-01-22,SBIN,EQ,679.46,678.25,691.91,669.37,688.81,688.81,683.36,18607473,12715602749.28,94985,11739455,0.6309
2026-01-23,SBIN,EQ,688.81,688.49,698.00,683.23,691.78,691.78,691.00,11867852,8200685732.0,137723,6948627,0.5855
2026-01-26,SBIN,EQ,691.78,698.25,709.72,693.15,700.33,700.33,701.07,13449777,9429235161.39,141529,6181518,0.4596
2026-01-27,SBIN,EQ,700.33,700.59,727.63,684.05,725.67,725.67,712.45,14223906,10133821829.7,154613,6070763,0.4268
2026-01-28,SBIN,EQ,725.67,727.84,740.51,707.04,711.08,711.08,719.54,14680460,10563178188.4,154136,9256030,0.6305
2026-01-29,SBIN,EQ,711.08,712.62,731.79,709.77,724.92,724.92,722.16,23321281,16841696286.96,159567,10303342,0.4418
2026-01-30,SBIN,EQ,724.92,724.21,728.69,715.92,726.18,726.18,723.60,21350118,15448945384.8,83953,10226707,0.479
2026-02-02,SBIN,EQ,726.18,722.28,730.11,710.33,719.88,719.88,720.11,13130817,9455632629.87,151235,5761802,0.4388
2026-02-03,SBIN,EQ,719.88,719.75,737.29,711.99,726.19,726.19,725.16,9391170,6810100837.2,175105,4651447,0.4953
2026-02-04,SBIN,EQ,726.19,720.45,730.79,705.83,722.87,722.87,719.83,12774317,9195336606.11,170154,6195544,0.485
2026-02-05,SBIN,EQ,722.87,717.89,736.84,710.16,724.39,724.39,723.80,14355302,10390367587.6,69337,7049889,0.4911
2026-02-06,SBIN,EQ,724.39,726.58,728.41,718.03,721.88,721.88,722.77,6895909,4984156147.93,140164,4308564,0.6248
2026-02-09,SBIN,EQ,721.88,717.19,743.99,707.72,732.62,732.62,728.11,13438693,9784846760.23,218973,6515078,0.4848
2026-02-10,SBIN,EQ,732.62,733.51,746.40,725.55,742.28,742.28,738.08,10202976,7530612526.08,119594,6476849,0.6348
2026-02-11,SBIN,EQ,742.28,742.19,770.34,737.02,762.61,762.61,756.66,9573013,7243516016.58,139065,3901960,0.4076
2026-02-12,SBIN,EQ,762.61,764.28,771.98,759.36,764.24,764.24,765.19,11184955,8558615716.45,72457,5421348,0.4847
2026-02-13,SBIN,EQ,764.24,763.66,779.32,759.16,776.74,776.74,771.74,10293861,7944184288.14,133347,4667237,0.4534
2026-02-16,SBIN,EQ,776.74,777.39,782.92,744.20,755.67,755.67,760.93,12134961,9233855873.73,134372,6000738,0.4945
2026-02-17,SBIN,EQ,755.67,758.78,763.14,751.56,753.78,753.78,756.16,16085250,12163022640.0,161831,9591635,0.5963
2026-02-18,SBIN,EQ,753.78,753.98,768.93,751.31,761.36,761.36,760.53,17559504,13354529577.12,185509,7048385,0.4014
2026-02-19,SBIN,EQ,761.36,760.44,776.39,749.70,771.36,771.36,765.82,18013456,13795064873.92,97352,7628699,0.4235
2026-02-20,SBIN,EQ,771.36,767.35,775.79,749.75,753.67,753.67,759.74,6821949,5182907533.26,134411,2660560,0.39
2026-02-23,SBIN,EQ,753.67,754.18,756.60,743.73,745.97,745.97,748.77,11742949,8792767922.73,80280,7196079,0.6128
2026-02-24,SBIN,EQ,745.97,747.25,766.57,735.47,760.79,760.79,754.28,15542770,11723600555.6,123722,8935538,0.5749
2026-02-25,SBIN,EQ,760.79,752.75,762.89,738.78,758.19,758.19,753.29,11379837,8572317413.73,100295,4337994,0.3812
2026-02-26,SBIN,EQ,758.19,760.86,773.33,758.71,769.64,769.64,767.23,12602016,9668644735.68,180156,5733917,0.455
2026-02-27,SBIN,EQ,769.64,767.54,781.73,756.83,776.03,776.03,771.53,17246147,13305919794.91,208253,9975171,0.5784
2026-03-02,SBIN,EQ,776.03,773.64,788.15,769.74,784.16,784.16,780.68,17281411,13491251939.48,91388,6891827,0.3988
2026-03-03,SBIN,EQ,784.16,783.67,792.41,773.12,785.06,785.06,783.53,14150791,11087569272.23,83940,8716887,0.616
2026-03-04,SBIN,EQ,785.06,781.04,801.49,769.66,795.38,795.38,788.84,10497258,8280657000.72,199654,6653162,0.6338
2026-03-05,SBIN,EQ,795.38,799.18,812.48,784.88,794.79,794.79,797.38,24505372,19540093525.36,188187,12372762,0.5049
2026-03-06,SBIN,EQ,794.79,794.09,804.65,790.83,797.34,797.34,797.61,12865256,10261456838.16,107859,7108054,0.5525
2026-03-09,SBIN,EQ,797.34,796.82,813.45,790.25,793.92,793.92,799.21,18492802,14779632286.42,108834,7487736,0.4049
2026-03-10,SBIN,EQ,793.92,791.99,811.16,787.90,807.68,807.68,802.25,15065779,12086521202.75,70816,9758105,0.6477
2026-03-11,SBIN,EQ,807.68,805.94,822.38,802.40,818.58,818.58,814.45,18353949,14948373763.05,83084,9760630,0.5318
2026-03-12,SBIN,EQ,818.58,820.90,830.59,818.20,819.92,819.92,822.90,10351445,8518204090.5,157149,4790649,0.4628
2026-03-13,SBIN,EQ,819.92,811.42,847.66,801.12,827.67,827.67,825.48,15342568,12664983032.64,212108,8613318,0.5614
2026-03-16,SBIN,EQ,827.67,828.79,843.97,811.09,814.40,814.40,823.15,8843295,7279358279.25,200072,5394410,0.61
2026-03-17,SBIN,EQ,814.40,810.74,821.57,801.27,819.23,819.23,814.02,12483153,10161536205.06,83757,6925653,0.5548
2026-03-18,SBIN,EQ,819.23,816.16,830.64,811.11,826.71,826.71,822.82,15353325,12633022876.5,92543,7695086,0.5012
2026-03-19,SBIN,EQ,826.71,826.87,833.74,821.00,831.83,831.83,828.86,14242423,11804974727.78,185513,8266302,0.5804
2026-03-20,SBIN,EQ,831.83,830.97,845.51,822.16,833.49,833.49,833.72,19770355,16482940370.6,137750,10859856,0.5493
2026-03-23,SBIN,EQ,833.49,838.75,849.78,825.53,833.15,833.15,836.15,22060305,18445724025.75,113857,13688419,0.6205
2026-03-24,SBIN,EQ,833.15,838.32,840.55,820.19,828.63,828.63,829.79,16610651,13783352093.29,61458,9652449,0.5811
2026-03-25,SBIN,EQ,828.63,828.26,836.60,826.35,828.85,828.85,830.60,13335975,11076860835.0,70062,6342590,0.4756
2026-03-26,SBIN,EQ,828.85,831.82,841.12,824.67,828.78,828.78,831.52,21547918,17917524775.36,94213,9056590,0.4203
2026-03-27,SBIN,EQ,828.78,831.81,835.97,810.28,822.77,822.77,823.01,11271323,9276411542.23,154094,4726066,0.4193
2026-03-30,SBIN,EQ,822.77,826.59,830.90,818.56,820.88,820.88,823.45,12021545,9899141230.25,201637,7010965,0.5832
2026-03-31,SBIN,EQ,820.88,815.67,823.25,805.40,812.11,812.11,813.59,12857207,10460495043.13,159670,5286884,0.4112
2026-04-01,SBIN,EQ,812.11,810.46,840.98,805.02,833.92,833.92,826.64,17492180,14459735675.2,209663,8432980,0.4821
2026-04-02,SBIN,EQ,833.92,831.59,846.74,818.84,828.06,828.06,831.21,6925636,5756657899.56,81017,4215635,0.6087
2026-04-03,SBIN,EQ,828.06,821.31,835.84,813.74,818.33,818.33,822.64,10823651,8903968258.64,125474,5664017,0.5233
2026-04-06,SBIN,EQ,818.33,821.37,829.54,812.22,821.25,821.25,821.00,15709241,12897286861.0,81657,6619874,0.4214
2026-04-07,SBIN,EQ,821.25,823.66,825.68,799.63,808.66,808.66,811.32,17248763,13994266397.16,92971,7458365,0.4324
2026-04-08,SBIN,EQ,808.66,806.58,816.54,796.86,810.72,810.72,808.04,18579157,15012702022.28,92202,9198541,0.4951
2026-04-09,SBIN,EQ,810.72,811.07,818.20,796.98,813.95,813.95,809.71,10692874,8658127006.54,153291,5104778,0.4774
2026-04-10,SBIN,EQ,813.95,819.23,825.72,810.24,815.20,815.20,817.05,16463362,13451389922.1,96452,9459848,0.5746
2026-04-13,SBIN,EQ,815.20,818.32,820.72,802.60,809.15,809.15,810.82,22265757,18053521090.74,89104,12335229,0.554
2026-04-14,SBIN,EQ,809.15,811.32,836.50,802.46,827.38,827.38,822.11,25034864,20581412043.04,217648,10802544,0.4315
2026-04-15,SBIN,EQ,827.38,829.81,837.53,791.03,797.89,797.89,808.82,26399605,21352528516.1,101952,13070444,0.4951
2026-04-16,SBIN,EQ,797.89,792.96,798.94,784.19,789.73,789.73,790.95,15501615,12261002384.25,143633,9972189,0.6433
2026-04-17,SBIN,EQ,789.73,792.38,805.06,775.70,799.03,799.03,793.26,16598061,13166577868.86,201886,10265901,0.6185
2026-04-20,SBIN,EQ,799.03,799.57,801.31,770.13,786.31,786.31,785.92,15170701,11922957329.92,135752,8802041,0.5802
2026-04-21,SBIN,EQ,786.31,785.90,799.50,775.34,781.63,781.63,785.49,14258701,11200067048.49,126256,8016242,0.5622
2026-04-22,SBIN,EQ,781.63,783.87,788.22,765.64,772.22,772.22,775.36,21904096,16983559874.56,207275,8836112,0.4034
2026-04-23,SBIN,EQ,772.22,776.28,802.54,773.75,798.09,798.09,791.46,15538083,12297771171.18,126018,7218993,0.4646
2026-04-24,SBIN,EQ,798.09,797.81,817.29,795.81,802.48,802.48,805.19,13650252,10991046407.88,202658,8161486,0.5979
2026-04-27,SBIN,EQ,802.48,802.33,820.73,796.41,815.83,815.83,810.99,7253048,5882149397.52,198437,4387369,0.6049
2026-04-28,SBIN,EQ,815.83,814.33,836.78,802.18,830.08,830.08,823.01,11339327,9332379514.27,169626,6539390,0.5767
2026-04-29,SBIN,EQ,830.08,823.36,831.71,812.51,824.70,824.70,822.97,22618036,18613965086.92,192546,12390160,0.5478
2026-04-30,SBIN,EQ,824.70,826.36,832.80,823.05,830.86,830.86,828.90,10000844,8289699591.6,73136,5872496,0.5872
2026-05-01,SBIN,EQ,830.86,835.21,837.20,827.42,831.75,831.75,832.12,9563026,7957585195.12,187607,4538612,0.4746
2026-05-04,SBIN,EQ,831.75,832.26,846.32,819.43,824.32,824.32,830.02,23383772,19408998435.44,218327,9664513,0.4133
2026-05-05,SBIN,EQ,824.32,824.42,835.24,807.05,821.08,821.08,821.12,12869498,10567402197.76,138488,7743577,0.6017
2026-05-06,SBIN,EQ,821.08,820.92,829.91,808.60,814.45,814.45,817.65,15029463,12288840421.95,151141,6071903,0.404
2026-05-07,SBIN,EQ,814.45,822.15,836.90,795.90,807.38,807.38,813.39,9717574,7904177515.86,139636,4599328,0.4733
2026-05-08,SBIN,EQ,807.38,814.41,819.69,804.65,807.46,807.46,810.60,17279556,14006808093.6,144018,11214432,0.649
2026-05-11,SBIN,EQ,807.46,804.95,814.32,801.92,807.23,807.23,807.82,11626102,9391797717.64,105474,6673383,0.574
2026-05-12,SBIN,EQ,807.23,809.03,811.83,797.20,805.89,805.89,804.97,22157171,17835857939.87,123039,12013618,0.5422
2026-05-13,SBIN,EQ,805.89,810.30,828.03,802.01,817.80,817.80,815.95,10284034,8391257542.3,219167,5477277,0.5326
2026-05-14,SBIN,EQ,817.80,823.55,830.69,809.00,814.93,814.93,818.21,25898052,21190045126.92,83116,9903415,0.3824
2026-05-15,SBIN,EQ,814.93,812.88,828.42,800.80,817.83,817.83,815.68,14780269,12055969817.92,153176,8229654,0.5568
2026-05-18,SBIN,EQ,817.83,820.48,842.29,815.77,833.54,833.54,830.53,17891496,14859424172.88,69472,10886975,0.6085
2026-05-19,SBIN,EQ,833.54,836.95,849.42,833.54,843.21,843.21,842.06,26660331,22449598321.86,83373,15247043,0.5719
2026-05-20,SBIN,EQ,843.21,845.08,856.01,836.96,852.08,852.08,848.35,35310122,29955341998.7,132605,17372580,0.492
2026-05-21,SBIN,EQ,852.08,849.37,858.54,834.64,848.36,848.36,847.18,15304060,12965293550.8,197552,9318642,0.6089
2026-05-22,SBIN,EQ,848.36,854.69,866.17,848.66,862.05,862.05,858.96,9089755,7807735954.8,172495,5757451,0.6334
2026-05-25,SBIN,EQ,862.05,860.89,870.42,850.85,852.87,852.87,858.05,10365967,8894517984.35,138043,5904455,0.5696
2026-05-26,SBIN,EQ,852.87,856.25,861.56,841.42,844.58,844.58,849.19,10906793,9261939547.67,179964,6998889,0.6417
2026-05-27,SBIN,EQ,844.58,840.96,854.40,838.03,849.53,849.53,847.32,35138550,29773596186.0,143108,21026908,0.5984
2026-05-28,SBIN,EQ,849.53,847.50,864.73,830.42,857.21,857.21,850.79,31173262,26521899576.98,95379,18311174,0.5874
2026-05-29,SBIN,EQ,857.21,862.27,866.67,851.90,857.12,857.12,858.56,30295882,26010832449.92,146407,16226474,0.5356
2026-06-01,SBIN,EQ,857.12,856.43,897.30,842.51,893.26,893.26,877.69,12799646,11234121297.74,183206,7421235,0.5798
2026-06-02,SBIN,EQ,893.26,898.50,903.15,878.20,884.05,884.05,888.47,17243871,15320662067.37,210953,9068552,0.5259
2026-06-03,SBIN,EQ,884.05,880.49,890.97,865.53,873.93,873.93,876.81,19536135,17129478529.35,80229,7765614,0.3975
2026-06-04,SBIN,EQ,873.93,880.41,885.51,860.81,865.51,865.51,870.61,14970108,13033125725.88,158768,7802420,0.5212
2026-06-05,SBIN,EQ,865.51,869.32,881.90,861.93,865.41,865.41,869.75,19024144,16546249244.0,173758,10518449,0.5529
2026-06-08,SBIN,EQ,865.41,866.68,869.46,858.72,862.37,862.37,863.52,8245001,7119723263.52,164327,3542877,0.4297
2026-06-09,SBIN,EQ,862.37,863.46,883.05,853.79,879.18,879.18,872.01,19326918,16853265765.18,204950,10179488,0.5267
2026-06-10,SBIN,EQ,879.18,872.95,879.52,853.13,870.06,870.06,867.57,16784190,14561459718.3,154821,9328653,0.5558
2026-06-11,SBIN,EQ,870.06,867.65,882.49,857.19,868.61,868.61,869.43,16630328,14458906073.04,105635,6392698,0.3844
2026-06-12,SBIN,EQ,868.61,863.76,867.87,843.79,847.33,847.33,853.00,23023867,19639358551.0,157820,12651615,0.5495
2026-06-15,SBIN,EQ,847.33,849.20,859.49,836.61,854.05,854.05,850.05,15891359,13508449717.95,128950,6253250,0.3935
2026-06-16,SBIN,EQ,854.05,856.45,868.47,838.57,864.46,864.46,857.17,13395310,11482057872.7,199238,8063977,0.602
2026-06-17,SBIN,EQ,864.46,874.14,876.82,864.91,868.43,868.43,870.05,13427070,11682222253.5,142885,7764875,0.5783
2026-06-18,SBIN,EQ,868.43,870.46,879.35,842.87,849.32,849.32,857.18,21941391,18807721537.38,183300,11119897,0.5068
2026-06-19,SBIN,EQ,849.32,854.71,861.64,841.41,847.70,847.70,850.25,8078775,6868978443.75,78342,4859383,0.6015
2026-06-22,SBIN,EQ,847.70,848.53,877.36,836.11,870.58,870.58,861.35,10013664,8625269486.4,174996,5858995,0.5851
2026-06-23,SBIN,EQ,870.58,871.19,883.61,847.67,850.01,850.01,860.43,10256162,8824709469.66,60074,5173208,0.5044
2026-06-24,SBIN,EQ,850.01,850.10,862.15,837.89,854.06,854.06,851.37,7152076,6089062944.12,198013,3647559,0.51
2026-06-25,SBIN,EQ,854.06,848.15,854.87,838.85,850.20,850.20,847.97,15416669,13072872811.93,94680,6231418,0.4042
2026-06-26,SBIN,EQ,850.20,855.35,860.30,835.65,850.29,850.29,848.75,9819067,8333933116.25,69113,3755793,0.3825
2026-06-29,SBIN,EQ,850.29,849.57,855.26,822.53,831.74,831.74,836.51,20648566,17272731944.66,91255,12672025,0.6137
2026-06-30,SBIN,EQ,831.74,830.02,835.47,819.94,824.02,824.02,826.48,13916251,11501503126.48,75692,5836476,0.4194
2026-07-01,SBIN,EQ,824.02,826.58,852.84,823.02,848.51,848.51,841.46,16951357,14263888861.22,76414,10119960,0.597
2026-07-02,SBIN,EQ,848.51,847.10,853.59,831.45,845.78,845.78,843.61,13143842,11088276549.62,60674,5591390,0.4254
2026-07-03,SBIN,EQ,845.78,848.16,856.55,822.89,847.12,847.12,842.19,8375846,7054053742.74,98996,4994517,0.5963
2026-07-06,SBIN,EQ,847.12,848.52,868.25,843.39,857.62,857.62,856.42,18158392,15551210076.64,198486,9520445,0.5243
2026-07-07,SBIN,EQ,857.62,859.21,868.69,855.03,863.52,863.52,862.41,10902689,9402588020.49,179479,5564732,0.5104
2026-07-08,SBIN,EQ,863.52,866.84,888.34,861.86,885.78,885.78,878.66,10596622,9310827886.52,114446,4201561,0.3965
2026-07-09,SBIN,EQ,885.78,885.43,889.50,870.81,877.43,877.43,879.25,6961373,6120787210.25,63909,3340067,0.4798
2026-07-10,SBIN,EQ,877.43,876.68,886.90,867.60,877.48,877.48,877.33,25597920,22457823153.6,190237,10873996,0.4248
2026-07-13,SBIN,EQ,877.48,875.87,882.39,864.63,871.76,871.76,872.93,18518879,16165685045.47,218060,11076142,0.5981
2026-07-14,SBIN,EQ,871.76,871.51,884.23,869.56,881.19,881.19,878.33,10222118,8978392902.94,162605,6585088,0.6442
2026-07-15,SBIN,EQ,881.19,876.74,907.15,870.45,903.56,903.56,893.72,10428475,9320136677.0,201639,5647019,0.5415
2026-07-16,SBIN,EQ,903.56,904.25,911.90,868.87,876.51,876.51,885.76,8915823,7897279380.48,218272,5515328,0.6186
2026-07-17,SBIN,EQ,876.51,874.09,891.60,862.72,884.03,884.03,879.45,14951498,13149094916.1,109359,9219094,0.6166
2026-07-20,SBIN,EQ,884.03,890.14,894.17,876.18,880.04,880.04,883.46,18746234,16561547889.64,118437,8482671,0.4525
2026-07-21,SBIN,EQ,880.04,881.92,885.00,865.43,881.74,881.74,877.39,29074528,25509700121.92,200898,15051883,0.5177
2026-07-22,SBIN,EQ,881.74,887.85,897.88,882.49,894.35,894.35,891.57,20913515,18645862568.55,177049,9036730,0.4321
2026-07-23,SBIN,EQ,894.35,901.53,913.69,887.78,894.64,894.64,898.70,13791459,12394384203.3,165865,6019972,0.4365
2026-07-24,SBIN,EQ,894.64,898.13,906.96,883.45,903.30,903.30,897.90,12554595,11272770850.5,114148,5437395,0.4331
2026-07-27,SBIN,EQ,903.30,904.24,907.46,901.12,905.04,905.04,904.54,18121393,16391524824.22,135342,7351849,0.4057
2026-07-28,SBIN,EQ,905.04,898.39,913.20,885.65,887.56,887.56,895.47,20157229,18050193852.63,120415,9024391,0.4477
2026-07-29,SBIN,EQ,887.56,889.35,898.31,862.98,873.18,873.18,878.16,7298695,6409422001.2,219177,2825325,0.3871
2026-07-30,SBIN,EQ,873.18,861.05,865.74,842.13,846.94,846.94,851.60,24785801,21107588131.6,158429,14281579,0.5762
2026-07-31,SBIN,EQ,846.94,848.98,863.89,842.61,853.84,853.84,853.45,15591185,13306296838.25,100985,7602262,0.4876
2026-08-03,SBIN,EQ,853.84,851.12,857.29,840.31,853.66,853.66,850.42,8224506,6994284392.52,153414,3737216,0.4544
2026-08-04,SBIN,EQ,853.66,853.65,860.11,835.33,844.05,844.05,846.50,37612928,31839343552.0,71140,15300939,0.4068
2026-08-05,SBIN,EQ,844.05,844.48,852.69,837.53,849.54,849.54,846.59,14188362,12011725385.58,213097,7864609,0.5543
2026-08-06,SBIN,EQ,849.54,852.39,854.81,836.19,851.47,851.47,847.49,19517464,16540855565.36,100768,10670198,0.5467
2026-08-07,SBIN,EQ,851.47,852.81,861.06,821.45,826.49,826.49,836.33,11685854,9773230275.82,61678,6894654,0.59
2026-08-10,SBIN,EQ,826.49,826.41,830.60,807.00,808.67,808.67,815.42,21741985,17728849408.7,96978,13016926,0.5987
2026-08-11,SBIN,EQ,808.67,812.74,826.07,789.63,800.30,800.30,805.33,43695092,35188968440.36,108254,16888153,0.3865
2026-08-12,SBIN,EQ,800.30,805.69,814.93,797.83,804.69,804.69,805.82,18384071,14814252093.22,147304,11521297,0.6267
2026-08-13,SBIN,EQ,804.69,804.76,818.70,795.98,813.92,813.92,809.53,15701333,12710700103.49,198621,9285768,0.5914
2026-08-14,SBIN,EQ,813.92,811.49,813.64,802.50,807.94,807.94,808.03,24174529,19533744667.87,165154,12290331,0.5084
2026-08-17,SBIN,EQ,807.94,801.13,833.02,793.92,821.88,821.88,816.27,14942121,12196805108.67,66527,8503561,0.5691
2026-08-18,SBIN,EQ,821.88,819.39,822.97,801.07,807.50,807.50,810.51,18741119,15189864360.69,105993,8276078,0.4416
2026-08-19,SBIN,EQ,807.50,810.39,827.62,797.50,814.49,814.49,813.20,17121343,13923076127.6,135073,9673559,0.565
2026-08-20,SBIN,EQ,814.49,807.78,814.13,795.70,799.34,799.34,803.06,13777395,11064074828.7,207505,6326580,0.4592
2026-08-21,SBIN,EQ,799.34,801.20,804.91,789.45,796.83,796.83,797.06,13583193,10826619812.58,179696,7512864,0.5531
2026-08-24,SBIN,EQ,796.83,797.24,806.25,785.38,787.46,787.46,793.03,18261020,14481536690.6,191224,7728064,0.4232
2026-08-25,SBIN,EQ,787.46,782.74,792.68,755.62,763.17,763.17,770.49,26833621,20675036644.29,100654,13561712,0.5054
2026-08-26,SBIN,EQ,763.17,761.39,772.89,757.80,766.05,766.05,765.58,14357158,10991553021.64,183428,5658156,0.3941
2026-08-27,SBIN,EQ,766.05,768.95,782.02,760.53,774.81,774.81,772.45,16909270,13061565611.5,190418,8160414,0.4826
2026-08-28,SBIN,EQ,774.81,774.62,782.89,769.71,777.40,777.40,776.67,13840452,10749463854.84,129086,6484252,0.4685
2026-08-31,SBIN,EQ,777.40,778.94,794.11,776.52,780.32,780.32,783.65,16504927,12934086043.55,156816,7899258,0.4786
2026-09-01,SBIN,EQ,780.32,784.46,791.33,781.44,786.71,786.71,786.49,26907833,21162741576.17,101172,14575973,0.5417
2026-09-02,SBIN,EQ,786.71,787.81,791.11,767.83,777.98,777.98,778.97,20363976,15862926384.72,185807,12395552,0.6087
2026-09-03,SBIN,EQ,777.98,777.59,784.22,760.71,762.71,762.71,769.21,19641038,15108082839.98,167859,11543038,0.5877
2026-09-04,SBIN,EQ,762.71,765.45,776.77,761.26,766.73,766.73,768.25,14340953,11017437142.25,98732,7447257,0.5193
2026-09-07,SBIN,EQ,766.73,770.23,787.29,762.52,777.02,777.02,775.61,22210391,17226601363.51,191986,11695992,0.5266
2026-09-08,SBIN,EQ,777.02,779.95,793.46,777.79,783.67,783.67,784.97,13663456,10725403056.32,201921,5268629,0.3856
2026-09-09,SBIN,EQ,783.67,782.69,799.95,770.99,791.29,791.29,787.41,16736020,13178109508.2,158038,8970507,0.536
2026-09-10,SBIN,EQ,791.29,790.38,800.10,778.79,790.54,790.54,789.81,15022930,11865260343.3,83916,7658690,0.5098
2026-09-11,SBIN,EQ,790.54,790.59,798.56,785.54,795.69,795.69,793.26,20903319,16581766829.94,99849,9253899,0.4427
2026-09-14,SBIN,EQ,795.69,796.33,800.21,777.10,797.86,797.86,791.72,19913168,15765653368.96,208362,12387982,0.6221
2026-09-15,SBIN,EQ,797.86,798.35,812.07,790.90,801.53,801.53,801.50,15601836,12504871554.0,150765,7076993,0.4536
2025-10-01,BHARTIARTL,EQ,1512.38,1512.38,1520.71,1507.77,1512.52,1512.52,1513.67,7577612,11470003956.04,133531,4107066,0.542
2025-10-02,BHARTIARTL,EQ,1512.52,1510.09,1518.98,1459.91,1467.24,1467.24,1482.04,2162886,3205483567.44,120579,859747,0.3975
2025-10-03,BHARTIARTL,EQ,1467.24,1470.04,1490.19,1457.11,1472.89,1472.89,1473.40,6708774,9884707611.6,119263,3299375,0.4918
2025-10-06,BHARTIARTL,EQ,1472.89,1478.44,1483.82,1467.82,1474.74,1474.74,1475.46,6750099,9959501070.54,188366,2964643,0.4392
2025-10-07,BHARTIARTL,EQ,1474.74,1487.20,1500.61,1451.89,1473.30,1473.30,1475.27,5987988,8833899056.76,201754,3029922,0.506
2025-10-08,BHARTIARTL,EQ,1473.30,1468.96,1474.77,1443.28,1456.10,1456.10,1458.05,5327699,7768051526.95,114469,2527993,0.4745
2025-10-09,BHARTIARTL,EQ,1456.10,1466.48,1479.09,1450.75,1454.78,1454.78,1461.54,6728369,9833780428.26,130656,4064608,0.6041
2025-10-10,BHARTIARTL,EQ,1454.78,1451.42,1464.62,1443.96,1457.74,1457.74,1455.44,6538016,9515690007.04,60447,2817885,0.431
2025-10-13,BHARTIARTL,EQ,1457.74,1455.48,1486.57,1450.13,1470.32,1470.32,1469.01,7353789,10802789578.89,70638,4768932,0.6485
2025-10-14,BHARTIARTL,EQ,1470.32,1471.05,1495.23,1450.35,1464.97,1464.97,1470.18,3365819,4948359777.42,203401,1471536,0.4372
2025-10-15,BHARTIARTL,EQ,1464.97,1468.92,1477.91,1450.66,1471.99,1471.99,1466.85,5067494,7433253573.9,64202,1974296,0.3896
2025-10-16,BHARTIARTL,EQ,1471.99,1484.26,1508.99,1475.34,1488.97,1488.97,1491.10,6870423,10244487735.3,116498,3107492,0.4523
2025-10-17,BHARTIARTL,EQ,1488.97,1486.51,1508.05,1436.41,1449.69,1449.69,1464.72,5566675,8153620206.0,155421,2717094,0.4881
2025-10-20,BHARTIARTL,EQ,1449.69,1448.99,1475.85,1440.39,1456.74,1456.74,1457.66,4881284,7115252435.44,92426,2033055,0.4165
2025-10-21,BHARTIARTL,EQ,1456.74,1462.80,1466.14,1442.78,1451.53,1451.53,1453.48,5599834,8139246722.32,200290,2665521,0.476
2025-10-22,BHARTIARTL,EQ,1451.53,1454.39,1472.02,1449.20,1460.10,1460.10,1460.44,5417867,7912469681.48,74155,2937026,0.5421
2025-10-23,BHARTIARTL,EQ,1460.10,1460.61,1467.70,1452.06,1457.75,1457.75,1459.17,5054627,7375560079.59,65686,2672887,0.5288
2025-10-24,BHARTIARTL,EQ,1457.75,1461.27,1494.04,1458.09,1479.47,1479.47,1477.20,5729720,8463942384.0,178230,3118687,0.5443
2025-10-27,BHARTIARTL,EQ,1479.47,1481.64,1486.40,1444.98,1458.06,1458.06,1463.15,5862799,8578154356.85,185038,3331242,0.5682
2025-10-28,BHARTIARTL,EQ,1458.06,1455.27,1473.20,1434.94,1465.45,1465.45,1457.86,5841717,8516405545.62,174109,2833233,0.485
2025-10-29,BHARTIARTL,EQ,1465.45,1458.86,1473.14,1448.87,1468.82,1468.82,1463.61,8694534,12725406907.74,164898,3754300,0.4318
2025-10-30,BHARTIARTL,EQ,1468.82,1470.00,1476.75,1447.63,1452.79,1452.79,1459.06,3524189,5142003202.34,98484,1987643,0.564
2025-10-31,BHARTIARTL,EQ,1452.79,1457.02,1492.76,1423.69,1474.26,1474.26,1463.57,4785070,7003284899.9,80533,2253289,0.4709
2025-11-03,BHARTIARTL,EQ,1474.26,1475.70,1485.39,1434.35,1451.38,1451.38,1457.04,5413387,7887521394.48,161859,3074804,0.568
2025-11-04,BHARTIARTL,EQ,1451.38,1455.46,1467.24,1410.11,1420.59,1420.59,1432.65,9074973,13001260068.45,60681,4444014,0.4897
2025-11-05,BHARTIARTL,EQ,1420.59,1420.66,1460.72,1409.01,1442.60,1442.60,1437.44,3801968,5465100881.92,105512,1885016,0.4958
2025-11-06,BHARTIARTL,EQ,1442.60,1447.75,1471.52,1419.81,1428.24,1428.24,1439.86,4747911,6836327132.46,104897,2669750,0.5623
2025-11-07,BHARTIARTL,EQ,1428.24,1442.99,1474.15,1432.47,1458.34,1458.34,1454.99,6649204,9674525327.96,101507,3335241,0.5016
2025-11-10,BHARTIARTL,EQ,1458.34,1457.53,1473.83,1449.81,1455.91,1455.91,1459.85,6698329,9778555590.65,161551,2782486,0.4154
2025-11-11,BHARTIARTL,EQ,1455.91,1455.07,1473.21,1424.38,1448.13,1448.13,1448.57,8562309,12403103948.13,182716,3660387,0.4275
2025-11-12,BHARTIARTL,EQ,1448.13,1444.01,1484.30,1436.49,1469.24,1469.24,1463.34,7343655,10746264107.7,127052,3873778,0.5275
2025-11-13,BHARTIARTL,EQ,1469.24,1462.07,1474.69,1437.33,1454.37,1454.37,1455.46,7552064,10991727069.44,174700,3228507,0.4275
2025-11-14,BHARTIARTL,EQ,1454.37,1456.81,1465.90,1427.57,1449.40,1449.40,1447.62,2568335,3717973112.7,152795,1241533,0.4834
2025-11-17,BHARTIARTL,EQ,1449.40,1446.77,1480.50,1434.68,1468.54,1468.54,1461.24,5027608,7346541913.92,211371,3017068,0.6001
2025-11-18,BHARTIARTL,EQ,1468.54,1460.38,1476.56,1450.39,1471.91,1471.91,1466.29,5132497,7525729026.13,211511,1979091,0.3856
2025-11-19,BHARTIARTL,EQ,1471.91,1465.51,1491.56,1444.44,1484.32,1484.32,1473.44,4740432,6984742126.08,87824,1874367,0.3954
2025-11-20,BHARTIARTL,EQ,1484.32,1482.52,1499.23,1459.29,1466.26,1466.26,1474.93,4802229,7082951618.97,135786,2560549,0.5332
2025-11-21,BHARTIARTL,EQ,1466.26,1465.62,1479.82,1445.37,1473.68,1473.68,1466.29,4855521,7119601887.09,126396,3069660,0.6322
2025-11-24,BHARTIARTL,EQ,1473.68,1480.90,1490.64,1476.88,1482.19,1482.19,1483.24,5870692,8707645202.08,159881,3240035,0.5519
2025-11-25,BHARTIARTL,EQ,1482.19,1484.33,1493.07,1446.40,1456.92,1456.92,1465.46,3660120,5363759455.2,190213,1869223,0.5107
2025-11-26,BHARTIARTL,EQ,1456.92,1450.87,1475.17,1446.29,1471.35,1471.35,1464.27,7066539,10347321061.53,192683,3028719,0.4286
2025-11-27,BHARTIARTL,EQ,1471.35,1471.40,1518.47,1459.87,1510.30,1510.30,1496.21,2673815,4000588741.15,209233,1353485,0.5062
2025-11-28,BHARTIARTL,EQ,1510.30,1503.27,1521.19,1487.30,1496.02,1496.02,1501.50,3806631,5715656446.5,127391,1715268,0.4506
2025-12-01,BHARTIARTL,EQ,1496.02,1498.34,1549.52,1478.67,1528.62,1528.62,1518.94,3256078,4945787117.32,71698,1990440,0.6113
2025-12-02,BHARTIARTL,EQ,1528.62,1531.50,1546.10,1523.95,1529.59,1529.59,1533.21,7235299,11093232779.79,135862,4384591,0.606
2025-12-03,BHARTIARTL,EQ,1529.59,1526.34,1546.08,1516.25,1534.16,1534.16,1532.16,3900247,5975802443.52,115750,1751991,0.4492
2025-12-04,BHARTIARTL,EQ,1534.16,1537.72,1572.18,1533.52,1556.02,1556.02,1553.91,3691863,5736822834.33,190910,1954472,0.5294
2025-12-05,BHARTIARTL,EQ,1556.02,1558.37,1563.27,1531.29,1545.20,1545.20,1546.59,3988343,6168331400.37,103790,1784385,0.4474
2025-12-08,BHARTIARTL,EQ,1545.20,1552.95,1575.12,1507.69,1521.84,1521.84,1534.88,3110722,4774584983.36,200861,1847147,0.5938
2025-12-09,BHARTIARTL,EQ,1521.84,1515.48,1531.60,1505.23,1521.36,1521.36,1519.40,6983141,10610184435.4,86720,3719919,0.5327
2025-12-10,BHARTIARTL,EQ,1521.36,1519.98,1523.42,1508.25,1513.28,1513.28,1514.98,6684578,10127001978.44,139343,3052178,0.4566
2025-12-11,BHARTIARTL,EQ,1513.28,1507.81,1539.68,1494.65,1516.84,1516.84,1517.06,6157686,9341579123.16,113487,3134262,0.509
2025-12-12,BHARTIARTL,EQ,1516.84,1518.93,1532.08,1500.89,1523.01,1523.01,1518.66,5536032,8407350357.12,200630,2337313,0.4222
2025-12-15,BHARTIARTL,EQ,1523.01,1523.13,1555.97,1518.88,1528.39,1528.39,1534.41,8746774,13421137493.34,103226,4829094,0.5521
2025-12-16,BHARTIARTL,EQ,1528.39,1536.64,1568.21,1513.60,1561.00,1561.00,1547.60,4122706,6380299805.6,102550,2558964,0.6207
2025-12-17,BHARTIARTL,EQ,1561.00,1555.98,1605.06,1528.50,1578.42,1578.42,1570.66,5510880,8655718780.8,196666,3036495,0.551
2025-12-18,BHARTIARTL,EQ,1578.42,1586.13,1606.09,1574.00,1579.20,1579.20,1586.43,3263208,5176851067.44,61441,1887113,0.5783
2025-12-19,BHARTIARTL,EQ,1579.20,1581.04,1638.89,1569.62,1617.46,1617.46,1608.66,3779051,6079208181.66,181147,1658625,0.4389
2025-12-22,BHARTIARTL,EQ,1617.46,1618.12,1631.45,1606.43,1622.84,1622.84,1620.24,6678618,10820964028.32,71726,2576611,0.3858
2025-12-23,BHARTIARTL,EQ,1622.84,1630.31,1662.27,1611.14,1649.76,1649.76,1641.06,5905817,9691800046.02,143557,3564751,0.6036
2025-12-24,BHARTIARTL,EQ,1649.76,1662.01,1666.65,1646.58,1656.30,1656.30,1656.51,6915992,11456409907.92,129223,3370855,0.4874
2025-12-25,BHARTIARTL,EQ,1656.30,1658.78,1675.09,1618.27,1632.63,1632.63,1642.00,4595461,7545746962.0,120747,1987537,0.4325
2025-12-26,BHARTIARTL,EQ,1632.63,1635.77,1646.51,1594.81,1606.37,1606.37,1615.90,5223413,8440513066.7,126495,2184954,0.4183
2025-12-29,BHARTIARTL,EQ,1606.37,1595.75,1624.89,1590.60,1610.87,1610.87,1608.79,7493790,12055934414.1,95079,4729331,0.6311
2025-12-30,BHARTIARTL,EQ,1610.87,1622.03,1628.57,1562.83,1576.64,1576.64,1589.35,6290870,9998394234.5,102362,3827365,0.6084
2025-12-31,BHARTIARTL,EQ,1576.64,1581.27,1611.11,1571.27,1590.13,1590.13,1590.84,6010877,9562343566.68,103814,2395936,0.3986
2026-01-01,BHARTIARTL,EQ,1590.13,1588.19,1591.51,1548.15,1565.99,1565.99,1568.55,6849464,10743726757.2,64059,3732273,0.5449
2026-01-02,BHARTIARTL,EQ,1565.99,1576.55,1610.27,1553.75,1607.01,1607.01,1590.34,10435150,16595436451.0,60021,4833561,0.4632
2026-01-05,BHARTIARTL,EQ,1607.01,1609.11,1636.06,1590.59,1628.26,1628.26,1618.30,8787006,14220011809.8,116986,5353044,0.6092
2026-01-06,BHARTIARTL,EQ,1628.26,1628.08,1654.61,1540.99,1562.41,1562.41,1586.00,6425078,10190173708.0,81155,3880105,0.6039
2026-01-07,BHARTIARTL,EQ,1562.41,1555.12,1560.66,1516.99,1537.26,1537.26,1538.30,4757595,7318608388.5,152452,2092866,0.4399
2026-01-08,BHARTIARTL,EQ,1537.26,1528.69,1534.09,1495.98,1509.57,1509.57,1513.21,7275022,11008636040.62,202760,3585131,0.4928
2026-01-09,BHARTIARTL,EQ,1509.57,1504.13,1543.69,1492.97,1535.56,1535.56,1524.07,4782108,7288267339.56,200823,2735366,0.572
2026-01-12,BHARTIARTL,EQ,1535.56,1537.79,1569.34,1519.28,1553.87,1553.87,1547.50,6401157,9905790457.5,120827,3854777,0.6022
2026-01-13,BHARTIARTL,EQ,1553.87,1548.73,1574.77,1540.90,1553.93,1553.93,1556.53,5782794,9001092344.82,69736,3193837,0.5523
2026-01-14,BHARTIARTL,EQ,1553.93,1548.94,1567.42,1539.81,1545.76,1545.76,1551.00,3115826,4832646126.0,203929,1471605,0.4723
2026-01-15,BHARTIARTL,EQ,1545.76,1545.11,1587.82,1540.96,1562.23,1562.23,1563.67,4306035,6733217748.45,96709,2708065,0.6289
2026-01-16,BHARTIARTL,EQ,1562.23,1567.82,1599.17,1560.19,1595.22,1595.22,1584.86,6937979,10995725397.94,216055,4266857,0.615
2026-01-19,BHARTIARTL,EQ,1595.22,1598.17,1619.00,1593.40,1609.70,1609.70,1607.37,4779162,7681881623.94,124398,3073001,0.643
2026-01-20,BHARTIARTL,EQ,1609.70,1614.04,1623.84,1582.17,1599.65,1599.65,1601.89,9474830,15177635428.7,177166,6150112,0.6491
2026-01-21,BHARTIARTL,EQ,1599.65,1603.28,1617.61,1561.45,1577.59,1577.59,1585.55,6777851,10746621653.05,127605,3710196,0.5474
2026-01-22,BHARTIARTL,EQ,1577.59,1579.47,1599.65,1568.78,1586.80,1586.80,1585.08,5868614,9302222679.12,172740,3386777,0.5771
2026-01-23,BHARTIARTL,EQ,1586.80,1585.62,1612.25,1558.39,1607.50,1607.50,1592.71,4491309,7153352757.39,104260,2853329,0.6353
2026-01-26,BHARTIARTL,EQ,1607.50,1598.35,1623.94,1573.83,1585.00,1585.00,1594.26,4614127,7356118111.02,174700,2535924,0.5496
2026-01-27,BHARTIARTL,EQ,1585.00,1578.84,1602.04,1570.90,1589.59,1589.59,1587.51,6244529,9913252232.79,110371,2726986,0.4367
2026-01-28,BHARTIARTL,EQ,1589.59,1598.66,1627.41,1594.98,1610.82,1610.82,1611.07,7043896,11348209528.72,123109,4000229,0.5679
2026-01-29,BHARTIARTL,EQ,1610.82,1606.89,1631.89,1550.47,1569.96,1569.96,1584.11,6383305,10111857283.55,209560,3176971,0.4977
2026-01-30,BHARTIARTL,EQ,1569.96,1591.97,1601.03,1576.69,1592.91,1592.91,1590.21,2498048,3972420910.08,208473,1053926,0.4219
2026-02-02,BHARTIARTL,EQ,1592.91,1597.00,1605.63,1559.31,1566.77,1566.77,1577.24,3076022,4851624939.28,196799,1620141,0.5267
2026-02-03,BHARTIARTL,EQ,1566.77,1568.71,1602.52,1552.77,1571.16,1571.16,1575.48,5547708,8740302999.84,90466,2359440,0.4253
2026-02-04,BHARTIARTL,EQ,1571.16,1572.62,1580.26,1526.66,1541.07,1541.07,1549.33,6926836,10731954819.88,61846,3906736,0.564
2026-02-05,BHARTIARTL,EQ,1541.07,1545.41,1558.57,1536.32,1545.93,1545.93,1546.94,5500219,8508508779.86,138185,3180777,0.5783
2026-02-06,BHARTIARTL,EQ,1545.93,1547.92,1565.51,1519.10,1549.23,1549.23,1544.61,3958760,6114740283.6,65670,1608840,0.4064
2026-02-09,BHARTIARTL,EQ,1549.23,1550.51,1579.42,1509.83,1526.86,1526.86,1538.70,6692340,10297503558.0,73993,3806603,0.5688
2026-02-10,BHARTIARTL,EQ,1526.86,1526.21,1530.17,1478.21,1485.29,1485.29,1497.89,4935373,7392645862.97,108610,2637957,0.5345
2026-02-11,BHARTIARTL,EQ,1485.29,1480.50,1497.99,1432.53,1465.51,1465.51,1465.34,7532851,11038187884.34,202153,3604469,0.4785
2026-02-12,BHARTIARTL,EQ,1465.51,1464.95,1481.47,1438.73,1456.74,1456.74,1458.98,7536213,10995184042.74,194054,3419180,0.4537
2026-02-13,BHARTIARTL,EQ,1456.74,1455.48,1462.29,1442.81,1450.32,1450.32,1451.81,7494771,10880983485.51,65555,3768371,0.5028
2026-02-16,BHARTIARTL,EQ,1450.32,1452.44,1458.24,1426.83,1437.29,1437.29,1440.79,4664358,6720360362.82,105249,2198312,0.4713
2026-02-17,BHARTIARTL,EQ,1437.29,1431.71,1443.64,1397.38,1410.10,1410.10,1417.04,4651690,6591630797.6,65455,2135126,0.459
2026-02-18,BHARTIARTL,EQ,1410.10,1415.53,1432.95,1403.71,1410.06,1410.06,1415.57,5722927,8101203773.39,187875,3028573,0.5292
2026-02-19,BHARTIARTL,EQ,1410.06,1403.72,1419.25,1388.42,1405.82,1405.82,1404.50,4015506,5639778177.0,200525,1943505,0.484
2026-02-20,BHARTIARTL,EQ,1405.82,1402.13,1414.87,1370.50,1386.54,1386.54,1390.64,6277944,8730360044.16,83294,3106954,0.4949
2026-02-23,BHARTIARTL,EQ,1386.54,1388.65,1408.34,1351.41,1356.17,1356.17,1371.97,3636438,4989083842.86,140395,2123680,0.584
2026-02-24,BHARTIARTL,EQ,1356.17,1358.94,1367.44,1351.88,1363.55,1363.55,1360.96,3605459,4906885480.64,204281,1424517,0.3951
2026-02-25,BHARTIARTL,EQ,1363.55,1366.09,1388.03,1350.07,1378.69,1378.69,1372.26,3883012,5328502047.12,79233,2146529,0.5528
2026-02-26,BHARTIARTL,EQ,1378.69,1371.73,1416.52,1350.93,1393.55,1393.55,1387.00,7082935,9824030845.0,173962,3968568,0.5603
2026-02-27,BHARTIARTL,EQ,1393.55,1390.99,1421.71,1364.29,1376.63,1376.63,1387.54,3365312,4669505012.48,147682,1449440,0.4307
2026-03-02,BHARTIARTL,EQ,1376.63,1380.00,1409.81,1366.16,1390.93,1390.93,1388.97,5632450,7823304076.5,149076,3403126,0.6042
2026-03-03,BHARTIARTL,EQ,1390.93,1393.17,1396.51,1366.34,1381.57,1381.57,1381.47,4723591,6525499258.77,214371,2437373,0.516
2026-03-04,BHARTIARTL,EQ,1381.57,1386.71,1405.73,1379.31,1384.97,1384.97,1390.00,3561872,4951002080.0,213515,1603199,0.4501
2026-03-05,BHARTIARTL,EQ,1384.97,1388.18,1403.88,1358.15,1369.69,1369.69,1377.24,2698482,3716457349.68,183837,1331971,0.4936
2026-03-06,BHARTIARTL,EQ,1369.69,1365.15,1408.95,1358.62,1398.53,1398.53,1388.70,9280532,12887874788.4,89050,4243987,0.4573
2026-03-09,BHARTIARTL,EQ,1398.53,1407.01,1437.89,1367.83,1380.16,1380.16,1395.29,7733896,10791027749.84,190943,3552178,0.4593
2026-03-10,BHARTIARTL,EQ,1380.16,1377.70,1410.34,1355.65,1403.63,1403.63,1389.87,3994945,5552454207.15,98293,1631536,0.4084
2026-03-11,BHARTIARTL,EQ,1403.63,1400.90,1415.90,1392.61,1411.39,1411.39,1406.63,3668502,5160224968.26,174211,2178356,0.5938
2026-03-12,BHARTIARTL,EQ,1411.39,1406.61,1419.86,1355.93,1363.48,1363.48,1379.76,3580211,4939831929.36,195441,1409887,0.3938
2026-03-13,BHARTIARTL,EQ,1363.48,1360.94,1383.41,1341.39,1377.73,1377.73,1367.51,5389274,7369886087.74,70666,2763620,0.5128
2026-03-16,BHARTIARTL,EQ,1377.73,1378.60,1402.06,1369.12,1394.45,1394.45,1388.54,7439687,10330302986.98,198994,3142524,0.4224
2026-03-17,BHARTIARTL,EQ,1394.45,1396.38,1402.02,1370.84,1383.91,1383.91,1385.59,6044949,8375820884.91,210372,3582237,0.5926
2026-03-18,BHARTIARTL,EQ,1383.91,1377.98,1388.27,1354.84,1363.21,1363.21,1368.77,4861203,6653868830.31,193318,2797622,0.5755
2026-03-19,BHARTIARTL,EQ,1363.21,1360.49,1377.68,1342.55,1356.23,1356.23,1358.82,11207241,15228623215.62,121260,5331285,0.4757
2026-03-20,BHARTIARTL,EQ,1356.23,1363.81,1390.39,1356.22,1373.57,1373.57,1373.39,5721825,7858297236.75,126222,2491855,0.4355
2026-03-23,BHARTIARTL,EQ,1373.57,1370.34,1373.60,1332.34,1341.48,1341.48,1349.14,4354415,5874715453.1,209985,2739798,0.6292
2026-03-24,BHARTIARTL,EQ,1341.48,1339.09,1346.48,1326.41,1330.48,1330.48,1334.46,3278420,4374920353.2,77669,1248750,0.3809
2026-03-25,BHARTIARTL,EQ,1330.48,1331.51,1347.18,1328.25,1338.92,1338.92,1338.12,7321148,9796574561.76,90041,4469561,0.6105
2026-03-26,BHARTIARTL,EQ,1338.92,1337.96,1346.07,1292.27,1298.88,1298.88,1312.41,4345627,5703244331.07,61032,2081121,0.4789
2026-03-27,BHARTIARTL,EQ,1298.88,1305.21,1322.46,1276.61,1297.25,1297.25,1298.77,4284337,5564368365.49,198032,2461352,0.5745
2026-03-30,BHARTIARTL,EQ,1297.25,1301.48,1310.91,1267.19,1290.05,1290.05,1289.38,2846974,3670831336.12,144619,1763985,0.6196
2026-03-31,BHARTIARTL,EQ,1290.05,1288.40,1298.54,1271.07,1281.09,1281.09,1283.57,4533555,5819135191.35,77956,2289445,0.505
2026-04-01,BHARTIARTL,EQ,1281.09,1276.66,1288.58,1250.33,1256.20,1256.20,1265.04,8604437,10884956982.48,207306,4821926,0.5604
2026-04-02,BHARTIARTL,EQ,1256.20,1250.51,1264.38,1237.42,1255.27,1255.27,1252.36,3780072,4734010969.92,73593,2081308,0.5506
2026-04-03,BHARTIARTL,EQ,1255.27,1255.84,1263.77,1243.30,1255.20,1255.20,1254.09,7646376,9589243677.84,202126,4665054,0.6101
2026-04-06,BHARTIARTL,EQ,1255.20,1252.57,1280.50,1243.90,1275.81,1275.81,1266.74,5228824,6623560513.76,203230,2889448,0.5526
2026-04-07,BHARTIARTL,EQ,1275.81,1270.90,1290.97,1264.58,1283.48,1283.48,1279.68,3321923,4250998424.64,186065,1509150,0.4543
2026-04-08,BHARTIARTL,EQ,1283.48,1283.39,1314.37,1279.56,1292.78,1292.78,1295.57,7264518,9411691585.26,95759,2927601,0.403
2026-04-09,BHARTIARTL,EQ,1292.78,1294.36,1304.31,1285.28,1292.22,1292.22,1293.94,11994325,15519936890.5,186762,4891286,0.4078
2026-04-10,BHARTIARTL,EQ,1292.22,1285.47,1314.02,1280.94,1309.86,1309.86,1301.61,2953139,3843835253.79,136819,1756232,0.5947
2026-04-13,BHARTIARTL,EQ,1309.86,1307.17,1313.27,1281.95,1286.96,1286.96,1294.06,5528234,7153866490.04,130670,2332915,0.422
2026-04-14,BHARTIARTL,EQ,1286.96,1289.18,1295.24,1284.80,1290.93,1290.93,1290.32,4831091,6233653339.12,67774,2734881,0.5661
2026-04-15,BHARTIARTL,EQ,1290.93,1293.43,1299.09,1279.73,1288.47,1288.47,1289.10,4507762,5810955994.2,181886,2585202,0.5735
2026-04-16,BHARTIARTL,EQ,1288.47,1284.76,1311.29,1277.82,1305.12,1305.12,1298.08,7934889,10300120713.12,117669,3048584,0.3842
2026-04-17,BHARTIARTL,EQ,1305.12,1297.17,1301.02,1290.91,1298.34,1298.34,1296.76,4102607,5320096653.32,144814,2100125,0.5119
2026-04-20,BHARTIARTL,EQ,1298.34,1297.83,1313.80,1292.28,1300.44,1300.44,1302.17,6694816,8717788550.72,75019,3291841,0.4917
2026-04-21,BHARTIARTL,EQ,1300.44,1295.60,1324.40,1268.82,1313.61,1313.61,1302.28,5861716,7633595512.48,68159,3767325,0.6427
2026-04-22,BHARTIARTL,EQ,1313.61,1313.01,1317.26,1290.57,1295.45,1295.45,1301.09,3518485,4577865648.65,194253,1573466,0.4472
2026-04-23,BHARTIARTL,EQ,1295.45,1296.46,1311.10,1272.97,1284.03,1284.03,1289.37,3956528,5101428507.36,154442,2456608,0.6209
2026-04-24,BHARTIARTL,EQ,1284.03,1285.42,1294.02,1253.76,1267.34,1267.34,1271.71,5732836,7290504869.56,118715,2318932,0.4045
2026-04-27,BHARTIARTL,EQ,1267.34,1262.93,1275.34,1254.53,1259.41,1259.41,1263.09,3048962,3851113412.58,192759,1790960,0.5874
2026-04-28,BHARTIARTL,EQ,1259.41,1254.13,1276.07,1243.11,1261.14,1261.14,1260.11,2729028,3438875473.08,172574,1475585,0.5407
2026-04-29,BHARTIARTL,EQ,1261.14,1252.65,1277.41,1244.86,1265.04,1265.04,1262.44,14704279,18563269980.76,157735,8999019,0.612
2026-04-30,BHARTIARTL,EQ,1265.04,1257.20,1266.40,1241.62,1257.36,1257.36,1255.13,11566033,14516874999.29,172757,6371728,0.5509
2026-05-01,BHARTIARTL,EQ,1257.36,1263.29,1275.40,1257.26,1268.16,1268.16,1266.94,9658397,12236609495.18,127615,4369459,0.4524
2026-05-04,BHARTIARTL,EQ,1268.16,1269.51,1292.20,1235.39,1257.35,1257.35,1261.65,3660233,4617932964.45,130578,2183695,0.5966
2026-05-05,BHARTIARTL,EQ,1257.35,1255.49,1266.50,1222.78,1235.06,1235.06,1241.45,6068483,7533718220.35,131201,3487557,0.5747
2026-05-06,BHARTIARTL,EQ,1235.06,1233.34,1252.40,1224.47,1249.15,1249.15,1242.01,4808654,5972396354.54,83631,2564936,0.5334
2026-05-07,BHARTIARTL,EQ,1249.15,1253.44,1257.25,1214.74,1226.49,1226.49,1232.83,4322289,5328647547.87,169756,2495690,0.5774
2026-05-08,BHARTIARTL,EQ,1226.49,1227.55,1243.79,1222.02,1234.33,1234.33,1233.38,3687500,4548088750.0,202645,1871406,0.5075
2026-05-11,BHARTIARTL,EQ,1234.33,1236.71,1244.11,1233.91,1238.81,1238.81,1238.94,6012862,7449575246.28,106641,2758100,0.4587
2026-05-12,BHARTIARTL,EQ,1238.81,1239.16,1259.19,1214.28,1227.00,1227.00,1233.49,3698046,4561502760.54,184130,2194420,0.5934
2026-05-13,BHARTIARTL,EQ,1227.00,1226.90,1244.69,1217.55,1228.40,1228.40,1230.21,6568843,8081056347.03,123562,3955757,0.6022
2026-05-14,BHARTIARTL,EQ,1228.40,1225.24,1240.49,1218.55,1236.92,1236.92,1231.99,5690483,7010618151.17,120075,2431543,0.4273
2026-05-15,BHARTIARTL,EQ,1236.92,1243.64,1261.05,1236.76,1256.62,1256.62,1251.48,6362148,7962100979.04,66138,3992884,0.6276
2026-05-18,BHARTIARTL,EQ,1256.62,1255.81,1259.90,1211.74,1235.80,1235.80,1235.81,4917726,6077374968.06,108232,2119540,0.431
2026-05-19,BHARTIARTL,EQ,1235.80,1235.39,1249.90,1229.29,1244.72,1244.72,1241.30,2406493,2987179760.9,131055,1353652,0.5625
2026-05-20,BHARTIARTL,EQ,1244.72,1248.71,1268.18,1235.68,1258.33,1258.33,1254.06,4194599,5260278821.94,138902,2216846,0.5285
2026-05-21,BHARTIARTL,EQ,1258.33,1262.18,1272.62,1230.57,1255.76,1255.76,1252.98,7695076,9641776326.48,171281,3180375,0.4133
2026-05-22,BHARTIARTL,EQ,1255.76,1255.02,1272.94,1238.91,1251.41,1251.41,1254.42,7436248,9328178216.16,128394,4061679,0.5462
2026-05-25,BHARTIARTL,EQ,1251.41,1245.10,1258.42,1237.99,1248.71,1248.71,1248.37,10058000,12556105460.0,96852,4888188,0.486
2026-05-26,BHARTIARTL,EQ,1248.71,1258.18,1277.77,1246.86,1261.82,1261.82,1262.15,6213447,7842302131.05,125669,2996745,0.4823
2026-05-27,BHARTIARTL,EQ,1261.82,1260.55,1273.00,1214.12,1217.43,1217.43,1234.85,6414939,7921487424.15,164754,3630214,0.5659
2026-05-28,BHARTIARTL,EQ,1217.43,1218.70,1221.49,1179.69,1205.97,1205.97,1202.38,9235690,11104808942.2,93136,5073165,0.5493
2026-05-29,BHARTIARTL,EQ,1205.97,1202.05,1207.13,1160.39,1167.08,1167.08,1178.20,8407581,9905811934.2,204685,5080701,0.6043
2026-06-01,BHARTIARTL,EQ,1167.08,1173.33,1182.42,1161.20,1173.67,1173.67,1172.43,6874155,8059465546.65,214917,4398772,0.6399
2026-06-02,BHARTIARTL,EQ,1173.67,1179.40,1205.90,1176.69,1180.91,1180.91,1187.83,6230510,7400786693.3,126955,3456687,0.5548
2026-06-03,BHARTIARTL,EQ,1180.91,1181.78,1199.11,1149.73,1166.00,1166.00,1171.61,6484630,7597457354.3,94902,2856480,0.4405
2026-06-04,BHARTIARTL,EQ,1166.00,1169.39,1178.13,1152.09,1160.57,1160.57,1163.60,3401674,3958187866.4,99921,1345702,0.3956
2026-06-05,BHARTIARTL,EQ,1160.57,1163.95,1184.18,1144.49,1156.80,1156.80,1161.82,6585790,7651502537.8,94847,3759169,0.5708
2026-06-08,BHARTIARTL,EQ,1156.80,1160.51,1167.26,1145.32,1163.52,1163.52,1158.70,11217064,12997212056.8,126511,7084698,0.6316
2026-06-09,BHARTIARTL,EQ,1163.52,1154.73,1195.38,1145.52,1183.69,1183.69,1174.86,3991529,4689487760.94,122430,1725139,0.4322
2026-06-10,BHARTIARTL,EQ,1183.69,1182.91,1197.74,1158.77,1169.94,1169.94,1175.48,5328882,6263994213.36,85667,2512035,0.4714
2026-06-11,BHARTIARTL,EQ,1169.94,1160.68,1165.55,1146.85,1161.91,1161.91,1158.10,4299489,4979238210.9,107716,2128247,0.495
2026-06-12,BHARTIARTL,EQ,1161.91,1166.12,1177.87,1160.11,1169.21,1169.21,1169.06,8484044,9918356478.64,218105,3511546,0.4139
2026-06-15,BHARTIARTL,EQ,1169.21,1168.70,1187.63,1153.33,1178.87,1178.87,1173.28,6668441,7823948456.48,99665,3059481,0.4588
2026-06-16,BHARTIARTL,EQ,1178.87,1174.96,1178.71,1147.28,1152.61,1152.61,1159.53,6135827,7114675481.31,125224,3072822,0.5008
2026-06-17,BHARTIARTL,EQ,1152.61,1151.58,1170.76,1138.51,1160.84,1160.84,1156.70,4202309,4860810820.3,162801,2295721,0.5463
2026-06-18,BHARTIARTL,EQ,1160.84,1161.82,1207.55,1144.44,1196.18,1196.18,1182.72,2056256,2431975096.32,94921,1044372,0.5079
2026-06-19,BHARTIARTL,EQ,1196.18,1194.11,1208.87,1152.10,1185.28,1185.28,1182.08,5870007,6938817874.56,128139,2636807,0.4492
2026-06-22,BHARTIARTL,EQ,1185.28,1185.41,1222.54,1179.00,1194.96,1194.96,1198.83,4579523,5490069558.09,62952,2844342,0.6211
2026-06-23,BHARTIARTL,EQ,1194.96,1196.89,1222.27,1192.92,1213.32,1213.32,1209.50,5404391,6536610914.5,71812,2110415,0.3905
2026-06-24,BHARTIARTL,EQ,1213.32,1209.68,1227.08,1203.46,1208.75,1208.75,1213.10,4598705,5578689035.5,192755,2129200,0.463
2026-06-25,BHARTIARTL,EQ,1208.75,1208.46,1236.58,1203.77,1232.51,1232.51,1224.29,5510111,6745973796.19,216255,3018990,0.5479
2026-06-26,BHARTIARTL,EQ,1232.51,1240.86,1271.12,1236.31,1250.23,1250.23,1252.55,4079307,5109535982.85,141875,2194667,0.538
2026-06-29,BHARTIARTL,EQ,1250.23,1249.82,1255.14,1246.44,1251.64,1251.64,1251.07,7661917,9585594501.19,218470,3851646,0.5027
2026-06-30,BHARTIARTL,EQ,1251.64,1241.94,1259.75,1225.43,1244.26,1244.26,1243.15,5495376,6831576674.4,184811,2902108,0.5281
2026-07-01,BHARTIARTL,EQ,1244.26,1242.79,1263.61,1218.54,1236.26,1236.26,1239.47,5327464,6603231804.08,121731,3457524,0.649
2026-07-02,BHARTIARTL,EQ,1236.26,1235.39,1262.80,1223.82,1250.06,1250.06,1245.56,5713376,7116352610.56,62305,2848118,0.4985
2026-07-03,BHARTIARTL,EQ,1250.06,1250.81,1270.01,1246.56,1256.19,1256.19,1257.59,7764371,9764395325.89,145918,3191933,0.4111
2026-07-06,BHARTIARTL,EQ,1256.19,1263.57,1286.78,1243.52,1269.46,1269.46,1266.59,4173850,5286556671.5,69000,2503893,0.5999
2026-07-07,BHARTIARTL,EQ,1269.46,1277.52,1296.99,1270.62,1288.87,1288.87,1285.49,5044371,6484488476.79,171397,2987781,0.5923
2026-07-08,BHARTIARTL,EQ,1288.87,1292.40,1325.88,1268.71,1315.84,1315.84,1303.48,6730005,8772426917.4,96398,4022524,0.5977
2026-07-09,BHARTIARTL,EQ,1315.84,1304.51,1356.77,1289.09,1342.66,1342.66,1329.51,5457709,7256078692.59,160717,3536050,0.6479
2026-07-10,BHARTIARTL,EQ,1342.66,1352.62,1359.15,1336.65,1350.40,1350.40,1348.73,5341274,7203936482.02,79099,3129987,0.586
2026-07-13,BHARTIARTL,EQ,1350.40,1346.13,1350.13,1321.97,1329.91,1329.91,1334.00,5520207,7363956138.0,79451,2763416,0.5006
2026-07-14,BHARTIARTL,EQ,1329.91,1328.66,1343.49,1311.96,1328.19,1328.19,1327.88,5174514,6871133650.32,118765,3065382,0.5924
2026-07-15,BHARTIARTL,EQ,1328.19,1331.44,1367.73,1316.21,1324.59,1324.59,1336.18,5124280,6846960450.4,62338,2257245,0.4405
2026-07-16,BHARTIARTL,EQ,1324.59,1328.34,1344.94,1294.76,1304.15,1304.15,1314.62,5529216,7268817937.92,135993,2812159,0.5086
2026-07-17,BHARTIARTL,EQ,1304.15,1306.93,1343.67,1297.35,1326.59,1326.59,1322.54,4400292,5819562181.68,97533,2727741,0.6199
2026-07-20,BHARTIARTL,EQ,1326.59,1324.16,1361.56,1319.22,1337.39,1337.39,1339.39,8601999,11521431440.61,121723,3570690,0.4151
2026-07-21,BHARTIARTL,EQ,1337.39,1334.56,1347.46,1328.25,1334.33,1334.33,1336.68,4347682,5811459575.76,96837,2162537,0.4974
2026-07-22,BHARTIARTL,EQ,1334.33,1341.74,1360.59,1334.95,1345.41,1345.41,1346.98,5860003,7893306840.94,179982,3370674,0.5752
2026-07-23,BHARTIARTL,EQ,1345.41,1346.51,1350.19,1327.42,1338.69,1338.69,1338.77,10305258,13796370252.66,123187,4464238,0.4332
2026-07-24,BHARTIARTL,EQ,1338.69,1335.34,1347.56,1326.29,1334.24,1334.24,1336.03,5250613,7014976486.39,144480,2722443,0.5185
2026-07-27,BHARTIARTL,EQ,1334.24,1332.48,1342.70,1325.56,1334.38,1334.38,1334.21,3779564,5042732084.44,213637,1867861,0.4942
2026-07-28,BHARTIARTL,EQ,1334.38,1341.00,1354.23,1330.93,1343.35,1343.35,1342.84,5872593,7885952784.12,191277,2987975,0.5088
2026-07-29,BHARTIARTL,EQ,1343.35,1339.10,1362.84,1326.82,1348.13,1348.13,1345.93,9681569,13030714164.17,191226,4383814,0.4528
2026-07-30,BHARTIARTL,EQ,1348.13,1351.56,1373.20,1347.06,1368.38,1368.38,1362.88,6019776,8204232314.88,124362,2621010,0.4354
2026-07-31,BHARTIARTL,EQ,1368.38,1370.56,1381.60,1326.43,1363.18,1363.18,1357.07,7682965,10426321312.55,71388,2934124,0.3819
2026-08-03,BHARTIARTL,EQ,1363.18,1366.19,1410.92,1356.15,1389.79,1389.79,1385.62,6780639,9395389011.18,214774,2616649,0.3859
2026-08-04,BHARTIARTL,EQ,1389.79,1394.40,1450.24,1374.40,1430.38,1430.38,1418.34,7553379,10713259570.86,193743,3040990,0.4026
2026-08-05,BHARTIARTL,EQ,1430.38,1425.92,1436.89,1410.16,1415.87,1415.87,1420.97,3310802,4704550317.94,67587,1611036,0.4866
2026-08-06,BHARTIARTL,EQ,1415.87,1422.86,1445.85,1411.84,1435.54,1435.54,1431.08,7666291,10971075724.28,168349,3565592,0.4651
2026-08-07,BHARTIARTL,EQ,1435.54,1438.56,1460.90,1410.13,1446.62,1446.62,1439.22,3095383,4454937121.26,162560,2008284,0.6488
2026-08-10,BHARTIARTL,EQ,1446.62,1436.78,1459.24,1428.61,1451.98,1451.98,1446.61,8193960,11853464475.6,97263,4364103,0.5326
2026-08-11,BHARTIARTL,EQ,1451.98,1440.65,1456.91,1411.89,1438.80,1438.80,1435.87,6928590,9948554523.3,81482,4408662,0.6363
2026-08-12,BHARTIARTL,EQ,1438.80,1444.40,1482.31,1429.64,1471.82,1471.82,1461.26,3077503,4497032033.78,98545,1244542,0.4044
2026-08-13,BHARTIARTL,EQ,1471.82,1475.71,1496.55,1467.59,1480.46,1480.46,1481.53,7645806,11327490963.18,144646,4315293,0.5644
2026-08-14,BHARTIARTL,EQ,1480.46,1477.46,1491.88,1452.09,1468.79,1468.79,1470.92,4697645,6909859983.4,143339,2843954,0.6054
2026-08-17,BHARTIARTL,EQ,1468.79,1471.55,1502.55,1462.95,1497.86,1497.86,1487.79,13448484,20008520010.36,139732,6825106,0.5075
2026-08-18,BHARTIARTL,EQ,1497.86,1498.37,1523.55,1484.84,1510.57,1510.57,1506.32,4548834,6851999630.88,150544,2015588,0.4431
2026-08-19,BHARTIARTL,EQ,1510.57,1507.71,1532.98,1498.10,1526.52,1526.52,1519.20,4067618,6179525265.6,177555,1862156,0.4578
2026-08-20,BHARTIARTL,EQ,1526.52,1529.05,1553.83,1525.03,1533.89,1533.89,1537.58,9008070,13850628270.6,127249,4379724,0.4862
2026-08-21,BHARTIARTL,EQ,1533.89,1532.78,1561.16,1526.22,1544.26,1544.26,1543.88,6904658,10659963393.04,67314,4124843,0.5974
2026-08-24,BHARTIARTL,EQ,1544.26,1542.71,1567.22,1529.97,1533.41,1533.41,1543.53,6257487,9658618909.11,77926,3472905,0.555
2026-08-25,BHARTIARTL,EQ,1533.41,1531.82,1570.79,1518.90,1551.87,1551.87,1547.19,4424351,6845311623.69,72065,2202442,0.4978
2026-08-26,BHARTIARTL,EQ,1551.87,1549.70,1564.53,1545.87,1551.17,1551.17,1553.86,7563678,11752896697.08,111819,3969418,0.5248
2026-08-27,BHARTIARTL,EQ,1551.17,1555.14,1559.13,1550.09,1554.60,1554.60,1554.61,4550577,7074372509.97,77320,2041844,0.4487
2026-08-28,BHARTIARTL,EQ,1554.60,1562.47,1567.82,1555.30,1564.05,1564.05,1562.39,7739317,12091831487.63,141584,4372714,0.565
2026-08-31,BHARTIARTL,EQ,1564.05,1556.14,1569.63,1541.05,1565.29,1565.29,1558.66,7284149,11353511680.34,90046,4397441,0.6037
2026-09-01,BHARTIARTL,EQ,1565.29,1563.04,1574.68,1550.05,1569.30,1569.30,1564.68,4402653,6888743096.04,152051,1771187,0.4023
2026-09-02,BHARTIARTL,EQ,1569.30,1574.18,1587.19,1543.38,1563.23,1563.23,1564.60,7205473,11273683055.8,67018,2739521,0.3802
2026-09-03,BHARTIARTL,EQ,1563.23,1559.47,1582.09,1556.33,1569.60,1569.60,1569.34,5116035,8028798366.9,87364,2087342,0.408
2026-09-04,BHARTIARTL,EQ,1569.60,1558.66,1580.84,1548.64,1563.57,1563.57,1564.35,4474928,7000353616.8,62378,2360525,0.5275
2026-09-07,BHARTIARTL,EQ,1563.57,1554.49,1598.50,1544.31,1588.58,1588.58,1577.13,8146027,12847343562.51,157842,4820819,0.5918
2026-09-08,BHARTIARTL,EQ,1588.58,1589.76,1620.30,1559.80,1584.00,1584.00,1588.03,4362011,6927004328.33,73825,2391691,0.5483
2026-09-09,BHARTIARTL,EQ,1584.00,1572.86,1611.39,1559.88,1596.25,1596.25,1589.17,3645823,5793832536.91,187413,2149942,0.5897
2026-09-10,BHARTIARTL,EQ,1596.25,1586.15,1594.58,1541.44,1554.89,1554.89,1563.64,7473130,11685284993.2,124920,2848757,0.3812
2026-09-11,BHARTIARTL,EQ,1554.89,1563.75,1571.79,1543.05,1548.14,1548.14,1554.33,5417355,8420357397.15,198420,3325172,0.6138
2026-09-14,BHARTIARTL,EQ,1548.14,1557.04,1580.82,1553.29,1568.77,1568.77,1567.63,5239682,8213882693.66,128641,2434356,0.4646
2026-09-15,BHARTIARTL,EQ,1568.77,1565.59,1613.85,1544.51,1597.75,1597.75,1585.37,4183548,6632471492.76,110264,2637727,0.6305
2025-10-01,ITC,EQ,464.07,464.07,469.23,460.01,464.00,464.00,464.41,14593431,6777335290.71,149682,7644039,0.5238
2025-10-02,ITC,EQ,464.00,465.53,468.59,452.75,459.75,459.75,460.36,33191942,15280242419.12,171432,19954996,0.6012
2025-10-03,ITC,EQ,459.75,462.62,466.53,458.23,464.28,464.28,463.01,19289344,8931159165.44,214367,7825687,0.4057
2025-10-06,ITC,EQ,464.28,464.93,473.16,462.17,470.93,470.93,468.75,26133580,12250115625.0,80474,15674921,0.5998
2025-10-07,ITC,EQ,470.93,473.73,478.85,461.27,469.05,469.05,469.72,10343690,4858638066.8,205505,3932671,0.3802
2025-10-08,ITC,EQ,469.05,468.57,473.45,467.25,472.43,472.43,471.04,21966261,10346987581.44,65202,11453208,0.5214
2025-10-09,ITC,EQ,472.43,473.84,481.35,470.71,477.90,477.90,476.65,15785848,7524324449.2,100249,6205417,0.3931
2025-10-10,ITC,EQ,477.90,478.93,485.38,474.38,482.48,482.48,480.75,31463199,15125932919.25,217848,18534971,0.5891
2025-10-13,ITC,EQ,482.48,482.92,488.54,477.07,486.23,486.23,483.95,20842921,10086931617.95,188418,10654901,0.5112
2025-10-14,ITC,EQ,486.23,483.12,489.70,480.70,483.36,483.36,484.59,25420709,12318621374.31,218221,11820630,0.465
2025-10-15,ITC,EQ,483.36,482.44,485.79,475.26,476.72,476.72,479.26,25073937,12016935046.62,108678,13346857,0.5323
2025-10-16,ITC,EQ,476.72,477.38,487.64,469.54,474.16,474.16,477.11,9433149,4500649719.39,125017,5366518,0.5689
2025-10-17,ITC,EQ,474.16,472.18,478.13,465.46,475.23,475.23,472.94,17408193,8233030797.42,125401,9694623,0.5569
2025-10-20,ITC,EQ,475.23,473.99,479.18,465.37,472.16,472.16,472.24,23494473,11095029929.52,90092,14973028,0.6373
2025-10-21,ITC,EQ,472.16,472.97,487.85,464.22,484.31,484.31,478.79,15211506,7283116957.74,98720,7923673,0.5209
2025-10-22,ITC,EQ,484.31,484.81,487.19,477.41,485.25,485.25,483.28,10736434,5188703823.52,158834,5075112,0.4727
2025-10-23,ITC,EQ,485.25,486.03,488.92,477.95,485.00,485.00,483.96,29253844,14157690342.24,169284,13167155,0.4501
2025-10-24,ITC,EQ,485.00,486.05,487.70,483.35,484.60,484.60,485.22,14097509,6840393316.98,192027,6369255,0.4518
2025-10-27,ITC,EQ,484.60,485.86,491.12,477.55,479.91,479.91,482.86,22318088,10776511971.68,188971,10641264,0.4768
2025-10-28,ITC,EQ,479.91,480.39,488.99,474.42,485.27,485.27,482.89,14403220,6955170905.8,118540,9197896,0.6386
2025-10-29,ITC,EQ,485.27,483.83,488.36,480.40,486.82,486.82,485.19,21245063,10307892116.97,107529,11538194,0.5431
2025-10-30,ITC,EQ,486.82,486.83,495.79,484.95,491.88,491.88,490.87,9989754,4903670545.98,137127,5961885,0.5968
2025-10-31,ITC,EQ,491.88,488.36,495.56,478.54,483.93,483.93,486.01,15990498,7771541932.98,216934,9167353,0.5733
2025-11-03,ITC,EQ,483.93,485.61,498.72,479.94,492.02,492.02,490.23,9909548,4857957716.04,125726,4377047,0.4417
2025-11-04,ITC,EQ,492.02,489.29,493.91,484.80,490.30,490.30,489.67,17969296,8799025172.32,75345,10202966,0.5678
2025-11-05,ITC,EQ,490.30,493.77,502.65,489.94,496.73,496.73,496.44,22024105,10933646686.2,139630,13683576,0.6213
2025-11-06,ITC,EQ,496.73,495.23,503.71,491.18,500.37,500.37,498.42,21807292,10869190478.64,149087,9135075,0.4189
2025-11-07,ITC,EQ,500.37,499.18,507.08,496.31,497.96,497.96,500.45,14670722,7341962824.9,202819,7319223,0.4989
2025-11-10,ITC,EQ,497.96,500.17,509.73,498.86,503.81,503.81,504.13,20087538,10126730531.94,158235,8006893,0.3986
2025-11-11,ITC,EQ,503.81,499.60,501.78,498.22,499.62,499.62,499.87,17439143,8717304411.41,91283,6846608,0.3926
2025-11-12,ITC,EQ,499.62,499.46,503.91,492.98,494.74,494.74,497.21,19118888,9506102302.48,86745,8104497,0.4239
2025-11-13,ITC,EQ,494.74,491.59,496.74,482.85,488.86,488.86,489.48,15574845,7623575130.6,168770,8896351,0.5712
2025-11-14,ITC,EQ,488.86,488.77,490.73,483.83,487.81,487.81,487.46,14638041,7135459465.86,61650,8435903,0.5763
2025-11-17,ITC,EQ,487.81,487.61,492.09,475.59,489.23,489.23,485.64,25170388,12223747228.32,82130,16154355,0.6418
2025-11-18,ITC,EQ,489.23,490.23,494.67,486.57,491.73,491.73,490.99,21482676,10547779089.24,211916,10608145,0.4938
2025-11-19,ITC,EQ,491.73,493.26,497.23,489.83,493.58,493.58,493.55,18372294,9067645703.7,178286,8888516,0.4838
2025-11-20,ITC,EQ,493.58,493.30,498.34,489.21,495.20,495.20,494.25,18569321,9177886904.25,146901,11167590,0.6014
2025-11-21,ITC,EQ,495.20,494.71,496.66,485.52,488.70,488.70,490.29,22742619,11150478669.51,128836,9999930,0.4397
2025-11-24,ITC,EQ,488.70,490.36,492.65,486.79,490.03,490.03,489.82,21367846,10466398327.72,175550,9568521,0.4478
2025-11-25,ITC,EQ,490.03,492.38,503.59,488.74,496.54,496.54,496.29,11835957,5874067099.53,88417,5651669,0.4775
2025-11-26,ITC,EQ,496.54,493.93,499.11,487.51,491.47,491.47,492.70,52755501,25992635342.7,114811,28946943,0.5487
2025-11-27,ITC,EQ,491.47,491.95,501.10,478.01,483.62,483.62,487.58,20494400,9992659552.0,190364,11698204,0.5708
2025-11-28,ITC,EQ,483.62,488.23,495.93,484.24,486.59,486.59,488.92,18928945,9254739789.4,160263,8143232,0.4302
2025-12-01,ITC,EQ,486.59,486.10,493.79,484.18,490.57,490.57,489.51,19106878,9353007849.78,81572,11767926,0.6159
2025-12-02,ITC,EQ,490.57,493.18,499.39,487.85,492.14,492.14,493.13,29974044,14781100317.72,149613,13611213,0.4541
2025-12-03,ITC,EQ,492.14,494.45,504.67,489.62,500.54,500.54,498.28,12138427,6048335405.56,199252,6918903,0.57
2025-12-04,ITC,EQ,500.54,502.84,511.44,497.34,510.37,510.37,506.38,15499664,7848719856.32,64121,8292320,0.535
2025-12-05,ITC,EQ,510.37,512.78,518.24,508.14,509.29,509.29,511.89,13192100,6752904069.0,121363,7452217,0.5649
2025-12-08,ITC,EQ,509.29,508.15,516.69,506.29,514.41,514.41,512.46,8162610,4183011120.6,104617,4441276,0.5441
2025-12-09,ITC,EQ,514.41,512.39,518.14,505.24,513.42,513.42,512.27,18230140,9338753817.8,109217,9632806,0.5284
2025-12-10,ITC,EQ,513.42,513.57,517.29,508.26,514.68,514.68,513.41,20721734,10638745452.94,197371,10108062,0.4878
2025-12-11,ITC,EQ,514.68,514.44,516.31,503.32,510.35,510.35,509.99,26544936,13537651910.64,130312,16718001,0.6298
2025-12-12,ITC,EQ,510.35,512.66,516.53,501.13,506.28,506.28,507.98,14665411,7449735479.78,191146,5722443,0.3902
2025-12-15,ITC,EQ,506.28,502.84,507.38,495.18,496.48,496.48,499.68,10629038,5311117707.84,171333,4245238,0.3994
2025-12-16,ITC,EQ,496.48,495.89,500.70,484.18,489.29,489.29,491.39,21991701,10806501954.39,194295,13522697,0.6149
2025-12-17,ITC,EQ,489.29,489.25,492.85,476.59,483.79,483.79,484.41,22478837,10888973431.17,65451,11657525,0.5186
2025-12-18,ITC,EQ,483.79,481.36,489.66,476.65,483.29,483.29,483.20,8132912,3929823078.4,202447,3175902,0.3905
2025-12-19,ITC,EQ,483.29,483.67,489.52,480.77,486.28,486.28,485.52,15394893,7474528449.36,179158,9581781,0.6224
2025-12-22,ITC,EQ,486.28,486.55,500.16,485.49,490.91,490.91,492.19,10847087,5338827750.53,188437,5203348,0.4797
2025-12-23,ITC,EQ,490.91,491.46,495.95,485.39,487.96,487.96,489.77,20383955,9983449640.35,175882,9727223,0.4772
2025-12-24,ITC,EQ,487.96,488.26,491.07,480.16,481.72,481.72,484.32,18841055,9125099757.6,134554,9226465,0.4897
2025-12-25,ITC,EQ,481.72,480.26,483.71,476.90,481.47,481.47,480.69,20279339,9748075463.91,177829,10752106,0.5302
2025-12-26,ITC,EQ,481.47,480.61,483.80,474.40,479.82,479.82,479.34,17570743,8422359949.62,65994,9841373,0.5601
2025-12-29,ITC,EQ,479.82,482.74,491.36,478.14,489.24,489.24,486.25,23787584,11566712720.0,93799,10480810,0.4406
2025-12-30,ITC,EQ,489.24,487.55,492.44,483.49,487.96,487.96,487.96,21669015,10573612559.4,187607,11029529,0.509
2025-12-31,ITC,EQ,487.96,492.14,493.99,484.40,489.45,489.45,489.28,14760568,7222050711.04,135155,6612734,0.448
2026-01-01,ITC,EQ,489.45,488.03,493.06,479.78,486.18,486.18,486.34,14746141,7171638213.94,153999,6824514,0.4628
2026-01-02,ITC,EQ,486.18,486.24,488.32,483.74,486.68,486.68,486.25,16649891,8096009498.75,189125,9582012,0.5755
2026-01-05,ITC,EQ,486.68,484.04,494.45,481.36,490.78,490.78,488.86,19317023,9443319863.78,77980,7891004,0.4085
2026-01-06,ITC,EQ,490.78,492.15,504.00,490.18,499.01,499.01,497.73,13292656,6616153670.88,114872,7439900,0.5597
2026-01-07,ITC,EQ,499.01,495.09,498.40,487.53,489.24,489.24,491.72,21611007,10626564362.04,187098,8268371,0.3826
2026-01-08,ITC,EQ,489.24,489.25,491.68,487.45,489.28,489.28,489.47,16536645,8094191628.15,145382,8972784,0.5426
2026-01-09,ITC,EQ,489.28,490.37,497.22,480.97,493.15,493.15,490.45,17746052,8703551203.4,139064,10613914,0.5981
2026-01-12,ITC,EQ,493.15,495.73,496.84,491.44,493.70,493.70,493.99,17904893,8844838093.07,88445,7863829,0.4392
2026-01-13,ITC,EQ,493.70,494.95,502.39,480.68,498.33,498.33,493.80,21726720,10728654336.0,194308,8940545,0.4115
2026-01-14,ITC,EQ,498.33,494.42,502.65,480.92,488.85,488.85,490.81,12229624,6002421755.44,69834,7918682,0.6475
2026-01-15,ITC,EQ,488.85,489.73,500.21,487.51,495.32,495.32,494.35,18761224,9274611084.4,137039,9902174,0.5278
2026-01-16,ITC,EQ,495.32,495.98,506.96,487.23,502.32,502.32,498.84,14829728,7397661515.52,77641,9587419,0.6465
2026-01-19,ITC,EQ,502.32,500.97,510.80,494.83,500.22,500.22,501.95,9952692,4995753749.4,111871,4934545,0.4958
2026-01-20,ITC,EQ,500.22,500.82,507.28,484.97,492.84,492.84,495.03,8865061,4388471146.83,160687,4089453,0.4613
2026-01-21,ITC,EQ,492.84,491.21,497.61,489.85,494.19,494.19,493.88,21981773,10856358049.24,68395,13534178,0.6157
2026-01-22,ITC,EQ,494.19,492.59,495.52,484.95,490.65,490.65,490.37,16986660,8329748464.2,180007,7446952,0.4384
2026-01-23,ITC,EQ,490.65,489.04,492.53,481.81,487.98,487.98,487.44,35764176,17432889949.44,119297,14513103,0.4058
2026-01-26,ITC,EQ,487.98,487.42,493.02,484.32,490.49,490.49,489.28,18002467,8808247053.76,61369,8974230,0.4985
2026-01-27,ITC,EQ,490.49,490.68,510.79,488.96,505.29,505.29,501.68,24085277,12083101765.36,106647,10269962,0.4264
2026-01-28,ITC,EQ,505.29,504.36,514.26,494.26,498.69,498.69,502.40,17089422,8585725612.8,132104,6957104,0.4071
2026-01-29,ITC,EQ,498.69,499.03,502.07,493.10,498.78,498.78,497.98,13705559,6825094270.82,161124,5282122,0.3854
2026-01-30,ITC,EQ,498.78,496.44,502.73,493.79,494.91,494.91,497.14,8645053,4297801648.42,173105,3990556,0.4616
2026-02-02,ITC,EQ,494.91,495.30,499.11,489.77,494.52,494.52,494.47,25739057,12727191514.79,112770,15512930,0.6027
2026-02-03,ITC,EQ,494.52,495.32,510.09,491.57,503.82,503.82,501.83,12804187,6425525162.21,192587,5581345,0.4359
2026-02-04,ITC,EQ,503.82,498.58,500.88,482.48,489.14,489.14,490.83,29288189,14375521806.87,214758,18846950,0.6435
2026-02-05,ITC,EQ,489.14,489.95,494.62,487.79,492.31,492.31,491.57,18104050,8899407858.5,148416,9922830,0.5481
2026-02-06,ITC,EQ,492.31,493.33,497.43,480.47,487.62,487.62,488.51,15605188,7623290389.88,200059,6782015,0.4346
2026-02-09,ITC,EQ,487.62,484.40,497.59,481.38,494.55,494.55,491.17,9700481,4764585252.77,80042,5802828,0.5982
2026-02-10,ITC,EQ,494.55,494.88,511.15,493.44,504.78,504.78,503.12,42118806,21190813674.72,93353,16350520,0.3882
2026-02-11,ITC,EQ,504.78,506.33,510.16,498.85,500.00,500.00,503.00,21804748,10967788244.0,76662,12620588,0.5788
2026-02-12,ITC,EQ,500.00,499.88,504.31,496.30,500.95,500.95,500.52,11509274,5760621822.48,138960,6876791,0.5975
2026-02-13,ITC,EQ,500.95,502.44,505.32,494.22,498.18,498.18,499.24,22559630,11262669681.2,153061,12398773,0.5496
2026-02-16,ITC,EQ,498.18,501.53,512.73,496.69,508.16,508.16,505.86,10480231,5301529653.66,201373,4270694,0.4075
2026-02-17,ITC,EQ,508.16,505.97,508.77,503.50,507.48,507.48,506.58,15745667,7976439988.86,162754,7620903,0.484
2026-02-18,ITC,EQ,507.48,507.55,521.06,500.94,509.47,509.47,510.49,20968924,10704426012.76,115731,13573185,0.6473
2026-02-19,ITC,EQ,509.47,509.52,514.94,502.92,508.08,508.08,508.65,18774323,9549559393.95,96753,11016773,0.5868
2026-02-20,ITC,EQ,508.08,509.36,513.40,502.02,510.05,510.05,508.49,24382484,12398249289.16,136346,9640834,0.3954
2026-02-23,ITC,EQ,510.05,510.64,516.85,504.14,514.32,514.32,511.77,11895458,6087738540.66,169900,6712607,0.5643
2026-02-24,ITC,EQ,514.32,516.05,523.19,512.53,515.81,515.81,517.18,19030768,9842332594.24,118328,11140612,0.5854
2026-02-25,ITC,EQ,515.81,513.61,517.65,509.27,511.52,511.52,512.81,13811070,7082454806.7,172699,5960858,0.4316
2026-02-26,ITC,EQ,511.52,510.49,516.49,507.15,510.55,510.55,511.40,11755386,6011704400.4,103255,5448621,0.4635
2026-02-27,ITC,EQ,510.55,510.04,513.18,508.30,511.56,511.56,511.01,14940270,7634627372.7,190113,6248021,0.4182
2026-03-02,ITC,EQ,511.56,510.43,511.78,505.14,508.42,508.42,508.45,13879855,7057212274.75,138767,8511127,0.6132
2026-03-03,ITC,EQ,508.42,508.71,514.64,504.02,505.98,505.98,508.21,14595487,7417572448.27,112677,7541488,0.5167
2026-03-04,ITC,EQ,505.98,508.90,511.07,504.54,508.69,508.69,508.10,16068200,8164252420.0,177710,8143364,0.5068
2026-03-05,ITC,EQ,508.69,507.72,510.30,498.37,504.11,504.11,504.26,42236281,21298067057.06,194921,23162377,0.5484
2026-03-06,ITC,EQ,504.11,505.72,508.16,493.50,500.89,500.89,500.85,14661963,7343444168.55,172246,7649146,0.5217
2026-03-09,ITC,EQ,500.89,499.57,506.23,497.91,502.43,502.43,502.19,17669511,8873451729.09,116673,7324012,0.4145
2026-03-10,ITC,EQ,502.43,497.35,503.46,493.38,495.70,495.70,497.51,7211133,3587610778.83,155154,3320006,0.4604
2026-03-11,ITC,EQ,495.70,496.98,503.73,489.06,491.99,491.99,494.93,19461122,9631893111.46,181696,12067842,0.6201
2026-03-12,ITC,EQ,491.99,492.28,499.27,491.09,494.77,494.77,495.04,14744516,7299125200.64,139457,7072944,0.4797
2026-03-13,ITC,EQ,494.77,496.95,499.83,489.25,494.18,494.18,494.42,16743448,8278295560.16,184502,6802863,0.4063
2026-03-16,ITC,EQ,494.18,492.04,497.58,486.69,489.35,489.35,491.21,18881564,9274813052.44,153909,10552906,0.5589
2026-03-17,ITC,EQ,489.35,490.72,497.66,488.81,492.31,492.31,492.93,29464552,14523961617.36,91783,14605578,0.4957
2026-03-18,ITC,EQ,492.31,489.28,499.53,482.43,495.22,495.22,492.39,24402013,12015307181.07,71442,10544110,0.4321
2026-03-19,ITC,EQ,495.22,493.71,507.01,487.03,489.53,489.53,494.52,16605729,8211865105.08,66874,9483532,0.5711
2026-03-20,ITC,EQ,489.53,490.06,497.43,487.46,493.97,493.97,492.95,16871524,8316817755.8,180488,8405393,0.4982
2026-03-23,ITC,EQ,493.97,494.64,499.28,492.28,494.16,494.16,495.24,18283926,9054931512.24,191534,11112970,0.6078
2026-03-24,ITC,EQ,494.16,494.19,496.21,489.53,491.07,491.07,492.27,17453943,8592052520.61,205907,6662170,0.3817
2026-03-25,ITC,EQ,491.07,493.16,495.20,483.04,488.39,488.39,488.88,21975888,10743572125.44,206587,9049671,0.4118
2026-03-26,ITC,EQ,488.39,490.97,503.64,482.41,485.72,485.72,490.59,10735343,5266651922.37,117867,6562515,0.6113
2026-03-27,ITC,EQ,485.72,488.88,495.30,483.91,492.46,492.46,490.56,17152016,8414092968.96,151344,10212310,0.5954
2026-03-30,ITC,EQ,492.46,493.62,496.79,483.29,487.01,487.01,489.03,11109008,5432638182.24,201857,4559137,0.4104
2026-03-31,ITC,EQ,487.01,487.24,493.79,479.14,482.07,482.07,485.00,24412253,11839942705.0,96977,14022398,0.5744
2026-04-01,ITC,EQ,482.07,481.78,485.36,475.76,479.18,479.18,480.10,22746807,10920742040.7,151633,9519539,0.4185
2026-04-02,ITC,EQ,479.18,479.13,482.99,474.92,479.02,479.02,478.98,7092480,3397156070.4,92815,4266836,0.6016
2026-04-03,ITC,EQ,479.02,477.73,483.78,473.13,474.25,474.25,477.05,12128888,5786086020.4,101204,5176609,0.4268
2026-04-06,ITC,EQ,474.25,473.42,481.15,467.66,475.68,475.68,474.83,49978727,23731398941.41,136612,30551996,0.6113
2026-04-07,ITC,EQ,475.68,476.63,482.32,471.00,475.84,475.84,476.39,9915762,4723769859.18,129893,3855248,0.3888
2026-04-08,ITC,EQ,475.84,476.61,489.03,468.44,479.06,479.06,478.84,33750936,16161298194.24,78172,16662837,0.4937
2026-04-09,ITC,EQ,479.06,478.01,486.28,474.19,481.53,481.53,480.67,27259650,13102895965.5,142677,12386785,0.4544
2026-04-10,ITC,EQ,481.53,481.39,488.15,478.85,481.79,481.79,482.93,17820621,8606112499.53,117879,8208178,0.4606
2026-04-13,ITC,EQ,481.79,484.03,485.60,480.64,483.20,483.20,483.15,34648695,16740516989.25,190482,21949948,0.6335
2026-04-14,ITC,EQ,483.20,480.49,486.54,474.59,476.34,476.34,479.16,19958079,9563113133.64,80470,7961278,0.3989
2026-04-15,ITC,EQ,476.34,478.47,485.63,474.52,480.15,480.15,480.10,11858341,5693189514.1,174574,4823973,0.4068
2026-04-16,ITC,EQ,480.15,477.80,483.12,472.26,482.00,482.00,479.13,13776177,6600579686.01,87628,5451233,0.3957
2026-04-17,ITC,EQ,482.00,485.23,492.08,480.43,481.65,481.65,484.72,23396096,11340555653.12,182281,15160670,0.648
2026-04-20,ITC,EQ,481.65,480.33,489.65,478.86,481.60,481.60,483.37,32873299,15889966537.63,165037,21364357,0.6499
2026-04-21,ITC,EQ,481.60,481.26,484.72,476.75,482.63,482.63,481.37,20666652,9948306273.24,219818,8138528,0.3938
2026-04-22,ITC,EQ,482.63,479.02,488.05,476.88,485.73,485.73,483.55,19182693,9275791200.15,206308,7358481,0.3836
2026-04-23,ITC,EQ,485.73,482.54,497.55,479.59,489.77,489.77,488.97,16153501,7898577383.97,193452,8835965,0.547
2026-04-24,ITC,EQ,489.77,488.77,493.16,479.24,485.78,485.78,486.06,14377946,6988544432.76,102135,7311186,0.5085
2026-04-27,ITC,EQ,485.78,488.16,496.50,482.59,490.88,490.88,489.99,14490806,7100350031.94,200110,7836628,0.5408
2026-04-28,ITC,EQ,490.88,494.28,504.97,493.13,503.38,503.38,500.49,19879052,9949266735.48,191404,9164243,0.461
2026-04-29,ITC,EQ,503.38,501.54,510.05,494.04,504.34,504.34,502.81,16785097,8439714622.57,129583,10287586,0.6129
2026-04-30,ITC,EQ,504.34,506.01,515.84,502.31,511.62,511.62,509.92,25735688,13123142024.96,184158,13609032,0.5288
2026-05-01,ITC,EQ,511.62,514.41,519.36,509.97,516.71,516.71,515.35,15672751,8076952227.85,80515,8102812,0.517
2026-05-04,ITC,EQ,516.71,516.29,529.43,513.10,525.31,525.31,522.61,13879517,7253574379.37,187970,6746833,0.4861
2026-05-05,ITC,EQ,525.31,522.91,532.17,517.46,528.87,528.87,526.17,11081457,5830730229.69,75172,4494639,0.4056
2026-05-06,ITC,EQ,528.87,528.14,535.45,526.98,532.11,532.11,531.51,27415448,14571584766.48,93066,13271818,0.4841
2026-05-07,ITC,EQ,532.11,531.87,540.39,521.72,529.09,529.09,530.40,16147629,8564702421.6,134857,7699190,0.4768
2026-05-08,ITC,EQ,529.09,529.94,537.08,527.71,532.20,532.20,532.33,12229771,6510273996.43,179781,6715367,0.5491
2026-05-11,ITC,EQ,532.20,531.37,538.73,526.95,536.30,536.30,533.99,14298236,7635115041.64,141947,7579495,0.5301
2026-05-12,ITC,EQ,536.30,538.84,541.56,529.22,532.07,532.07,534.28,25083516,13401620928.48,121424,9872872,0.3936
2026-05-13,ITC,EQ,532.07,530.68,537.01,529.40,534.42,534.42,533.61,13181519,7033790353.59,216491,7161519,0.5433
2026-05-14,ITC,EQ,534.42,530.67,536.92,523.15,534.42,534.42,531.50,25275559,13433959608.5,107130,10107696,0.3999
2026-05-15,ITC,EQ,534.42,534.18,544.58,527.80,536.94,536.94,536.44,22865425,12265928587.0,91861,14457808,0.6323
2026-05-18,ITC,EQ,536.94,535.43,541.43,530.64,536.98,536.98,536.35,24686624,13240670782.4,171828,14997124,0.6075
2026-05-19,ITC,EQ,536.98,534.40,535.68,526.70,530.80,530.80,531.06,15187071,8065245925.26,122960,7705920,0.5074
2026-05-20,ITC,EQ,530.80,529.36,540.94,524.60,533.06,533.06,532.87,14495322,7724122234.14,140556,6038751,0.4166
2026-05-21,ITC,EQ,533.06,533.72,541.98,525.47,530.14,530.14,532.53,10545026,5615542695.78,137378,6298544,0.5973
2026-05-22,ITC,EQ,530.14,532.47,546.15,524.44,540.80,540.80,537.13,27603790,14826823722.7,148826,11670882,0.4228
2026-05-25,ITC,EQ,540.80,540.12,545.76,537.44,539.14,539.14,540.78,15237178,8239961118.84,219658,9381530,0.6157
2026-05-26,ITC,EQ,539.14,541.21,548.00,529.73,541.30,541.30,539.68,20264739,10936474343.52,160564,9467686,0.4672
2026-05-27,ITC,EQ,541.30,538.48,544.87,530.86,534.74,534.74,536.82,30474275,16359200305.5,170873,14926300,0.4898
2026-05-28,ITC,EQ,534.74,534.67,537.24,526.00,531.91,531.91,531.72,9724702,5170818547.44,67125,6036123,0.6207
2026-05-29,ITC,EQ,531.91,532.82,537.26,531.47,535.09,535.09,534.61,27551033,14729057752.13,172087,14648884,0.5317
2026-06-01,ITC,EQ,535.09,537.84,546.81,532.54,539.67,539.67,539.67,21808603,11769448781.01,103236,10976270,0.5033
2026-06-02,ITC,EQ,539.67,542.72,552.71,537.11,538.23,538.23,542.68,13287224,7210710720.32,129779,6856208,0.516
2026-06-03,ITC,EQ,538.23,539.04,547.53,536.88,541.19,541.19,541.87,12476990,6760906571.3,163924,7083187,0.5677
2026-06-04,ITC,EQ,541.19,540.53,547.48,531.54,539.58,539.58,539.53,30017845,16195527912.85,63789,17302286,0.5764
2026-06-05,ITC,EQ,539.58,539.66,547.43,535.63,537.40,537.40,540.15,13809489,7459195483.35,172950,8419645,0.6097
2026-06-08,ITC,EQ,537.40,537.37,538.63,523.77,530.61,530.61,531.00,22472565,11932932015.0,95795,8753064,0.3895
2026-06-09,ITC,EQ,530.61,530.35,534.22,521.39,532.04,532.04,529.22,18514679,9798338420.38,75805,9061084,0.4894
2026-06-10,ITC,EQ,532.04,531.44,538.34,521.54,534.31,534.31,531.40,15695429,8340550970.6,217026,9803365,0.6246
2026-06-11,ITC,EQ,534.31,531.74,533.77,519.88,527.38,527.38,527.01,17127945,9026598294.45,157924,8964766,0.5234
2026-06-12,ITC,EQ,527.38,526.47,537.45,524.35,535.58,535.58,532.46,22688156,12080535543.76,107691,9288531,0.4094
2026-06-15,ITC,EQ,535.58,536.21,542.25,521.22,529.53,529.53,531.00,17335385,9205089435.0,137905,11106781,0.6407
2026-06-16,ITC,EQ,529.53,526.64,534.99,521.00,526.93,526.93,527.64,25835874,13632040557.36,135058,12855931,0.4976
2026-06-17,ITC,EQ,526.93,526.10,532.35,523.39,528.90,528.90,528.21,29360592,15508558300.32,114766,14647999,0.4989
2026-06-18,ITC,EQ,528.90,530.77,533.22,520.40,527.54,527.54,527.05,13780547,7263037296.35,67964,8096071,0.5875
2026-06-19,ITC,EQ,527.54,525.23,534.32,522.86,530.06,530.06,529.08,9871227,5222668781.16,200640,5532823,0.5605
2026-06-22,ITC,EQ,530.06,527.38,533.71,523.00,532.35,532.35,529.69,25434998,13472664090.62,187345,16102897,0.6331
2026-06-23,ITC,EQ,532.35,530.94,536.60,527.32,533.10,533.10,532.34,20709875,11024694857.5,117449,8959092,0.4326
2026-06-24,ITC,EQ,533.10,532.77,540.12,529.80,536.47,536.47,535.46,26757594,14327621283.24,168805,11422817,0.4269
2026-06-25,ITC,EQ,536.47,535.42,542.44,531.38,540.01,540.01,537.94,7941788,4272205436.72,192040,4468050,0.5626
2026-06-26,ITC,EQ,540.01,535.51,545.63,530.68,542.32,542.32,539.54,17076504,9213456968.16,89657,7303621,0.4277
2026-06-29,ITC,EQ,542.32,540.19,545.39,535.69,543.81,543.81,541.63,15498654,8394535966.02,68071,9291443,0.5995
2026-06-30,ITC,EQ,543.81,547.51,550.71,536.94,544.97,544.97,544.21,22357353,12167095076.13,94471,13485955,0.6032
2026-07-01,ITC,EQ,544.97,545.53,546.93,537.09,541.52,541.52,541.85,15719115,8517402462.75,206043,9368593,0.596
2026-07-02,ITC,EQ,541.52,543.76,546.53,534.05,544.32,544.32,541.63,8943687,4844169189.81,84146,4599738,0.5143
2026-07-03,ITC,EQ,544.32,540.31,542.54,532.39,535.32,535.32,536.75,16195139,8692740858.25,196620,7908086,0.4883
2026-07-06,ITC,EQ,535.32,533.27,544.97,525.73,530.78,530.78,533.83,18718832,9992674086.56,111924,9825515,0.5249
2026-07-07,ITC,EQ,530.78,531.92,534.67,525.47,526.87,526.87,529.00,20638175,10917594575.0,199957,11829802,0.5732
2026-07-08,ITC,EQ,526.87,528.27,531.02,519.76,523.64,523.64,524.81,16324202,8567104451.62,76579,6714144,0.4113
2026-07-09,ITC,EQ,523.64,521.70,525.97,518.10,519.79,519.79,521.29,9999660,5212722761.4,194320,5444815,0.5445
2026-07-10,ITC,EQ,519.79,520.40,527.79,510.19,520.11,520.11,519.36,27673157,14372330819.52,70781,11570147,0.4181
2026-07-13,ITC,EQ,520.11,517.97,531.40,510.93,524.68,524.68,522.34,27891621,14568909313.14,167315,11078552,0.3972
2026-07-14,ITC,EQ,524.68,526.78,529.88,513.29,519.31,519.31,520.83,18356636,9560686727.88,209527,9835486,0.5358
2026-07-15,ITC,EQ,519.31,519.47,520.91,515.00,516.84,516.84,517.58,28849338,14931840362.04,171420,16141205,0.5595
2026-07-16,ITC,EQ,516.84,516.97,522.36,514.01,520.81,520.81,519.06,13393675,6952120945.5,62403,6706213,0.5007
2026-07-17,ITC,EQ,520.81,517.18,526.79,514.56,520.12,520.12,520.49,31689632,16494136559.68,117722,13433235,0.4239
2026-07-20,ITC,EQ,520.12,519.15,520.36,503.46,511.53,511.53,511.78,24724030,12653264073.4,159135,11632656,0.4705
2026-07-21,ITC,EQ,511.53,513.47,514.55,503.58,511.03,511.03,509.72,17700764,9022433426.08,186354,7839668,0.4429
2026-07-22,ITC,EQ,511.03,508.32,510.57,493.26,505.06,505.06,502.96,15329535,7710142923.6,68822,8179840,0.5336
2026-07-23,ITC,EQ,505.06,502.31,507.08,497.23,505.70,505.70,503.34,23961368,12060714969.12,214717,11391234,0.4754
2026-07-24,ITC,EQ,505.70,505.56,511.52,497.66,504.31,504.31,504.50,20789651,10488378929.5,178054,10074665,0.4846
2026-07-27,ITC,EQ,504.31,502.80,504.88,496.96,499.98,499.98,500.61,16619833,8320054598.13,190561,9872181,0.594
2026-07-28,ITC,EQ,499.98,499.22,500.95,485.13,490.59,490.59,492.22,46365528,22822040192.16,177229,18175287,0.392
2026-07-29,ITC,EQ,490.59,490.20,494.73,481.99,483.08,483.08,486.60,30915218,15043345078.8,110847,17102299,0.5532
2026-07-30,ITC,EQ,483.08,482.72,486.27,479.51,482.83,482.83,482.87,31547516,15233349050.92,125786,12984958,0.4116
2026-07-31,ITC,EQ,482.83,480.38,481.81,478.13,480.29,480.29,480.08,17990274,8636770741.92,174612,11580339,0.6437
2026-08-03,ITC,EQ,480.29,480.15,488.16,475.88,482.69,482.69,482.24,17848219,8607125130.56,100845,10225245,0.5729
2026-08-04,ITC,EQ,482.69,484.62,490.63,477.73,485.24,485.24,484.53,17462181,8460950559.93,89533,6894069,0.3948
2026-08-05,ITC,EQ,485.24,488.02,489.60,484.38,486.15,486.15,486.71,29180837,14202605176.27,144379,14867636,0.5095
2026-08-06,ITC,EQ,486.15,488.20,492.58,482.74,484.95,484.95,486.76,19667584,9573393187.84,175824,9601715,0.4882
2026-08-07,ITC,EQ,484.95,481.91,492.71,479.27,485.56,485.56,485.85,16041575,7793799213.75,196825,8368890,0.5217
2026-08-10,ITC,EQ,485.56,484.58,490.95,479.64,487.13,487.13,485.91,16817164,8171628159.24,163628,7254925,0.4314
2026-08-11,ITC,EQ,487.13,488.15,490.99,487.13,488.90,488.90,489.01,29008703,14185545854.03,120509,13187356,0.4546
2026-08-12,ITC,EQ,488.90,489.31,494.41,482.18,490.96,490.96,489.18,21526241,10530206572.38,136956,10304612,0.4787
2026-08-13,ITC,EQ,490.96,491.07,492.74,470.38,475.39,475.39,479.50,17399858,8343231911.0,190416,11243788,0.6462
2026-08-14,ITC,EQ,475.39,473.75,484.18,471.57,477.01,477.01,477.59,11651986,5564871993.74,66186,6334020,0.5436
2026-08-17,ITC,EQ,477.01,476.21,496.26,475.04,483.34,483.34,484.88,12296043,5962105329.84,119579,6695195,0.5445
2026-08-18,ITC,EQ,483.34,484.78,491.33,480.77,486.11,486.11,486.07,19502101,9479386233.07,79846,10593541,0.5432
2026-08-19,ITC,EQ,486.11,489.09,505.72,484.58,497.93,497.93,496.08,20232191,10036785311.28,60576,11595069,0.5731
2026-08-20,ITC,EQ,497.93,499.11,508.01,496.21,504.55,504.55,502.92,10925937,5494872236.04,119108,4252375,0.3892
2026-08-21,ITC,EQ,504.55,501.49,507.69,500.36,505.72,505.72,504.59,22097888,11150373305.92,165111,10945084,0.4953
2026-08-24,ITC,EQ,505.72,506.02,514.84,495.56,509.58,509.58,506.66,14280038,7235124053.08,149658,9169212,0.6421
2026-08-25,ITC,EQ,509.58,511.36,517.45,509.90,513.43,513.43,513.59,21560110,11073056894.9,63443,9777510,0.4535
2026-08-26,ITC,EQ,513.43,508.80,510.30,499.08,504.36,504.36,504.58,17075988,8616202025.04,172639,9388378,0.5498
2026-08-27,ITC,EQ,504.36,504.62,513.25,493.28,506.94,506.94,504.49,32540965,16416591432.85,66420,16481999,0.5065
2026-08-28,ITC,EQ,506.94,504.85,508.92,493.41,497.12,497.12,499.82,38938371,19462176593.22,210255,15516941,0.3985
2026-08-31,ITC,EQ,497.12,497.06,500.47,492.97,498.29,498.29,497.24,29106369,14472850921.56,162986,14340708,0.4927
2026-09-01,ITC,EQ,498.29,499.02,502.10,493.57,499.05,499.05,498.24,10490448,5226760811.52,130326,5058494,0.4822
2026-09-02,ITC,EQ,499.05,500.09,502.21,491.13,496.27,496.27,496.54,17708264,8792861406.56,150434,9383609,0.5299
2026-09-03,ITC,EQ,496.27,494.91,498.30,485.75,489.27,489.27,491.11,13204493,6484858557.23,152751,5675291,0.4298
2026-09-04,ITC,EQ,489.27,487.76,494.25,477.71,480.06,480.06,484.01,11088580,5366983605.8,109235,5491065,0.4952
2026-09-07,ITC,EQ,480.06,479.68,484.92,475.84,483.40,483.40,481.39,21296416,10251881698.24,77392,9425794,0.4426
2026-09-08,ITC,EQ,483.40,481.76,484.00,479.15,480.14,480.14,481.10,16878840,8120409924.0,179498,6905133,0.4091
2026-09-09,ITC,EQ,480.14,482.79,487.97,480.26,485.78,485.78,484.67,11162248,5410006738.16,208619,5510802,0.4937
2026-09-10,ITC,EQ,485.78,485.27,488.52,484.27,485.81,485.81,486.20,21959783,10676846494.6,136451,11827539,0.5386
2026-09-11,ITC,EQ,485.81,485.84,498.29,482.24,491.22,491.22,490.58,13761312,6751024440.96,209315,7812297,0.5677
2026-09-14,ITC,EQ,491.22,491.91,493.81,487.56,488.85,488.85,490.07,12265637,6011020724.59,184235,7327492,0.5974
2026-09-15,ITC,EQ,488.85,487.61,496.43,480.65,490.25,490.25,489.11,14057029,6875433454.19,108174,7949250,0.5655
2025-10-01,LT,EQ,3400.57,3400.57,3472.92,3369.59,3428.11,3428.11,3423.54,5632141,19281859999.14,156387,3206941,0.5694
2025-10-02,LT,EQ,3428.11,3433.30,3521.36,3402.03,3487.81,3487.81,3470.40,3847536,13352488934.4,98985,1605192,0.4172
2025-10-03,LT,EQ,3487.81,3496.32,3539.74,3391.86,3405.75,3405.75,3445.78,3948234,13604745752.52,83529,1543365,0.3909
2025-10-06,LT,EQ,3405.75,3396.12,3497.82,3383.73,3486.24,3486.24,3455.93,2466141,8522810666.13,120923,1512238,0.6132
2025-10-07,LT,EQ,3486.24,3470.19,3480.59,3452.03,3471.21,3471.21,3467.94,2029822,7039300906.68,105584,996034,0.4907
2025-10-08,LT,EQ,3471.21,3473.29,3548.31,3443.28,3534.38,3534.38,3508.66,1352626,4745904741.16,101428,688081,0.5087
2025-10-09,LT,EQ,3534.38,3519.46,3605.68,3494.84,3560.98,3560.98,3553.83,1821090,6471844274.7,108646,695292,0.3818
2025-10-10,LT,EQ,3560.98,3547.70,3557.02,3474.30,3515.26,3515.26,3515.53,7473182,26272195516.46,215395,3005714,0.4022
2025-10-13,LT,EQ,3515.26,3497.82,3544.92,3486.70,3530.34,3530.34,3520.65,3181581,11201233147.65,178790,1772459,0.5571
2025-10-14,LT,EQ,3530.34,3535.01,3559.45,3509.96,3526.43,3526.43,3531.95,2426192,8569188834.4,99006,1487741,0.6132
2025-10-15,LT,EQ,3526.43,3539.20,3548.11,3411.82,3439.74,3439.74,3466.56,2567769,8901325304.64,210441,1203000,0.4685
2025-10-16,LT,EQ,3439.74,3461.26,3527.00,3362.31,3393.47,3393.47,3427.59,2545870,8726198553.3,97562,1403538,0.5513
2025-10-17,LT,EQ,3393.47,3402.81,3509.00,3346.97,3457.17,3457.17,3437.71,3446934,11849559481.14,197972,2031623,0.5894
2025-10-20,LT,EQ,3457.17,3452.70,3513.56,3445.17,3501.22,3501.22,3486.65,6003680,20932730872.0,105252,2616404,0.4358
2025-10-21,LT,EQ,3501.22,3500.72,3531.13,3443.51,3521.04,3521.04,3498.56,4968542,17382742299.52,119709,2175725,0.4379
2025-10-22,LT,EQ,3521.04,3488.08,3517.74,3428.45,3495.75,3495.75,3480.65,4744814,16515036849.1,122195,2082973,0.439
2025-10-23,LT,EQ,3495.75,3503.62,3553.61,3481.11,3536.83,3536.83,3523.85,2714878,9566822840.3,198516,1314815,0.4843
2025-10-24,LT,EQ,3536.83,3544.92,3654.46,3530.97,3621.25,3621.25,3602.23,3775367,13599740268.41,96262,2223691,0.589
2025-10-27,LT,EQ,3621.25,3642.54,3711.68,3623.83,3674.50,3674.50,3670.00,2547892,9350763640.0,197074,1622498,0.6368
2025-10-28,LT,EQ,3674.50,3670.90,3719.63,3609.74,3619.01,3619.01,3649.46,3830513,13979303972.98,122211,2166155,0.5655
2025-10-29,LT,EQ,3619.01,3613.02,3659.71,3598.95,3648.87,3648.87,3635.84,4344836,15797128522.24,93207,1967342,0.4528
2025-10-30,LT,EQ,3648.87,3664.04,3683.36,3598.10,3673.60,3673.60,3651.69,2443482,8922838784.58,134127,1112762,0.4554
2025-10-31,LT,EQ,3673.60,3656.78,3688.64,3586.86,3615.64,3615.64,3630.38,4989660,18114361870.8,90124,2331169,0.4672
2025-11-03,LT,EQ,3615.64,3596.87,3635.51,3580.76,3617.83,3617.83,3611.37,1780766,6431004909.42,181690,765195,0.4297
2025-11-04,LT,EQ,3617.83,3612.21,3623.94,3555.55,3568.15,3568.15,3582.55,6498889,23282594786.95,196518,3649126,0.5615
2025-11-05,LT,EQ,3568.15,3561.65,3626.19,3514.04,3615.83,3615.83,3585.35,3434566,12314121208.1,85379,1893133,0.5512
2025-11-06,LT,EQ,3615.83,3598.64,3666.11,3563.91,3656.22,3656.22,3628.75,4643906,16851573897.5,88656,2689286,0.5791
2025-11-07,LT,EQ,3656.22,3646.99,3725.37,3622.41,3713.75,3713.75,3687.18,2484821,9161982294.78,78738,1230235,0.4951
2025-11-10,LT,EQ,3713.75,3709.82,3827.60,3688.53,3795.89,3795.89,3770.67,1446859,5455627825.53,173129,872456,0.603
2025-11-11,LT,EQ,3795.89,3787.66,3796.79,3716.34,3766.43,3766.43,3759.85,1567029,5891793985.65,80931,764867,0.4881
2025-11-12,LT,EQ,3766.43,3738.00,3756.25,3625.98,3681.18,3681.18,3687.80,1688770,6227846006.0,165979,669428,0.3964
2025-11-13,LT,EQ,3681.18,3658.41,3726.11,3626.92,3697.68,3697.68,3683.57,2717154,10008826959.78,60518,1517802,0.5586
2025-11-14,LT,EQ,3697.68,3697.99,3748.28,3627.08,3640.12,3640.12,3671.83,2882108,10582610617.64,124483,1852907,0.6429
2025-11-17,LT,EQ,3640.12,3663.40,3690.54,3650.27,3676.06,3676.06,3672.29,2353802,8643843546.58,156119,1385683,0.5887
2025-11-18,LT,EQ,3676.06,3681.92,3714.91,3629.53,3678.90,3678.90,3674.45,2929890,10765734310.5,136876,1316693,0.4494
2025-11-19,LT,EQ,3678.90,3680.01,3703.88,3552.07,3591.35,3591.35,3615.77,2991376,10816127599.52,143067,1231849,0.4118
2025-11-20,LT,EQ,3591.35,3584.57,3628.60,3559.91,3616.89,3616.89,3601.80,2873523,10349855141.4,77958,1333889,0.4642
2025-11-21,LT,EQ,3616.89,3621.72,3742.43,3550.27,3677.08,3677.08,3656.59,2314826,8464369603.34,139490,1218293,0.5263
2025-11-24,LT,EQ,3677.08,3684.17,3768.93,3596.75,3753.44,3753.44,3706.37,2135423,7914667744.51,130703,1245592,0.5833
2025-11-25,LT,EQ,3753.44,3772.42,3784.69,3679.48,3730.10,3730.10,3731.42,2779702,10372235636.84,151198,1760385,0.6333
2025-11-26,LT,EQ,3730.10,3745.22,3760.28,3693.27,3718.05,3718.05,3723.87,3295997,12273864348.39,163707,1347733,0.4089
2025-11-27,LT,EQ,3718.05,3715.15,3736.88,3679.87,3712.33,3712.33,3709.69,2560126,9497273820.94,201527,1649489,0.6443
2025-11-28,LT,EQ,3712.33,3689.91,3816.70,3640.07,3742.74,3742.74,3733.17,3172273,11842634395.41,191303,1940479,0.6117
2025-12-01,LT,EQ,3742.74,3759.28,3798.73,3682.89,3716.87,3716.87,3732.83,1556101,5808660495.83,73802,737125,0.4737
2025-12-02,LT,EQ,3716.87,3727.20,3866.30,3689.20,3810.49,3810.49,3788.66,3757768,14236905310.88,184890,1982223,0.5275
2025-12-03,LT,EQ,3810.49,3802.95,3816.43,3747.13,3770.14,3770.14,3777.90,3877494,14648784582.6,189273,2369537,0.6111
2025-12-04,LT,EQ,3770.14,3779.56,3884.01,3728.19,3752.71,3752.71,3788.30,2804458,10624128241.4,216289,1318095,0.47
2025-12-05,LT,EQ,3752.71,3773.27,3846.50,3719.45,3825.18,3825.18,3797.04,2802457,10641041327.28,97336,1765828,0.6301
2025-12-08,LT,EQ,3825.18,3816.68,3917.00,3804.87,3853.35,3853.35,3858.41,4506884,17389406294.44,74390,2317440,0.5142
2025-12-09,LT,EQ,3853.35,3848.65,3936.59,3815.32,3882.05,3882.05,3877.99,1830795,7099804702.05,203103,794931,0.4342
2025-12-10,LT,EQ,3882.05,3920.26,3963.56,3868.26,3897.77,3897.77,3909.86,4455866,17421812238.76,215328,2015388,0.4523
2025-12-11,LT,EQ,3897.77,3911.20,4028.86,3899.23,3979.76,3979.76,3969.28,2807892,11145309557.76,209747,1079634,0.3845
2025-12-12,LT,EQ,3979.76,3991.79,4038.68,3913.68,3939.98,3939.98,3964.11,2003928,7943791024.08,158617,1266883,0.6322
2025-12-15,LT,EQ,3939.98,3948.85,3968.70,3907.65,3925.09,3925.09,3933.81,5855299,23033633759.19,62542,3725141,0.6362
2025-12-16,LT,EQ,3925.09,3915.26,3930.12,3773.15,3810.56,3810.56,3837.94,2220361,8521612296.34,148261,1170796,0.5273
2025-12-17,LT,EQ,3810.56,3778.01,3821.49,3664.74,3703.80,3703.80,3730.01,2810988,10485013349.88,209312,1789756,0.6367
2025-12-18,LT,EQ,3703.80,3680.21,3690.22,3617.71,3645.45,3645.45,3651.13,4078050,14889490696.5,161991,1747444,0.4285
2025-12-19,LT,EQ,3645.45,3639.87,3651.22,3581.05,3636.50,3636.50,3622.92,2255314,8170822196.88,174617,1297933,0.5755
2025-12-22,LT,EQ,3636.50,3630.55,3642.42,3558.07,3581.23,3581.23,3593.91,3713478,13345905718.98,115698,1810692,0.4876
2025-12-23,LT,EQ,3581.23,3582.20,3600.12,3490.67,3522.60,3522.60,3537.80,2076712,7346991713.6,111628,1332211,0.6415
2025-12-24,LT,EQ,3522.60,3539.73,3558.34,3441.46,3460.26,3460.26,3486.69,5499765,19175975627.85,192540,2524942,0.4591
2025-12-25,LT,EQ,3460.26,3455.21,3473.40,3366.21,3416.84,3416.84,3418.82,5707920,19514351054.4,115068,2942433,0.5155
2025-12-26,LT,EQ,3416.84,3400.97,3451.59,3376.06,3418.68,3418.68,3415.44,3873819,13230796365.36,118205,2225896,0.5746
2025-12-29,LT,EQ,3418.68,3402.75,3473.98,3389.22,3444.14,3444.14,3435.78,2190931,7527556911.18,140641,1357063,0.6194
2025-12-30,LT,EQ,3444.14,3449.26,3539.60,3440.73,3490.37,3490.37,3490.23,2468085,8614184309.55,154246,1537617,0.623
2025-12-31,LT,EQ,3490.37,3484.83,3536.64,3471.57,3527.26,3527.26,3511.82,2246987,7891013886.34,152856,942611,0.4195
2026-01-01,LT,EQ,3527.26,3514.37,3578.03,3460.49,3469.12,3469.12,3502.55,2071492,7255504304.6,143118,1251595,0.6042
2026-01-02,LT,EQ,3469.12,3458.97,3473.37,3353.71,3408.14,3408.14,3411.74,6370823,21735591662.02,152414,2890442,0.4537
2026-01-05,LT,EQ,3408.14,3423.22,3487.49,3377.41,3433.62,3433.62,3432.84,3545855,12172352878.2,212113,2085317,0.5881
2026-01-06,LT,EQ,3433.62,3428.73,3436.86,3356.36,3401.73,3401.73,3398.32,2662840,9049182428.8,179268,1529535,0.5744
2026-01-07,LT,EQ,3401.73,3397.91,3433.10,3349.51,3399.69,3399.69,3394.10,1899834,6448226579.4,132720,1079106,0.568
2026-01-08,LT,EQ,3399.69,3409.82,3433.11,3368.98,3399.36,3399.36,3400.48,1186526,4034757932.48,194332,620434,0.5229
2026-01-09,LT,EQ,3399.36,3374.31,3411.89,3291.48,3313.93,3313.93,3339.10,4279397,14289334522.7,158347,1953117,0.4564
2026-01-12,LT,EQ,3313.93,3299.30,3325.02,3186.43,3260.18,3260.18,3257.21,3064436,9981511583.56,110688,1667053,0.544
2026-01-13,LT,EQ,3260.18,3264.64,3298.62,3157.77,3183.12,3183.12,3213.17,3600038,11567534100.46,98150,2271264,0.6309
2026-01-14,LT,EQ,3183.12,3163.18,3200.90,3136.79,3191.58,3191.58,3176.42,3598516,11430398192.72,167526,2026684,0.5632
2026-01-15,LT,EQ,3191.58,3181.57,3191.46,3139.50,3168.36,3168.36,3166.44,2145791,6794518454.04,189826,1369444,0.6382
2026-01-16,LT,EQ,3168.36,3180.25,3194.98,3151.66,3160.16,3160.16,3168.93,2940900,9319506237.0,201202,1498389,0.5095
2026-01-19,LT,EQ,3160.16,3183.03,3197.16,3137.44,3171.80,3171.80,3168.80,4089473,12958722042.4,145112,2202999,0.5387
2026-01-20,LT,EQ,3171.80,3156.16,3190.69,3116.89,3178.01,3178.01,3161.86,5239364,16566135457.04,209129,2366621,0.4517
2026-01-21,LT,EQ,3178.01,3183.02,3206.48,3147.45,3197.79,3197.79,3183.91,2012346,6407128552.86,180730,834319,0.4146
2026-01-22,LT,EQ,3197.79,3218.47,3255.97,3183.21,3232.26,3232.26,3223.81,3937188,12692746046.28,180169,2310342,0.5868
2026-01-23,LT,EQ,3232.26,3256.50,3276.55,3197.64,3220.14,3220.14,3231.44,2732344,8829405695.36,135255,1200865,0.4395
2026-01-26,LT,EQ,3220.14,3238.67,3286.45,3228.33,3253.90,3253.90,3256.23,2746219,8942320694.37,216772,1112768,0.4052
2026-01-27,LT,EQ,3253.90,3275.14,3297.70,3205.91,3218.33,3218.33,3240.65,1898815,6153394829.75,157244,860923,0.4534
2026-01-28,LT,EQ,3218.33,3224.54,3265.89,3160.17,3183.84,3183.84,3203.30,2868463,9188547527.9,96124,1302856,0.4542
2026-01-29,LT,EQ,3183.84,3205.57,3231.12,3111.86,3137.62,3137.62,3160.20,5246596,16580292679.2,119250,2422878,0.4618
2026-01-30,LT,EQ,3137.62,3134.88,3147.52,3043.31,3060.07,3060.07,3083.63,2030154,6260243779.02,139079,1115164,0.5493
2026-02-02,LT,EQ,3060.07,3034.09,3076.79,2973.74,3010.56,3010.56,3020.36,7769268,23465986296.48,184088,3183069,0.4097
2026-02-03,LT,EQ,3010.56,3004.84,3072.53,2965.78,3052.72,3052.72,3030.34,3538984,10724324774.56,184626,1610238,0.455
2026-02-04,LT,EQ,3052.72,3054.21,3068.75,3013.81,3026.29,3026.29,3036.28,2364019,7177823609.32,118121,1508953,0.6383
2026-02-05,LT,EQ,3026.29,3000.81,3084.80,2946.78,3053.91,3053.91,3028.50,2635407,7981330099.5,167373,1530117,0.5806
2026-02-06,LT,EQ,3053.91,3052.35,3101.29,3022.42,3030.93,3030.93,3051.55,2822434,8612798472.7,205664,1359284,0.4816
2026-02-09,LT,EQ,3030.93,3031.59,3060.59,2954.57,2989.74,2989.74,3001.63,1946168,5841676253.84,203112,787614,0.4047
2026-02-10,LT,EQ,2989.74,2990.87,3014.10,2922.52,2957.11,2957.11,2964.58,4040549,11978530754.42,213182,1539449,0.381
2026-02-11,LT,EQ,2957.11,2955.49,3036.54,2915.34,3010.07,3010.07,2987.32,2288136,6835394435.52,208916,1360754,0.5947
2026-02-12,LT,EQ,3010.07,3018.52,3061.95,2991.22,3046.77,3046.77,3033.31,3150365,9556033658.15,186384,1614247,0.5124
2026-02-13,LT,EQ,3046.77,3032.05,3076.69,3008.44,3032.00,3032.00,3039.04,4502091,13682034632.64,147490,2697653,0.5992
2026-02-16,LT,EQ,3032.00,3026.74,3055.40,2982.69,3033.63,3033.63,3023.91,2163112,6541056007.92,109327,1043269,0.4823
2026-02-17,LT,EQ,3033.63,3044.85,3053.86,3018.15,3031.53,3031.53,3034.51,3194801,9694655582.51,205968,1834455,0.5742
2026-02-18,LT,EQ,3031.53,3044.60,3073.39,3005.08,3054.86,3054.86,3044.44,2644717,8051682223.48,139660,1514629,0.5727
2026-02-19,LT,EQ,3054.86,3056.43,3116.23,3024.22,3082.76,3082.76,3074.40,2945270,9054938088.0,132140,1194896,0.4057
2026-02-20,LT,EQ,3082.76,3072.63,3119.46,3053.42,3109.34,3109.34,3094.07,2333570,7220228929.9,65642,1352070,0.5794
2026-02-23,LT,EQ,3109.34,3110.05,3132.67,3084.78,3116.13,3116.13,3111.19,2286542,7113866604.98,87266,1434576,0.6274
2026-02-24,LT,EQ,3116.13,3106.67,3121.77,3074.53,3084.80,3084.80,3093.70,4178869,12928167025.3,200203,2311750,0.5532
2026-02-25,LT,EQ,3084.80,3088.84,3113.50,2998.18,3007.14,3007.14,3039.61,2255366,6855433047.26,134377,1038596,0.4605
2026-02-26,LT,EQ,3007.14,3000.21,3009.14,2963.98,2982.41,2982.41,2985.18,3131053,9346756794.54,208772,1406782,0.4493
2026-02-27,LT,EQ,2982.41,2993.96,3001.18,2909.11,2958.71,2958.71,2956.33,2379987,7036026967.71,88334,1278053,0.537
2026-03-02,LT,EQ,2958.71,2979.34,3032.07,2956.10,2978.72,2978.72,2988.96,4876549,14575809899.04,167192,2553849,0.5237
2026-03-03,LT,EQ,2978.72,2953.36,2971.13,2932.10,2946.37,2946.37,2949.87,3657200,10788264564.0,125030,2257590,0.6173
2026-03-04,LT,EQ,2946.37,2937.58,2969.99,2904.59,2928.90,2928.90,2934.49,2151762,6314324071.38,98859,852098,0.396
2026-03-05,LT,EQ,2928.90,2928.55,3009.17,2909.19,2979.41,2979.41,2965.92,3160159,9372778781.28,89470,1284921,0.4066
2026-03-06,LT,EQ,2979.41,2995.82,3105.53,2970.38,3080.55,3080.55,3052.15,1567870,4785374420.5,131639,985406,0.6285
2026-03-09,LT,EQ,3080.55,3062.26,3129.54,3036.14,3112.02,3112.02,3092.57,4863208,15039811164.56,148111,2400966,0.4937
2026-03-10,LT,EQ,3112.02,3110.98,3187.01,3103.86,3147.87,3147.87,3146.25,2799840,8808996600.0,159252,1382001,0.4936
2026-03-11,LT,EQ,3147.87,3135.81,3193.97,3109.89,3151.99,3151.99,3151.95,3792070,11952415036.5,140022,2158446,0.5692
2026-03-12,LT,EQ,3151.99,3155.43,3230.46,3140.99,3211.47,3211.47,3194.31,3306501,10561989209.31,177312,1664162,0.5033
2026-03-13,LT,EQ,3211.47,3243.10,3375.40,3212.17,3340.81,3340.81,3309.46,4341312,14367398411.52,68368,2340835,0.5392
2026-03-16,LT,EQ,3340.81,3382.59,3455.83,3353.03,3360.37,3360.37,3389.74,2939732,9964927149.68,149709,1481037,0.5038
2026-03-17,LT,EQ,3360.37,3374.93,3418.47,3327.15,3394.56,3394.56,3380.06,2550078,8619416644.68,70404,1539992,0.6039
2026-03-18,LT,EQ,3394.56,3409.81,3435.71,3368.25,3386.71,3386.71,3396.89,4870438,16544342137.82,206575,1935512,0.3974
2026-03-19,LT,EQ,3386.71,3373.90,3450.61,3356.22,3437.08,3437.08,3414.64,1775303,6062020635.92,99503,929549,0.5236
2026-03-20,LT,EQ,3437.08,3410.66,3467.14,3362.95,3443.34,3443.34,3424.48,3393663,11621531070.24,94121,1480995,0.4364
2026-03-23,LT,EQ,3443.34,3443.68,3458.88,3409.85,3423.41,3423.41,3430.71,1619132,5554772343.72,177231,763097,0.4713
2026-03-24,LT,EQ,3423.41,3423.37,3476.98,3330.14,3349.88,3349.88,3385.67,2733768,9255636304.56,173625,1194383,0.4369
2026-03-25,LT,EQ,3349.88,3331.95,3405.20,3315.34,3367.44,3367.44,3362.66,3587844,12064699505.04,150394,1871778,0.5217
2026-03-26,LT,EQ,3367.44,3388.55,3410.65,3295.79,3335.63,3335.63,3347.36,3213090,10755368942.4,153672,1517221,0.4722
2026-03-27,LT,EQ,3335.63,3358.28,3442.25,3340.37,3402.77,3402.77,3395.13,2230948,7574358483.24,90831,1079333,0.4838
2026-03-30,LT,EQ,3402.77,3387.51,3402.68,3289.69,3314.68,3314.68,3335.68,2892654,9648968094.72,217774,1127267,0.3897
2026-03-31,LT,EQ,3314.68,3318.09,3340.59,3231.82,3262.97,3262.97,3278.46,2210517,7247091563.82,177409,1399036,0.6329
2026-04-01,LT,EQ,3262.97,3251.80,3296.96,3161.61,3212.03,3212.03,3223.53,2809275,9055782240.75,96826,1238609,0.4409
2026-04-02,LT,EQ,3212.03,3229.34,3258.61,3171.49,3246.19,3246.19,3225.43,1919905,6192519184.15,192391,1240067,0.6459
2026-04-03,LT,EQ,3246.19,3234.04,3254.77,3219.40,3243.29,3243.29,3239.15,1468837,4757783368.55,76164,808154,0.5502
2026-04-06,LT,EQ,3243.29,3265.25,3318.18,3215.33,3257.66,3257.66,3263.72,3478801,11353832399.72,104240,2212865,0.6361
2026-04-07,LT,EQ,3257.66,3251.65,3353.93,3208.44,3325.36,3325.36,3295.91,3398245,11200309677.95,127957,2080066,0.6121
2026-04-08,LT,EQ,3325.36,3349.38,3424.89,3319.11,3405.40,3405.40,3383.13,3820412,12924950449.56,160942,1573246,0.4118
2026-04-09,LT,EQ,3405.40,3399.86,3475.89,3353.38,3445.83,3445.83,3425.03,4605306,15773311209.18,134122,1990413,0.4322
2026-04-10,LT,EQ,3445.83,3450.33,3486.09,3287.11,3369.31,3369.31,3380.84,4306473,14559496177.32,133105,2378896,0.5524
2026-04-13,LT,EQ,3369.31,3367.34,3388.39,3282.93,3309.45,3309.45,3326.92,1901286,6325426419.12,175366,911857,0.4796
2026-04-14,LT,EQ,3309.45,3303.48,3339.60,3288.64,3303.19,3303.19,3310.48,2840581,9403686588.88,165019,1668841,0.5875
2026-04-15,LT,EQ,3303.19,3307.46,3332.87,3206.40,3259.61,3259.61,3266.29,3221026,10520805013.54,85739,1420150,0.4409
2026-04-16,LT,EQ,3259.61,3253.43,3299.46,3214.28,3257.40,3257.40,3257.05,2134226,6951280793.3,87667,1129006,0.529
2026-04-17,LT,EQ,3257.40,3252.45,3269.10,3232.41,3260.37,3260.37,3253.96,3214360,10459398865.6,67442,1407568,0.4379
2026-04-20,LT,EQ,3260.37,3257.59,3307.28,3183.92,3218.33,3218.33,3236.51,2675484,8659230720.84,144199,1125576,0.4207
2026-04-21,LT,EQ,3218.33,3229.43,3276.80,3138.27,3238.98,3238.98,3218.02,3143041,10114368798.82,177449,1409340,0.4484
2026-04-22,LT,EQ,3238.98,3233.54,3261.53,3204.09,3212.16,3212.16,3225.93,2888059,9316676169.87,159383,1304825,0.4518
2026-04-23,LT,EQ,3212.16,3205.36,3216.51,3136.60,3178.73,3178.73,3177.28,3213434,10209979579.52,70225,1508065,0.4693
2026-04-24,LT,EQ,3178.73,3175.88,3258.25,3130.14,3171.67,3171.67,3186.69,3143335,10016834211.15,101599,1373952,0.4371
2026-04-27,LT,EQ,3171.67,3167.25,3237.95,3158.53,3212.24,3212.24,3202.91,4161252,13328115643.32,200128,2323227,0.5583
2026-04-28,LT,EQ,3212.24,3223.59,3290.65,3061.38,3104.28,3104.28,3152.10,6331351,19957051487.1,88882,4095118,0.6468
2026-04-29,LT,EQ,3104.28,3096.15,3261.70,3079.92,3227.11,3227.11,3189.58,4547829,14505664421.82,105381,2385336,0.5245
2026-04-30,LT,EQ,3227.11,3202.13,3211.03,3126.52,3176.79,3176.79,3171.45,3131906,9932683283.7,114128,1206410,0.3852
2026-05-01,LT,EQ,3176.79,3183.62,3245.29,3173.11,3210.84,3210.84,3209.75,2665942,8557007334.5,179955,1420147,0.5327
2026-05-04,LT,EQ,3210.84,3187.95,3205.31,3098.51,3127.52,3127.52,3143.78,6219802,19553689131.56,142001,2783361,0.4475
2026-05-05,LT,EQ,3127.52,3130.48,3146.33,3109.28,3115.97,3115.97,3123.86,4015014,12542341634.04,65171,2462810,0.6134
2026-05-06,LT,EQ,3115.97,3119.71,3158.96,3062.26,3088.18,3088.18,3103.13,2251884,6987888796.92,142329,876208,0.3891
2026-05-07,LT,EQ,3088.18,3089.92,3157.79,3058.23,3139.41,3139.41,3118.48,3579649,11163063813.52,109396,2279878,0.6369
2026-05-08,LT,EQ,3139.41,3127.36,3159.21,3091.41,3130.18,3130.18,3126.93,3169883,9912002249.19,102312,1504109,0.4745
2026-05-11,LT,EQ,3130.18,3130.84,3209.87,3094.24,3184.63,3184.63,3162.91,2967657,9386432001.87,98170,1517363,0.5113
2026-05-12,LT,EQ,3184.63,3201.99,3270.22,3194.66,3240.02,3240.02,3234.97,3171501,10259710589.97,208576,1713879,0.5404
2026-05-13,LT,EQ,3240.02,3233.48,3243.31,3192.52,3231.56,3231.56,3222.46,2317481,7467989823.26,70145,1130467,0.4878
2026-05-14,LT,EQ,3231.56,3242.55,3253.84,3216.09,3238.77,3238.77,3236.23,3174249,10272599841.27,132349,1402383,0.4418
2026-05-15,LT,EQ,3238.77,3243.04,3252.28,3160.52,3201.32,3201.32,3204.71,2568644,8231759113.24,188575,1174384,0.4572
2026-05-18,LT,EQ,3201.32,3180.45,3209.63,3132.20,3160.90,3160.90,3167.58,3865863,12245430321.54,90723,1839764,0.4759
2026-05-19,LT,EQ,3160.90,3140.35,3170.98,3096.91,3114.69,3114.69,3127.53,5331286,16673756903.58,65302,2648583,0.4968
2026-05-20,LT,EQ,3114.69,3113.60,3132.34,3059.65,3096.48,3096.48,3096.16,4736628,14665358148.48,64649,2547359,0.5378
2026-05-21,LT,EQ,3096.48,3123.22,3155.63,3084.73,3144.48,3144.48,3128.28,1992337,6232587990.36,201869,1170100,0.5873
2026-05-22,LT,EQ,3144.48,3152.73,3201.13,3110.60,3119.42,3119.42,3143.72,3208801,10087571879.72,184821,1397754,0.4356
2026-05-25,LT,EQ,3119.42,3137.62,3196.71,3108.26,3118.42,3118.42,3141.13,3747669,11771915525.97,111654,1936421,0.5167
2026-05-26,LT,EQ,3118.42,3118.73,3171.25,3107.05,3157.30,3157.30,3145.20,6363271,20013759949.2,110006,2682755,0.4216
2026-05-27,LT,EQ,3157.30,3132.21,3203.50,3107.19,3183.53,3183.53,3164.74,2552094,8076713965.56,130944,1198974,0.4698
2026-05-28,LT,EQ,3183.53,3182.91,3255.73,3163.54,3245.24,3245.24,3221.50,3126742,10072799353.0,98498,1932014,0.6179
2026-05-29,LT,EQ,3245.24,3233.55,3263.04,3175.48,3234.05,3234.05,3224.19,2094178,6752027765.82,193340,856519,0.409
2026-06-01,LT,EQ,3234.05,3235.40,3246.92,3187.55,3232.55,3232.55,3222.34,2723651,8776529563.34,200371,1625747,0.5969
2026-06-02,LT,EQ,3232.55,3250.83,3296.56,3194.27,3272.60,3272.60,3254.48,1770662,5762584065.76,207881,741730,0.4189
2026-06-03,LT,EQ,3272.60,3284.92,3294.81,3248.66,3286.31,3286.31,3276.59,4258999,13954993533.41,198564,1876941,0.4407
2026-06-04,LT,EQ,3286.31,3258.71,3308.66,3215.18,3230.88,3230.88,3251.57,3800176,12356538276.32,75422,1894768,0.4986
2026-06-05,LT,EQ,3230.88,3219.48,3250.11,3153.27,3199.46,3199.46,3200.95,4060379,12997070160.05,85295,1738654,0.4282
2026-06-08,LT,EQ,3199.46,3194.94,3201.76,3131.95,3147.16,3147.16,3160.29,2041428,6451504494.12,173322,1235472,0.6052
2026-06-09,LT,EQ,3147.16,3178.05,3188.36,3163.62,3175.64,3175.64,3175.87,2076555,6594868727.85,82895,874022,0.4209
2026-06-10,LT,EQ,3175.64,3162.01,3188.84,3139.51,3170.61,3170.61,3166.32,2017291,6387388839.12,64190,874697,0.4336
2026-06-11,LT,EQ,3170.61,3192.51,3208.13,3183.76,3194.27,3194.27,3195.39,2093561,6689743883.79,160315,1268907,0.6061
2026-06-12,LT,EQ,3194.27,3174.27,3232.68,3165.35,3201.49,3201.49,3199.84,2593858,8299930582.72,80509,1434144,0.5529
2026-06-15,LT,EQ,3201.49,3202.37,3254.02,3135.28,3162.89,3162.89,3184.06,1750238,5572862806.28,107427,1054868,0.6027
2026-06-16,LT,EQ,3162.89,3169.76,3232.38,3126.78,3180.88,3180.88,3180.01,3905147,12418406511.47,155395,2347384,0.6011
2026-06-17,LT,EQ,3180.88,3177.37,3206.65,3170.31,3180.94,3180.94,3185.97,2069634,6593791834.98,90151,1341744,0.6483
2026-06-18,LT,EQ,3180.94,3172.35,3187.14,3114.54,3133.50,3133.50,3145.06,4088598,12858886025.88,219995,1595371,0.3902
2026-06-19,LT,EQ,3133.50,3136.36,3175.52,3124.39,3153.32,3153.32,3151.08,4410396,13897510627.68,133065,1846633,0.4187
2026-06-22,LT,EQ,3153.32,3155.94,3162.36,3112.23,3155.88,3155.88,3143.49,2270132,7136137240.68,179036,1188868,0.5237
2026-06-23,LT,EQ,3155.88,3161.01,3169.42,3026.57,3096.70,3096.70,3097.56,2218276,6871243006.56,69123,1210735,0.5458
2026-06-24,LT,EQ,3096.70,3087.18,3147.90,3037.40,3125.45,3125.45,3103.58,2901943,9006412255.94,168222,1850279,0.6376
2026-06-25,LT,EQ,3125.45,3128.54,3163.55,3047.50,3093.09,3093.09,3101.38,3588782,11130176719.16,94652,1892365,0.5273
2026-06-26,LT,EQ,3093.09,3089.33,3154.14,3035.96,3126.06,3126.06,3105.39,4614471,14329732098.69,75616,2531499,0.5486
2026-06-29,LT,EQ,3126.06,3112.89,3193.45,3098.89,3154.90,3154.90,3149.08,2214021,6972129250.68,210278,1017121,0.4594
2026-06-30,LT,EQ,3154.90,3153.66,3186.00,3129.66,3172.94,3172.94,3162.87,4830659,15278746431.33,112551,2881488,0.5965
2026-07-01,LT,EQ,3172.94,3178.23,3188.19,3155.73,3164.50,3164.50,3169.47,2394972,7590791904.84,172471,1305739,0.5452
2026-07-02,LT,EQ,3164.50,3175.86,3230.15,3159.80,3190.76,3190.76,3193.57,3015069,9628833906.33,202008,1637182,0.543
2026-07-03,LT,EQ,3190.76,3191.49,3246.14,3181.77,3194.08,3194.08,3207.33,3822103,12258745614.99,63855,1461190,0.3823
2026-07-06,LT,EQ,3194.08,3194.28,3205.77,3108.92,3125.77,3125.77,3146.82,4668625,14691322522.5,128168,2405276,0.5152
2026-07-07,LT,EQ,3125.77,3139.06,3156.94,3087.87,3120.73,3120.73,3121.85,3879099,12109965213.15,156178,2443832,0.63
2026-07-08,LT,EQ,3120.73,3130.57,3148.04,3074.04,3090.41,3090.41,3104.16,3622341,11244326038.56,78370,1762631,0.4866
2026-07-09,LT,EQ,3090.41,3081.05,3173.18,3071.78,3124.21,3124.21,3123.06,5210852,16273803447.12,121320,3341198,0.6412
2026-07-10,LT,EQ,3124.21,3108.89,3144.65,2974.89,3018.43,3018.43,3045.99,3363246,10244413683.54,170443,1557519,0.4631
2026-07-13,LT,EQ,3018.43,3026.91,3057.49,3008.02,3030.34,3030.34,3031.95,2875406,8718087221.7,83508,1180929,0.4107
2026-07-14,LT,EQ,3030.34,3022.74,3106.69,2998.21,3086.87,3086.87,3063.92,1613696,4944235448.32,129555,925777,0.5737
2026-07-15,LT,EQ,3086.87,3082.64,3127.06,3076.27,3101.69,3101.69,3101.67,2150475,6670063793.25,197562,925349,0.4303
2026-07-16,LT,EQ,3101.69,3122.80,3172.58,3095.31,3148.86,3148.86,3138.92,2017221,6331895341.32,136484,1167568,0.5788
2026-07-17,LT,EQ,3148.86,3147.80,3165.47,3096.44,3144.82,3144.82,3135.58,2541190,7968104540.2,130332,1173267,0.4617
2026-07-20,LT,EQ,3144.82,3150.12,3168.41,3098.83,3112.05,3112.05,3126.43,2747481,8589807022.83,79568,1610573,0.5862
2026-07-21,LT,EQ,3112.05,3126.18,3153.11,3016.71,3087.38,3087.38,3085.73,3908203,12059659243.19,85903,1694597,0.4336
2026-07-22,LT,EQ,3087.38,3077.32,3148.44,3062.73,3107.28,3107.28,3106.15,4497589,13970186072.35,71655,2150297,0.4781
2026-07-23,LT,EQ,3107.28,3128.77,3212.58,3072.96,3174.56,3174.56,3153.37,2631880,8299291435.6,115994,1441481,0.5477
2026-07-24,LT,EQ,3174.56,3207.90,3216.58,3159.38,3172.81,3172.81,3182.92,3981255,12672016164.6,198297,2350931,0.5905
2026-07-27,LT,EQ,3172.81,3173.77,3184.45,3130.08,3152.86,3152.86,3155.80,3537807,11164611330.6,143868,1510290,0.4269
2026-07-28,LT,EQ,3152.86,3144.60,3189.51,3130.73,3138.71,3138.71,3152.98,2656881,8377092655.38,146343,1534614,0.5776
2026-07-29,LT,EQ,3138.71,3134.26,3205.67,3108.92,3136.02,3136.02,3150.20,3562645,11223044279.0,70147,1439665,0.4041
2026-07-30,LT,EQ,3136.02,3124.81,3173.27,3096.58,3161.92,3161.92,3143.92,1470496,4623121784.32,219847,634960,0.4318
2026-07-31,LT,EQ,3161.92,3139.65,3186.84,3123.20,3167.22,3167.22,3159.09,3813503,12047199192.27,156853,2083698,0.5464
2026-08-03,LT,EQ,3167.22,3159.35,3219.04,3150.89,3181.48,3181.48,3183.80,4153328,13223365686.4,90529,2483690,0.598
2026-08-04,LT,EQ,3181.48,3168.37,3178.20,3098.44,3105.03,3105.03,3127.22,2168901,6782630585.22,96923,1166869,0.538
2026-08-05,LT,EQ,3105.03,3116.92,3175.46,3078.93,3142.00,3142.00,3132.13,4228062,13242839832.06,193134,1691648,0.4001
2026-08-06,LT,EQ,3142.00,3154.95,3183.86,3145.06,3166.04,3166.04,3164.99,2798091,8855930034.09,158430,1196464,0.4276
2026-08-07,LT,EQ,3166.04,3173.26,3181.18,3031.95,3052.29,3052.29,3088.47,2791128,8620315094.16,188162,1072910,0.3844
2026-08-10,LT,EQ,3052.29,3053.99,3110.11,3033.88,3071.86,3071.86,3071.95,3086441,9481392429.95,212116,1675629,0.5429
2026-08-11,LT,EQ,3071.86,3042.96,3059.92,3017.41,3053.55,3053.55,3043.63,3896048,11858128574.24,216899,2103866,0.54
2026-08-12,LT,EQ,3053.55,3071.59,3090.86,2998.28,3039.25,3039.25,3042.80,2716579,8266006581.2,193010,1729103,0.6365
2026-08-13,LT,EQ,3039.25,3040.80,3057.74,3021.92,3037.41,3037.41,3039.02,1836805,5582087131.1,101886,699455,0.3808
2026-08-14,LT,EQ,3037.41,3041.23,3077.43,3002.13,3019.05,3019.05,3032.87,1335712,4051040853.44,103177,617633,0.4624
2026-08-17,LT,EQ,3019.05,3011.12,3036.38,2957.08,3021.62,3021.62,3005.03,4635966,13931216908.98,197151,2250298,0.4854
2026-08-18,LT,EQ,3021.62,3021.49,3060.37,2959.50,2991.85,2991.85,3003.91,3044961,9146788797.51,98448,1588861,0.5218
2026-08-19,LT,EQ,2991.85,2981.41,3032.78,2963.79,3011.02,3011.02,3002.53,5034082,15114982227.46,156081,2907182,0.5775
2026-08-20,LT,EQ,3011.02,3020.87,3155.57,2999.27,3106.26,3106.26,3087.03,2738238,8453022853.14,108252,1489054,0.5438
2026-08-21,LT,EQ,3106.26,3088.07,3115.50,3025.15,3038.83,3038.83,3059.83,4890494,14964080256.02,181230,2166489,0.443
2026-08-24,LT,EQ,3038.83,3012.55,3026.76,2943.36,2959.19,2959.19,2976.44,2887102,8593285876.88,216304,1254735,0.4346
2026-08-25,LT,EQ,2959.19,2948.92,3003.34,2913.21,2992.67,2992.67,2969.74,3306370,9819059243.8,83981,1645580,0.4977
2026-08-26,LT,EQ,2992.67,2988.43,3032.42,2982.40,2992.84,2992.84,3002.55,3979500,11948647725.0,155261,2417546,0.6075
2026-08-27,LT,EQ,2992.84,3004.41,3032.58,2967.72,2983.18,2983.18,2994.49,5790281,17338938551.69,110644,2790915,0.482
2026-08-28,LT,EQ,2983.18,3001.76,3020.37,2962.15,2982.68,2982.68,2988.40,3933750,11755618500.0,117301,1549898,0.394
2026-08-31,LT,EQ,2982.68,2986.07,3019.60,2978.71,2989.55,2989.55,2995.95,2002532,5999485745.4,95947,930176,0.4645
2026-09-01,LT,EQ,2989.55,2967.68,3009.41,2872.72,2935.65,2935.65,2939.26,2442773,7179944967.98,88480,1231890,0.5043
2026-09-02,LT,EQ,2935.65,2925.75,2983.37,2887.73,2955.46,2955.46,2942.19,3480031,10238912407.89,202234,1664499,0.4783
2026-09-03,LT,EQ,2955.46,2953.83,2976.47,2884.47,2909.36,2909.36,2923.43,5912938,17286060337.34,167920,3124988,0.5285
2026-09-04,LT,EQ,2909.36,2911.26,2918.23,2873.41,2901.27,2901.27,2897.64,2942450,8526160818.0,82742,1870221,0.6356
2026-09-07,LT,EQ,2901.27,2881.99,2945.16,2846.25,2901.95,2901.95,2897.79,3665544,10621976747.76,134734,1961799,0.5352
2026-09-08,LT,EQ,2901.95,2904.72,2933.68,2804.95,2836.00,2836.00,2858.21,3937915,11255388032.15,123880,1839400,0.4671
2026-09-09,LT,EQ,2836.00,2850.62,2899.71,2819.85,2834.01,2834.01,2851.19,3553926,10132918271.94,156854,1979181,0.5569
2026-09-10,LT,EQ,2834.01,2815.54,2829.51,2784.77,2798.69,2798.69,2804.32,2519252,7064788768.64,179776,1223601,0.4857
2026-09-11,LT,EQ,2798.69,2805.39,2828.05,2756.51,2763.24,2763.24,2782.60,1968925,5478730705.0,219585,1023250,0.5197
2026-09-14,LT,EQ,2763.24,2748.85,2863.05,2725.67,2815.93,2815.93,2801.55,1869976,5238831262.8,185731,1133205,0.606
2026-09-15,LT,EQ,2815.93,2833.12,2845.56,2730.90,2781.40,2781.40,2785.95,2668871,7435341162.45,131659,1696068,0.6355
